﻿"id","sku","name","description","short_description","breadcrumb","images","attribute_0_value","attribute_0_name","regular_price"
"agnps","#BK226","Hoa giỏ BK 226","<p style=""margin-left:9.0pt;""><strong>SÓNG - BỜ</strong></p>
<p style=""margin-left:9.0pt;""><strong>Sóng - bờ</strong> là giỏ&nbsp;hoa được lấy cảm hứng từ nỗi nhớ da diết của các cặp đôi yêu xa. Với tông màu đỏ chủ đạo của Hoa Hồng Đỏ, kết hợp cùng những Chuỗi Ngọc nhỏ xinh thầm gửi đi thông điệp đợi chờ ngày hạnh phúc. Tuy mỗi người một nơi, nhưng lúc nào lòng cũng hướng về nhau.&nbsp;Mẫu hoa thích hợp để thể hiện nỗi nhớ vô bờ đối với những người thân yêu trong các dịp lễ.</p>
","
<p>Hoa Giỏ&nbsp;gồm Lan Hồ Điệp, Hoa Hồng, Chuỗi ngọc cùng các loại hoa lá phụ liệu khác.</p>
","Hoa giỏ","https://hoatuoi360.com/contents/images/Products/hoa-gio/hoa-gio-bk-226.jpg","Bình thường","Kích thước",1900000
"agnps","#BK226","Hoa giỏ BK 226","<p style=""margin-left:9.0pt;""><strong>SÓNG - BỜ</strong></p>
<p style=""margin-left:9.0pt;""><strong>Sóng - bờ</strong> là giỏ&nbsp;hoa được lấy cảm hứng từ nỗi nhớ da diết của các cặp đôi yêu xa. Với tông màu đỏ chủ đạo của Hoa Hồng Đỏ, kết hợp cùng những Chuỗi Ngọc nhỏ xinh thầm gửi đi thông điệp đợi chờ ngày hạnh phúc. Tuy mỗi người một nơi, nhưng lúc nào lòng cũng hướng về nhau.&nbsp;Mẫu hoa thích hợp để thể hiện nỗi nhớ vô bờ đối với những người thân yêu trong các dịp lễ.</p>
","
<p>Hoa Giỏ&nbsp;gồm Lan Hồ Điệp, Hoa Hồng, Chuỗi ngọc cùng các loại hoa lá phụ liệu khác.</p>
","Hoa giỏ","https://hoatuoi360.com/contents/images/Products/hoa-gio/hoa-gio-bk-226.jpg","Lớn hơn (+30%)","Kích thước",2470000
"pfkj","#BK234","Hoa giỏ BK 234",,"
","Hoa giỏ","https://hoatuoi360.com/contents/images/Products/hoa-gio/hoa-gio-bk-234.jpg","Bình thường","Kích thước",1000000
"pfkj","#BK234","Hoa giỏ BK 234",,"
","Hoa giỏ","https://hoatuoi360.com/contents/images/Products/hoa-gio/hoa-gio-bk-234.jpg","Lớn hơn (+30%)","Kích thước",1300000
"macqs","#BK236","Hoa giỏ BK 236","<p style=""margin-left:9.0pt;""><strong>BẾN TÌNH</strong></p>
<p style=""margin-left:9.0pt;"">“Thay ta nhé, hỡi lời ca, giọng hát,</p>
<p style=""margin-left:9.0pt;"">Chở con thuyền lạc bến tình thơ.”</p>
<p style=""margin-left:9.0pt;"">Những cành Địa Lan được thiết kế nổi lên trên, cao hẳn hơn so với Hoa Hồng, Lan Hồ Điệp,&nbsp;như hình ảnh của chiếc thuyền lạc&nbsp;vào bến tình bao la, bát ngát, sinh động của những loài hoa. Món quà là lời nhắn nhủ yêu thương: “Anh đã lạc vào tim em” chắc chắn sẽ làm những người yêu thương của bạn rung động trong các dịp lễ đặc biệt.</p>
<p style=""margin-left:9.0pt;"">&nbsp;</p>
","
<p>Hoa Hộp đẹp dịu dàng với Địa Lan, Lan Hồ Điệp, Hoa Hồng cùng các loại hoa lá phụ kiện khác.</p>
","Hoa giỏ","https://hoatuoi360.com/contents/images/Products/Hoa%20Gio/hoa-gio-bx-236.jpg","Bình thường","Kích thước",2000000
"macqs","#BK236","Hoa giỏ BK 236","<p style=""margin-left:9.0pt;""><strong>BẾN TÌNH</strong></p>
<p style=""margin-left:9.0pt;"">“Thay ta nhé, hỡi lời ca, giọng hát,</p>
<p style=""margin-left:9.0pt;"">Chở con thuyền lạc bến tình thơ.”</p>
<p style=""margin-left:9.0pt;"">Những cành Địa Lan được thiết kế nổi lên trên, cao hẳn hơn so với Hoa Hồng, Lan Hồ Điệp,&nbsp;như hình ảnh của chiếc thuyền lạc&nbsp;vào bến tình bao la, bát ngát, sinh động của những loài hoa. Món quà là lời nhắn nhủ yêu thương: “Anh đã lạc vào tim em” chắc chắn sẽ làm những người yêu thương của bạn rung động trong các dịp lễ đặc biệt.</p>
<p style=""margin-left:9.0pt;"">&nbsp;</p>
","
<p>Hoa Hộp đẹp dịu dàng với Địa Lan, Lan Hồ Điệp, Hoa Hồng cùng các loại hoa lá phụ kiện khác.</p>
","Hoa giỏ","https://hoatuoi360.com/contents/images/Products/Hoa%20Gio/hoa-gio-bx-236.jpg","Lớn hơn (+30%)","Kích thước",2600000
"fni4s","#BK239","Hoa giỏ BK 239","<p style=""margin-left:9.0pt;""><strong>THANH THOÁT</strong></p>
<p style=""margin-left:9.0pt;"">Hoa hồng trắng thể hiện một tình yêu trong sáng và tinh tế. Ngoài ra, nó còn biểu trưng cho tình bạn thân thiết và vô tư. Kết hợp với cậy bạch môn thanh thoát và tinh tế, điểm thêm vài bông Green Wicky và Hoa hướng dương thể hiện một tình bạn gắn bó, thân thiết.</p>
<p style=""margin-left:9.0pt;"">Món quà không những thích hợp tặng cho người thương để thể hiện tình yêu thuần khiết, tặng bạn bè thể hiện lòng quýmến chân thành mà còn thích hợp tặng cho người mẹ, người cô, người chị để thể hiện sự quý trọng, yêu kính.</p>
","
<p>Hoa Giỏ thanh thoát với Hoa Hướng Dương, Green Wicky, Phi Yến, Bạch Môn, Hồng Trắng cùng các loại hoa lá phụ liệu khác.</p>
","Hoa giỏ","https://hoatuoi360.com/contents/images/Products/Hoa%20Gio/hoa-gio-bk-239.jpg","Bình thường","Kích thước",2000000
"fni4s","#BK239","Hoa giỏ BK 239","<p style=""margin-left:9.0pt;""><strong>THANH THOÁT</strong></p>
<p style=""margin-left:9.0pt;"">Hoa hồng trắng thể hiện một tình yêu trong sáng và tinh tế. Ngoài ra, nó còn biểu trưng cho tình bạn thân thiết và vô tư. Kết hợp với cậy bạch môn thanh thoát và tinh tế, điểm thêm vài bông Green Wicky và Hoa hướng dương thể hiện một tình bạn gắn bó, thân thiết.</p>
<p style=""margin-left:9.0pt;"">Món quà không những thích hợp tặng cho người thương để thể hiện tình yêu thuần khiết, tặng bạn bè thể hiện lòng quýmến chân thành mà còn thích hợp tặng cho người mẹ, người cô, người chị để thể hiện sự quý trọng, yêu kính.</p>
","
<p>Hoa Giỏ thanh thoát với Hoa Hướng Dương, Green Wicky, Phi Yến, Bạch Môn, Hồng Trắng cùng các loại hoa lá phụ liệu khác.</p>
","Hoa giỏ","https://hoatuoi360.com/contents/images/Products/Hoa%20Gio/hoa-gio-bk-239.jpg","Lớn hơn (+30%)","Kích thước",2600000
"mpiu","#BK233","Hoa Giỏ BK 233",,"
","Hoa giỏ","https://hoatuoi360.com/contents/images/Products/hoa-gio/hoa-gio-bk-233.jpg","Bình thường","Kích thước",2000000
"mpiu","#BK233","Hoa Giỏ BK 233",,"
","Hoa giỏ","https://hoatuoi360.com/contents/images/Products/hoa-gio/hoa-gio-bk-233.jpg","Lớn hơn (+30%)","Kích thước",2600000
"dgl6l","#BK230","Hoa giỏ BK 230",,"
","Hoa giỏ","https://hoatuoi360.com/contents/images/Products/Hoa%20Gio/hoa-gio-bk-230.jpg","Bình thường","Kích thước",3000000
"dgl6l","#BK230","Hoa giỏ BK 230",,"
","Hoa giỏ","https://hoatuoi360.com/contents/images/Products/Hoa%20Gio/hoa-gio-bk-230.jpg","Lớn hơn (+30%)","Kích thước",3900000
"okwc6","#BK231","Hoa Giỏ BK 231",,"
","Hoa giỏ","https://hoatuoi360.com/contents/images/Products/hoa-gio/Hoa-gio-BK-231.jpg","Bình thường","Kích thước",700000
"okwc6","#BK231","Hoa Giỏ BK 231",,"
","Hoa giỏ","https://hoatuoi360.com/contents/images/Products/hoa-gio/Hoa-gio-BK-231.jpg","Lớn hơn (+30%)","Kích thước",910000
"ovrrh","#BK240","Hoa giỏ BK 240",,"
<p>Hộp Hoa gồm Hoa Hướng Dương, Đồng Tiền, Hồng, Wicky, Trái Cây cùng các loại hoa lá phụ liệu khác.</p>
","Hoa theo chủ đề>Ngày Nhà Giáo Việt Nam 20/11","https://hoatuoi360.com/contents/images/Products/hoa-gio/gio.jpg","Bình thường","Kích thước",1000000
"ovrrh","#BK240","Hoa giỏ BK 240",,"
<p>Hộp Hoa gồm Hoa Hướng Dương, Đồng Tiền, Hồng, Wicky, Trái Cây cùng các loại hoa lá phụ liệu khác.</p>
","Hoa theo chủ đề>Ngày Nhà Giáo Việt Nam 20/11","https://hoatuoi360.com/contents/images/Products/hoa-gio/gio.jpg","Lớn hơn (+30%)","Kích thước",1300000
"6tw8","#G18009","Hoa Giỏ G 18009","<p style=""margin-left:9.0pt;""><strong>GẮN KẾT</strong></p>
<p style=""margin-left:9.0pt;"">Đối với người Phương Đông, Hoa lily&nbsp;tượng trưng cho&nbsp;sự cao sang, quý phái. Giỏ hoa với điểm nhấn là 2 bông lily&nbsp;vàng toát lên vẻ thanh tao dành riêng cho những cô nàng đài các, kiêu sa. Hoa ly còn mang ý nghĩa của sự hạnh phúc viên mãn của các cặp vợ chồng.</p>
<p style=""margin-left:9.0pt;"">Những dịp lễ như Quốc tế phụ nữ, sinh nhật,... là cơ hội để bày tỏ tình yêu thương. Giỏ&nbsp;quà thích hợp tặng cho những người phụ nữ&nbsp;thân yêu, hay tặng cho cô nàng mà ta thương thầm, trộn nhớ.</p>
","
<p>Món quà hoa <strong>Gắn Kết </strong>gồm Hoa Hồng, Lan Mokara, Lily cùng các loại hoa lá phụ liệu khác đặt trong một giỏ hoa trắng tinh khôi.</p>
","Hoa theo chủ đề>Ngày Quốc Tế Phụ Nữ 8/3","https://hoatuoi360.com/contents/images/Products/hoa-gio/G%2018009.JPG","Bình thường","Kích thước",300000
"6tw8","#G18009","Hoa Giỏ G 18009","<p style=""margin-left:9.0pt;""><strong>GẮN KẾT</strong></p>
<p style=""margin-left:9.0pt;"">Đối với người Phương Đông, Hoa lily&nbsp;tượng trưng cho&nbsp;sự cao sang, quý phái. Giỏ hoa với điểm nhấn là 2 bông lily&nbsp;vàng toát lên vẻ thanh tao dành riêng cho những cô nàng đài các, kiêu sa. Hoa ly còn mang ý nghĩa của sự hạnh phúc viên mãn của các cặp vợ chồng.</p>
<p style=""margin-left:9.0pt;"">Những dịp lễ như Quốc tế phụ nữ, sinh nhật,... là cơ hội để bày tỏ tình yêu thương. Giỏ&nbsp;quà thích hợp tặng cho những người phụ nữ&nbsp;thân yêu, hay tặng cho cô nàng mà ta thương thầm, trộn nhớ.</p>
","
<p>Món quà hoa <strong>Gắn Kết </strong>gồm Hoa Hồng, Lan Mokara, Lily cùng các loại hoa lá phụ liệu khác đặt trong một giỏ hoa trắng tinh khôi.</p>
","Hoa theo chủ đề>Ngày Quốc Tế Phụ Nữ 8/3","https://hoatuoi360.com/contents/images/Products/hoa-gio/G%2018009.JPG","Lớn hơn (+30%)","Kích thước",390000
"321dc","#BK238","Hoa giỏ BK 238",,"
<p>Hoa Giỏ gồm Địa Lan, Wicky, Hoa Hồng, Phi Yến, Cúc Camilero cùng các loại hoa lá phụ liệu khác.</p>
","Hoa giỏ","https://hoatuoi360.com/contents/images/Products/hoa-gio/Hoa-gio-BX-238.jpg","Bình thường","Kích thước",1000000
"321dc","#BK238","Hoa giỏ BK 238",,"
<p>Hoa Giỏ gồm Địa Lan, Wicky, Hoa Hồng, Phi Yến, Cúc Camilero cùng các loại hoa lá phụ liệu khác.</p>
","Hoa giỏ","https://hoatuoi360.com/contents/images/Products/hoa-gio/Hoa-gio-BX-238.jpg","Lớn hơn (+30%)","Kích thước",1300000
"4rxm","#BK235","Hoa giỏ BK 235",,"
","Hoa theo chủ đề>Ngày Nhà Giáo Việt Nam 20/11","https://hoatuoi360.com/contents/images/Products/hoa-gio/Hoa-gio-BX-235.jpg","Bình thường","Kích thước",1000000
"4rxm","#BK235","Hoa giỏ BK 235",,"
","Hoa theo chủ đề>Ngày Nhà Giáo Việt Nam 20/11","https://hoatuoi360.com/contents/images/Products/hoa-gio/Hoa-gio-BX-235.jpg","Lớn hơn (+30%)","Kích thước",1300000
"7aqtp","#BK229","Hoa giỏ BK 229",,"
","Hoa giỏ","https://hoatuoi360.com/contents/images/Products/hoa-gio/hoa-gio-bk-229.jpg","Bình thường","Kích thước",300000
"7aqtp","#BK229","Hoa giỏ BK 229",,"
","Hoa giỏ","https://hoatuoi360.com/contents/images/Products/hoa-gio/hoa-gio-bk-229.jpg","Lớn hơn (+30%)","Kích thước",390000
"aclz","#BK237","Hoa giỏ BK 237","<p style=""margin-left:9.0pt;"">THANH TAO</p>
<p style=""margin-left:9.0pt;"">Đối với người Phương Đông, Hoa ly tượng trưng có sự cao sang, quý phái. Hoa Giỏ&nbsp;hai&nbsp;Hoa ly với nhỏ bé&nbsp;nhưng toát lên vẻ thanh tao không bé nhỏ chút nào&nbsp;dành riêng cho những cô nàng đài các, kiêu sa. Hoa ly còn mang ý nghĩa của sự hạnh phúc viên mãn của các cặp vợ chồng.</p>
<p style=""margin-left:9.0pt;"">Hộp quà thích hợp tặng cho những người thân yêu trong những dịp kỷ niệm, dịp lễ đặc biệt với thông điệp trăm năm hòa hợp, hạnh phúc trọn đời.</p>
","
<p>Hoa Giỏ thanh tao với Hoa Ly, Lan Mokara, Đồng Tiền, Hoa Hồng cùng các loại hoa lá phụ khác.</p>
","Hoa theo chủ đề>Ngày Phụ Nữ Việt Nam 20/10","https://hoatuoi360.com/contents/images/Products/hoa-gio/Hoa-gio-BK-237.jpg","Bình thường","Kích thước",300000
"aclz","#BK237","Hoa giỏ BK 237","<p style=""margin-left:9.0pt;"">THANH TAO</p>
<p style=""margin-left:9.0pt;"">Đối với người Phương Đông, Hoa ly tượng trưng có sự cao sang, quý phái. Hoa Giỏ&nbsp;hai&nbsp;Hoa ly với nhỏ bé&nbsp;nhưng toát lên vẻ thanh tao không bé nhỏ chút nào&nbsp;dành riêng cho những cô nàng đài các, kiêu sa. Hoa ly còn mang ý nghĩa của sự hạnh phúc viên mãn của các cặp vợ chồng.</p>
<p style=""margin-left:9.0pt;"">Hộp quà thích hợp tặng cho những người thân yêu trong những dịp kỷ niệm, dịp lễ đặc biệt với thông điệp trăm năm hòa hợp, hạnh phúc trọn đời.</p>
","
<p>Hoa Giỏ thanh tao với Hoa Ly, Lan Mokara, Đồng Tiền, Hoa Hồng cùng các loại hoa lá phụ khác.</p>
","Hoa theo chủ đề>Ngày Phụ Nữ Việt Nam 20/10","https://hoatuoi360.com/contents/images/Products/hoa-gio/Hoa-gio-BK-237.jpg","Lớn hơn (+30%)","Kích thước",390000
"z5gx7","#BK225","Hoa giỏ BK 225",,"
","Hoa giỏ","https://hoatuoi360.com/contents/images/Products/hoa-gio/Hoa-gio-BK-219.jpg","Bình thường","Kích thước",1500000
"z5gx7","#BK225","Hoa giỏ BK 225",,"
","Hoa giỏ","https://hoatuoi360.com/contents/images/Products/hoa-gio/Hoa-gio-BK-219.jpg","Lớn hơn (+30%)","Kích thước",1950000
"jbyo","#BK224","Hoa giỏ BK 224",,"
","Hoa giỏ","https://hoatuoi360.com/contents/images/Products/hoa-gio/Hoa-gio-BK-217.jpg","Bình thường","Kích thước",900000
"jbyo","#BK224","Hoa giỏ BK 224",,"
","Hoa giỏ","https://hoatuoi360.com/contents/images/Products/hoa-gio/Hoa-gio-BK-217.jpg","Lớn hơn (+30%)","Kích thước",1170000
"b1cmv","#BK227","Hoa giỏ BK 227",,"
","Hoa theo chủ đề>Ngày Phụ Nữ Việt Nam 20/10","https://hoatuoi360.com/contents/images/Products/hoa-gio/Hoa-hoa-BX-215.jpg","Bình thường","Kích thước",1900000
"b1cmv","#BK227","Hoa giỏ BK 227",,"
","Hoa theo chủ đề>Ngày Phụ Nữ Việt Nam 20/10","https://hoatuoi360.com/contents/images/Products/hoa-gio/Hoa-hoa-BX-215.jpg","Lớn hơn (+30%)","Kích thước",2470000
"1945o","#BK222","Hoa giỏ BK 222",,"
","Hoa giỏ","https://hoatuoi360.com/contents/images/Products/hoa-gio/Hoa-gio-BK-214.jpg","Bình thường","Kích thước",1500000
"1945o","#BK222","Hoa giỏ BK 222",,"
","Hoa giỏ","https://hoatuoi360.com/contents/images/Products/hoa-gio/Hoa-gio-BK-214.jpg","Lớn hơn (+30%)","Kích thước",1950000
"1vvaj","#BK221","Hoa giỏ BK 221",,"
","Hoa giỏ","https://hoatuoi360.com/contents/images/Products/hoa-gio/Hoa-gio-BK.jpg","Bình thường","Kích thước",700000
"1vvaj","#BK221","Hoa giỏ BK 221",,"
","Hoa giỏ","https://hoatuoi360.com/contents/images/Products/hoa-gio/Hoa-gio-BK.jpg","Lớn hơn (+30%)","Kích thước",910000
"cnppx","#BK219","Hoa giỏ BK 219",,"
","Hoa giỏ","https://hoatuoi360.com/contents/images/Products/hoa-gio/Hoa-gio-BK-218.jpg","Bình thường","Kích thước",1000000
"cnppx","#BK219","Hoa giỏ BK 219",,"
","Hoa giỏ","https://hoatuoi360.com/contents/images/Products/hoa-gio/Hoa-gio-BK-218.jpg","Lớn hơn (+30%)","Kích thước",1300000
"n6iwl","#BK218","Hoa giỏ BK 218",,"
","Hoa giỏ","https://hoatuoi360.com/contents/images/Products/hoa-gio/Hoa%20gio.jpg","Bình thường","Kích thước",1500000
"n6iwl","#BK218","Hoa giỏ BK 218",,"
","Hoa giỏ","https://hoatuoi360.com/contents/images/Products/hoa-gio/Hoa%20gio.jpg","Lớn hơn (+30%)","Kích thước",1950000
"epz0a","#BK217","Hoa giỏ BK 217",,"
","Hoa theo chủ đề>Ngày Phụ Nữ Việt Nam 20/10","https://hoatuoi360.com/contents/images/Products/hoa-gio/DSC_0172.jpg","Bình thường","Kích thước",1500000
"epz0a","#BK217","Hoa giỏ BK 217",,"
","Hoa theo chủ đề>Ngày Phụ Nữ Việt Nam 20/10","https://hoatuoi360.com/contents/images/Products/hoa-gio/DSC_0172.jpg","Lớn hơn (+30%)","Kích thước",1950000
"a974b","#BK215","Hoa giỏ BK 215",,"
","Hoa giỏ","https://hoatuoi360.com/contents/images/Products/hoa-gio/DSC_0260(1).jpg","Bình thường","Kích thước",500000
"a974b","#BK215","Hoa giỏ BK 215",,"
","Hoa giỏ","https://hoatuoi360.com/contents/images/Products/hoa-gio/DSC_0260(1).jpg","Lớn hơn (+30%)","Kích thước",650000
"9sfm","#BK214","Hoa giỏ BK 214",,"
","Hoa giỏ","https://hoatuoi360.com/contents/images/Products/hoa-gio/DSC_0219.jpg","Bình thường","Kích thước",1000000
"9sfm","#BK214","Hoa giỏ BK 214",,"
","Hoa giỏ","https://hoatuoi360.com/contents/images/Products/hoa-gio/DSC_0219.jpg","Lớn hơn (+30%)","Kích thước",1300000
"3j7fv","#BK213","Hoa giỏ BK 213",,"
","Hoa giỏ","https://hoatuoi360.com/contents/images/Products/hoa-gio/DSC_0254.jpg","Bình thường","Kích thước",500000
"3j7fv","#BK213","Hoa giỏ BK 213",,"
","Hoa giỏ","https://hoatuoi360.com/contents/images/Products/hoa-gio/DSC_0254.jpg","Lớn hơn (+30%)","Kích thước",650000
"jh9cw","#BK060","Hoa giỏ BK 060",,"
","Hoa giỏ","https://hoatuoi360.com/contents/images/Products/Hoa%20Gio/Hoa-Gio-BK-060.jpg","Bình thường","Kích thước",1500000
"jh9cw","#BK060","Hoa giỏ BK 060",,"
","Hoa giỏ","https://hoatuoi360.com/contents/images/Products/Hoa%20Gio/Hoa-Gio-BK-060.jpg","Lớn hơn (+30%)","Kích thước",1950000
"it8i","#BK059","Hoa Giỏ BK 059",,"
","Hoa giỏ","https://hoatuoi360.com/contents/images/Products/Hoa%20Gio/Hoa-Gio-BK-059.jpg","Bình thường","Kích thước",900000
"it8i","#BK059","Hoa Giỏ BK 059",,"
","Hoa giỏ","https://hoatuoi360.com/contents/images/Products/Hoa%20Gio/Hoa-Gio-BK-059.jpg","Lớn hơn (+30%)","Kích thước",1170000
"1xzh","#GF18011","Hoa Giỏ GF 18011","<p><strong>QUYỀN LỰC</strong></p>
<p>Màu đỏ là một màu sắc tính chất mạnh mẽ, đầy năng lượng, có khả năng thu hút sự chú ý có thể làm biểu tượng cho sức mạnh, sự tự tin và quyền lực. Tất cả các loại hoa được cắm trong Hộp Hoa đều mang màu đỏ cùng mang chung một ý nghĩa - Chúc người nhận luôn&nbsp;quyết đoán, nhiệt huyết. Đây chính là món quà dành tặng những người bạn yêu thương, kính trọng.</p>
","
<p>Hộp Hoa gồm Hoa Hạnh Phúc, Hồng Môn, Táo đỏ cùng các loại hoa lá phụ liệu khác.</p>
","Hoa theo chủ đề>Ngày Quốc Tế Phụ Nữ 8/3","https://hoatuoi360.com/contents/images/Products/hoa-gio/GF%2018011.jpg","Bình thường","Kích thước",1500000
"1xzh","#GF18011","Hoa Giỏ GF 18011","<p><strong>QUYỀN LỰC</strong></p>
<p>Màu đỏ là một màu sắc tính chất mạnh mẽ, đầy năng lượng, có khả năng thu hút sự chú ý có thể làm biểu tượng cho sức mạnh, sự tự tin và quyền lực. Tất cả các loại hoa được cắm trong Hộp Hoa đều mang màu đỏ cùng mang chung một ý nghĩa - Chúc người nhận luôn&nbsp;quyết đoán, nhiệt huyết. Đây chính là món quà dành tặng những người bạn yêu thương, kính trọng.</p>
","
<p>Hộp Hoa gồm Hoa Hạnh Phúc, Hồng Môn, Táo đỏ cùng các loại hoa lá phụ liệu khác.</p>
","Hoa theo chủ đề>Ngày Quốc Tế Phụ Nữ 8/3","https://hoatuoi360.com/contents/images/Products/hoa-gio/GF%2018011.jpg","Lớn hơn (+30%)","Kích thước",1950000
"pib9d7","#BK075","Hoa Giỏ BK 075",,"
","Hoa giỏ","https://hoatuoi360.com/contents/images/Products/Hoa%20Gio/Hoa-Gio-BK-075.jpg","Bình thường","Kích thước",1900000
"pib9d7","#BK075","Hoa Giỏ BK 075",,"
","Hoa giỏ","https://hoatuoi360.com/contents/images/Products/Hoa%20Gio/Hoa-Gio-BK-075.jpg","Lớn hơn (+30%)","Kích thước",2470000
"b2mmq","#BK223","Hoa Giỏ BK 223",,"
","Hoa giỏ","https://hoatuoi360.com/contents/images/Products/hoa-gio/Hoa-gio-BK-216.jpg","Bình thường","Kích thước",1500000
"b2mmq","#BK223","Hoa Giỏ BK 223",,"
","Hoa giỏ","https://hoatuoi360.com/contents/images/Products/hoa-gio/Hoa-gio-BK-216.jpg","Lớn hơn (+30%)","Kích thước",1950000
"rjyd","#BK-056","Hoa giỏ BK-056",,"
","Hoa giỏ","https://hoatuoi360.com/contents/images/Products/Hoa%20Gio/Hoa-Gio-BK-056.jpg","Bình thường","Kích thước",700000
"rjyd","#BK-056","Hoa giỏ BK-056",,"
","Hoa giỏ","https://hoatuoi360.com/contents/images/Products/Hoa%20Gio/Hoa-Gio-BK-056.jpg","Lớn hơn (+30%)","Kích thước",910000
"fj0g","#BK220","Hoa Giỏ BK 220",,"
","Hoa theo chủ đề>Ngày Phụ Nữ Việt Nam 20/10","https://hoatuoi360.com/contents/images/Products/hoa-gio/Hoa-gio-BK-.jpg","Bình thường","Kích thước",2000000
"fj0g","#BK220","Hoa Giỏ BK 220",,"
","Hoa theo chủ đề>Ngày Phụ Nữ Việt Nam 20/10","https://hoatuoi360.com/contents/images/Products/hoa-gio/Hoa-gio-BK-.jpg","Lớn hơn (+30%)","Kích thước",2600000
"swkfe","#BK-064","Hoa giỏ BK-064",,"
","Hoa giỏ","https://hoatuoi360.com/contents/images/Products/Hoa%20Gio/Hoa-Gio-BK-064.jpg","Bình thường","Kích thước",1900000
"swkfe","#BK-064","Hoa giỏ BK-064",,"
","Hoa giỏ","https://hoatuoi360.com/contents/images/Products/Hoa%20Gio/Hoa-Gio-BK-064.jpg","Lớn hơn (+30%)","Kích thước",2470000
"h6747ev","#BK-069","Hoa Giỏ BK-069",,"
","Hoa giỏ","https://hoatuoi360.com/contents/images/Products/Hoa%20Gio/Hoa-Gio-BK-069.jpg","Bình thường","Kích thước",700000
"h6747ev","#BK-069","Hoa Giỏ BK-069",,"
","Hoa giỏ","https://hoatuoi360.com/contents/images/Products/Hoa%20Gio/Hoa-Gio-BK-069.jpg","Lớn hơn (+30%)","Kích thước",910000
"0yooe","#BK-072","Hoa giỏ BK-072",,"
","Hoa giỏ","https://hoatuoi360.com/contents/images/Products/Hoa%20Gio/Hoa-Gio-BK-072.jpg","Bình thường","Kích thước",1900000
"0yooe","#BK-072","Hoa giỏ BK-072",,"
","Hoa giỏ","https://hoatuoi360.com/contents/images/Products/Hoa%20Gio/Hoa-Gio-BK-072.jpg","Lớn hơn (+30%)","Kích thước",2470000
"uri9c","#BK076","Hoa giỏ BK 076",,"
","Hoa giỏ","https://hoatuoi360.com/contents/images/Products/Hoa%20Gio/Hoa-Gio-BK-076.jpg","Bình thường","Kích thước",1000000
"uri9c","#BK076","Hoa giỏ BK 076",,"
","Hoa giỏ","https://hoatuoi360.com/contents/images/Products/Hoa%20Gio/Hoa-Gio-BK-076.jpg","Lớn hơn (+30%)","Kích thước",1300000
"0mujk","#BK-071","Hoa giỏ BK-071",,"
","Hoa giỏ","https://hoatuoi360.com/contents/images/Products/Hoa%20Gio/Hoa-Gio-BK-071.jpg","Bình thường","Kích thước",1500000
"0mujk","#BK-071","Hoa giỏ BK-071",,"
","Hoa giỏ","https://hoatuoi360.com/contents/images/Products/Hoa%20Gio/Hoa-Gio-BK-071.jpg","Lớn hơn (+30%)","Kích thước",1950000
"nb77m","#BK-074","Hoa giỏ BK-074",,"
","Hoa giỏ","https://hoatuoi360.com/contents/images/Products/Hoa%20Gio/Hoa-Gio-BK-074.jpg","Bình thường","Kích thước",1500000
"nb77m","#BK-074","Hoa giỏ BK-074",,"
","Hoa giỏ","https://hoatuoi360.com/contents/images/Products/Hoa%20Gio/Hoa-Gio-BK-074.jpg","Lớn hơn (+30%)","Kích thước",1950000
"4dkfq","#BK-073","Hoa Gio3 BK-073",,"
","Hoa giỏ","https://hoatuoi360.com/contents/images/Products/Hoa%20Gio/Hoa-Gio-BK-073.jpg","Bình thường","Kích thước",1000000
"4dkfq","#BK-073","Hoa Gio3 BK-073",,"
","Hoa giỏ","https://hoatuoi360.com/contents/images/Products/Hoa%20Gio/Hoa-Gio-BK-073.jpg","Lớn hơn (+30%)","Kích thước",1300000
"9r1sn","#BK-070","Hoa-Gio-BK-070",,"
","Hoa giỏ","https://hoatuoi360.com/contents/images/Products/Hoa%20Gio/Hoa-Gio-BK-070.jpg","Bình thường","Kích thước",1000000
"9r1sn","#BK-070","Hoa-Gio-BK-070",,"
","Hoa giỏ","https://hoatuoi360.com/contents/images/Products/Hoa%20Gio/Hoa-Gio-BK-070.jpg","Lớn hơn (+30%)","Kích thước",1300000
"eixkj","#BK-078","Hoa giỏ BK-078",,"
","Hoa giỏ","https://hoatuoi360.com/contents/images/Products/Hoa%20Gio/Hoa-Gio-BK-078.jpg","Bình thường","Kích thước",1000000
"eixkj","#BK-078","Hoa giỏ BK-078",,"
","Hoa giỏ","https://hoatuoi360.com/contents/images/Products/Hoa%20Gio/Hoa-Gio-BK-078.jpg","Lớn hơn (+30%)","Kích thước",1300000
"nk32m","#BK-066","Hoa giỏ BK-066",,"
","Hoa giỏ","https://hoatuoi360.com/contents/images/Products/Hoa%20Gio/Hoa-Gio-BK-065.jpg","Bình thường","Kích thước",900000
"nk32m","#BK-066","Hoa giỏ BK-066",,"
","Hoa giỏ","https://hoatuoi360.com/contents/images/Products/Hoa%20Gio/Hoa-Gio-BK-065.jpg","Lớn hơn (+30%)","Kích thước",1170000
"ae74","#BK-065","Hoa giỏ BK-065",,"
","Hoa giỏ","https://hoatuoi360.com/contents/images/Products/Hoa%20Gio/Hoa-Gio-BK-061.jpg","Bình thường","Kích thước",900000
"ae74","#BK-065","Hoa giỏ BK-065",,"
","Hoa giỏ","https://hoatuoi360.com/contents/images/Products/Hoa%20Gio/Hoa-Gio-BK-061.jpg","Lớn hơn (+30%)","Kích thước",1170000
"yq7ak","#BK-077","Hoa giỏ BK-077",,"
","Hoa giỏ","https://hoatuoi360.com/contents/images/Products/Hoa%20Gio/Hoa-Gio-BK-077.jpg","Bình thường","Kích thước",1000000
"yq7ak","#BK-077","Hoa giỏ BK-077",,"
","Hoa giỏ","https://hoatuoi360.com/contents/images/Products/Hoa%20Gio/Hoa-Gio-BK-077.jpg","Lớn hơn (+30%)","Kích thước",1300000
"857oq","#BK-058","Hoa giỏ BK-058",,"
","Hoa giỏ","https://hoatuoi360.com/contents/images/Products/Hoa%20Gio/Hoa-Gio-BK-58.jpg","Bình thường","Kích thước",1500000
"857oq","#BK-058","Hoa giỏ BK-058",,"
","Hoa giỏ","https://hoatuoi360.com/contents/images/Products/Hoa%20Gio/Hoa-Gio-BK-58.jpg","Lớn hơn (+30%)","Kích thước",1950000
"vhkh","#FF001","Hoa giỏ trái cây FF 001",,"
","Hoa giỏ","https://hoatuoi360.com/contents/images/Products/hoa-gio/hoa-gio-trai-cay-FF-(L)-001.jpg","Bình thường","Kích thước",1500000
"vhkh","#FF001","Hoa giỏ trái cây FF 001",,"
","Hoa giỏ","https://hoatuoi360.com/contents/images/Products/hoa-gio/hoa-gio-trai-cay-FF-(L)-001.jpg","Lớn hơn (+30%)","Kích thước",1950000
"lpkp4","#FF002","Hoa giỏ trái cây FF 002",,"
","Hoa giỏ","https://hoatuoi360.com/contents/images/Products/hoa-gio/hoa-gio-trai-cay-FF-(L)-002.jpg","Bình thường","Kích thước",1900000
"lpkp4","#FF002","Hoa giỏ trái cây FF 002",,"
","Hoa giỏ","https://hoatuoi360.com/contents/images/Products/hoa-gio/hoa-gio-trai-cay-FF-(L)-002.jpg","Lớn hơn (+30%)","Kích thước",2470000
"2dce","#FF003","Hoa giỏ trái cây FF 003",,"
","Hoa giỏ","https://hoatuoi360.com/contents/images/Products/hoa-gio/hoa-gio-trai-cay-FF-(L)-003.jpg","Bình thường","Kích thước",1900000
"2dce","#FF003","Hoa giỏ trái cây FF 003",,"
","Hoa giỏ","https://hoatuoi360.com/contents/images/Products/hoa-gio/hoa-gio-trai-cay-FF-(L)-003.jpg","Lớn hơn (+30%)","Kích thước",2470000
"cb0gl","#FF004","Hoa giỏ trái cây FF 004",,"
","Hoa giỏ","https://hoatuoi360.com/contents/images/Products/hoa-gio/hoa-gio-trai-cay-FF-(L)-004.jpg","Bình thường","Kích thước",1900000
"cb0gl","#FF004","Hoa giỏ trái cây FF 004",,"
","Hoa giỏ","https://hoatuoi360.com/contents/images/Products/hoa-gio/hoa-gio-trai-cay-FF-(L)-004.jpg","Lớn hơn (+30%)","Kích thước",2470000
"4vn97d","#FF005","Hoa giỏ trái cây FF 005",,"
","Hoa giỏ","https://hoatuoi360.com/contents/images/Products/hoa-gio/hoa-gio-trai-cay-FF-(L)-005.jpg","Bình thường","Kích thước",2500000
"4vn97d","#FF005","Hoa giỏ trái cây FF 005",,"
","Hoa giỏ","https://hoatuoi360.com/contents/images/Products/hoa-gio/hoa-gio-trai-cay-FF-(L)-005.jpg","Lớn hơn (+30%)","Kích thước",3250000
"lfblg","#FF006","Hoa giỏ trái cây FF-006",,"
","Hoa giỏ","https://hoatuoi360.com/contents/images/Products/hoa-gio/hoa-gio-trai-cay-FF-(L)-006.jpg","Bình thường","Kích thước",2500000
"lfblg","#FF006","Hoa giỏ trái cây FF-006",,"
","Hoa giỏ","https://hoatuoi360.com/contents/images/Products/hoa-gio/hoa-gio-trai-cay-FF-(L)-006.jpg","Lớn hơn (+30%)","Kích thước",3250000
"nhd6d","#FF007","Hoa giỏ trái cây FF 007",,"
","Hoa giỏ","https://hoatuoi360.com/contents/images/Products/hoa-gio/hoa-gio-trai-cay-FF-(L)-007.jpg","Bình thường","Kích thước",2500000
"nhd6d","#FF007","Hoa giỏ trái cây FF 007",,"
","Hoa giỏ","https://hoatuoi360.com/contents/images/Products/hoa-gio/hoa-gio-trai-cay-FF-(L)-007.jpg","Lớn hơn (+30%)","Kích thước",3250000
"x8jq","#FF008","Hoa giỏ trái cây FF 008",,"
","Hoa giỏ","https://hoatuoi360.com/contents/images/Products/hoa-gio/hoa-gio-trai-cay-FF-(L)-008.jpg","Bình thường","Kích thước",1900000
"x8jq","#FF008","Hoa giỏ trái cây FF 008",,"
","Hoa giỏ","https://hoatuoi360.com/contents/images/Products/hoa-gio/hoa-gio-trai-cay-FF-(L)-008.jpg","Lớn hơn (+30%)","Kích thước",2470000
"o8e6m","#FF009","Hoa giỏ trái cây FF 009",,"
","Hoa giỏ","https://hoatuoi360.com/contents/images/Products/hoa-gio/hoa-gio-trai-cay-FF-(L)-009.jpg","Bình thường","Kích thước",2500000
"o8e6m","#FF009","Hoa giỏ trái cây FF 009",,"
","Hoa giỏ","https://hoatuoi360.com/contents/images/Products/hoa-gio/hoa-gio-trai-cay-FF-(L)-009.jpg","Lớn hơn (+30%)","Kích thước",3250000
"tukmd","#FF010","Hoa giỏ trái cây FF 010",,"
","Hoa giỏ","https://hoatuoi360.com/contents/images/Products/hoa-gio/hoa-gio-trai-cay-FF-(L)-010.jpg","Bình thường","Kích thước",2500000
"tukmd","#FF010","Hoa giỏ trái cây FF 010",,"
","Hoa giỏ","https://hoatuoi360.com/contents/images/Products/hoa-gio/hoa-gio-trai-cay-FF-(L)-010.jpg","Lớn hơn (+30%)","Kích thước",3250000
"emwm","#FF011","Hoa giỏ trái cây FF 011",,"
","Hoa giỏ","https://hoatuoi360.com/contents/images/Products/hoa-gio/hoa-gio-trai-cay-FF-(L)-011.jpg","Bình thường","Kích thước",2500000
"emwm","#FF011","Hoa giỏ trái cây FF 011",,"
","Hoa giỏ","https://hoatuoi360.com/contents/images/Products/hoa-gio/hoa-gio-trai-cay-FF-(L)-011.jpg","Lớn hơn (+30%)","Kích thước",3250000
"h0vxt","#FF012","Hoa giỏ trái cây FF 012",,"
","Hoa giỏ","https://hoatuoi360.com/contents/images/Products/hoa-gio/hoa-gio-trai-cay-FF-(L)-012.jpg","Bình thường","Kích thước",2500000
"h0vxt","#FF012","Hoa giỏ trái cây FF 012",,"
","Hoa giỏ","https://hoatuoi360.com/contents/images/Products/hoa-gio/hoa-gio-trai-cay-FF-(L)-012.jpg","Lớn hơn (+30%)","Kích thước",3250000
"3bduv","#FF013","Hoa giỏ trái cây FF 013",,"
","Hoa giỏ","https://hoatuoi360.com/contents/images/Products/hoa-gio/hoa-gio-trai-cay-FF-(L)-013.jpg","Bình thường","Kích thước",2500000
"3bduv","#FF013","Hoa giỏ trái cây FF 013",,"
","Hoa giỏ","https://hoatuoi360.com/contents/images/Products/hoa-gio/hoa-gio-trai-cay-FF-(L)-013.jpg","Lớn hơn (+30%)","Kích thước",3250000
"8psa","#FF014","Hoa giỏ trái cây FF 014",,"
","Hoa giỏ","https://hoatuoi360.com/contents/images/Products/hoa-gio/hoa-gio-trai-cay-FF-(L)-014.jpg","Bình thường","Kích thước",3000000
"8psa","#FF014","Hoa giỏ trái cây FF 014",,"
","Hoa giỏ","https://hoatuoi360.com/contents/images/Products/hoa-gio/hoa-gio-trai-cay-FF-(L)-014.jpg","Lớn hơn (+30%)","Kích thước",3900000
"saofv","#BK001","Hoa giỏ BK 001",,"
","Hoa giỏ","https://hoatuoi360.com/contents/images/Products/Hoa%20Gio/hoa-gio-BK-(L)-001.jpg","Bình thường","Kích thước",700000
"saofv","#BK001","Hoa giỏ BK 001",,"
","Hoa giỏ","https://hoatuoi360.com/contents/images/Products/Hoa%20Gio/hoa-gio-BK-(L)-001.jpg","Lớn hơn (+30%)","Kích thước",910000
"40a8p","#BK002","Hoa giỏ BK 002",,"
","Hoa giỏ","https://hoatuoi360.com/contents/images/Products/Hoa%20Gio/hoa-gio-BK-(L)-002.jpg","Bình thường","Kích thước",3000000
"40a8p","#BK002","Hoa giỏ BK 002",,"
","Hoa giỏ","https://hoatuoi360.com/contents/images/Products/Hoa%20Gio/hoa-gio-BK-(L)-002.jpg","Lớn hơn (+30%)","Kích thước",3900000
"5nbve","#BK003","Hoa giỏ BK 003",,"
","Hoa giỏ","https://hoatuoi360.com/contents/images/Products/Hoa%20Gio/hoa-gio-BK-(L)-003.jpg","Bình thường","Kích thước",3000000
"5nbve","#BK003","Hoa giỏ BK 003",,"
","Hoa giỏ","https://hoatuoi360.com/contents/images/Products/Hoa%20Gio/hoa-gio-BK-(L)-003.jpg","Lớn hơn (+30%)","Kích thước",3900000
"yd4qo","#BK004","Hoa giỏ BK 004",,"
","Hoa giỏ","https://hoatuoi360.com/contents/images/Products/Hoa%20Gio/hoa-gio-BK-(L)-004.jpg","Bình thường","Kích thước",2500000
"yd4qo","#BK004","Hoa giỏ BK 004",,"
","Hoa giỏ","https://hoatuoi360.com/contents/images/Products/Hoa%20Gio/hoa-gio-BK-(L)-004.jpg","Lớn hơn (+30%)","Kích thước",3250000
"bfxq5","#BK005","Hoa giỏ BK 005",,"
","Hoa giỏ","https://hoatuoi360.com/contents/images/Products/Hoa%20Gio/hoa-gio-BK-(L)-005.jpg","Bình thường","Kích thước",1000000
"bfxq5","#BK005","Hoa giỏ BK 005",,"
","Hoa giỏ","https://hoatuoi360.com/contents/images/Products/Hoa%20Gio/hoa-gio-BK-(L)-005.jpg","Lớn hơn (+30%)","Kích thước",1300000
"tn9z8","#BK006","Hoa giỏ BK 006",,"
","Hoa giỏ","https://hoatuoi360.com/contents/images/Products/Hoa%20Gio/hoa-gio-BK-(L)-006.jpg","Bình thường","Kích thước",900000
"tn9z8","#BK006","Hoa giỏ BK 006",,"
","Hoa giỏ","https://hoatuoi360.com/contents/images/Products/Hoa%20Gio/hoa-gio-BK-(L)-006.jpg","Lớn hơn (+30%)","Kích thước",1170000
"2h26m","#BK007","Hoa giỏ BK 007",,"
","Hoa giỏ","https://hoatuoi360.com/contents/images/Products/Hoa%20Gio/hoa-gio-BK-(L)-007.jpg","Bình thường","Kích thước",3000000
"2h26m","#BK007","Hoa giỏ BK 007",,"
","Hoa giỏ","https://hoatuoi360.com/contents/images/Products/Hoa%20Gio/hoa-gio-BK-(L)-007.jpg","Lớn hơn (+30%)","Kích thước",3900000
"hbsl","#BK008","Hoa giỏ BK 008",,"
","Hoa giỏ","https://hoatuoi360.com/contents/images/Products/Hoa%20Gio/hoa-gio-BK-(L)-008.jpg","Bình thường","Kích thước",1000000
"hbsl","#BK008","Hoa giỏ BK 008",,"
","Hoa giỏ","https://hoatuoi360.com/contents/images/Products/Hoa%20Gio/hoa-gio-BK-(L)-008.jpg","Lớn hơn (+30%)","Kích thước",1300000
"csxhh","#BK009","Hoa giỏ BK 009",,"
","Hoa giỏ","https://hoatuoi360.com/contents/images/Products/Hoa%20Gio/hoa-gio-BK-(L)-009.jpg","Bình thường","Kích thước",1900000
"csxhh","#BK009","Hoa giỏ BK 009",,"
","Hoa giỏ","https://hoatuoi360.com/contents/images/Products/Hoa%20Gio/hoa-gio-BK-(L)-009.jpg","Lớn hơn (+30%)","Kích thước",2470000
"6vcph","#BK010","Hoa giỏ BK 010",,"
","Hoa giỏ","https://hoatuoi360.com/contents/images/Products/Hoa%20Gio/hoa-gio-BK-(L)-010.jpg","Bình thường","Kích thước",1500000
"6vcph","#BK010","Hoa giỏ BK 010",,"
","Hoa giỏ","https://hoatuoi360.com/contents/images/Products/Hoa%20Gio/hoa-gio-BK-(L)-010.jpg","Lớn hơn (+30%)","Kích thước",1950000
"fyetg","#BK011","Hoa giỏ BK 011",,"
","Hoa giỏ","https://hoatuoi360.com/contents/images/Products/Hoa%20Gio/hoa-gio-BK-(L)-011.jpg","Bình thường","Kích thước",700000
"fyetg","#BK011","Hoa giỏ BK 011",,"
","Hoa giỏ","https://hoatuoi360.com/contents/images/Products/Hoa%20Gio/hoa-gio-BK-(L)-011.jpg","Lớn hơn (+30%)","Kích thước",910000
"on2b","#BK012","Hoa giỏ BK 012",,"
","Hoa giỏ","https://hoatuoi360.com/contents/images/Products/Hoa%20Gio/hoa-gio-BK-(L)-012.jpg","Bình thường","Kích thước",900000
"on2b","#BK012","Hoa giỏ BK 012",,"
","Hoa giỏ","https://hoatuoi360.com/contents/images/Products/Hoa%20Gio/hoa-gio-BK-(L)-012.jpg","Lớn hơn (+30%)","Kích thước",1170000
"pebh","#BK013","Hoa giỏ BK 013",,"
","Hoa giỏ","https://hoatuoi360.com/contents/images/Products/Hoa%20Gio/hoa-gio-BK-(L)-013.jpg","Bình thường","Kích thước",1900000
"pebh","#BK013","Hoa giỏ BK 013",,"
","Hoa giỏ","https://hoatuoi360.com/contents/images/Products/Hoa%20Gio/hoa-gio-BK-(L)-013.jpg","Lớn hơn (+30%)","Kích thước",2470000
"djyeh","#BK014","Hoa giỏ BK 014",,"
","Hoa giỏ","https://hoatuoi360.com/contents/images/Products/Hoa%20Gio/hoa-gio-BK-(L)-014.jpg","Bình thường","Kích thước",2000000
"djyeh","#BK014","Hoa giỏ BK 014",,"
","Hoa giỏ","https://hoatuoi360.com/contents/images/Products/Hoa%20Gio/hoa-gio-BK-(L)-014.jpg","Lớn hơn (+30%)","Kích thước",2600000
"dgi4o","#BK015","Hoa giỏ BK 015",,"
","Hoa giỏ","https://hoatuoi360.com/contents/images/Products/Hoa%20Gio/hoa-gio-BK-(L)-015.jpg","Bình thường","Kích thước",1500000
"dgi4o","#BK015","Hoa giỏ BK 015",,"
","Hoa giỏ","https://hoatuoi360.com/contents/images/Products/Hoa%20Gio/hoa-gio-BK-(L)-015.jpg","Lớn hơn (+30%)","Kích thước",1950000
"d37xb","#BK016","Hoa giỏ BK 016",,"
","Hoa giỏ","https://hoatuoi360.com/contents/images/Products/Hoa%20Gio/hoa-gio-BK-(L)-016.jpg","Bình thường","Kích thước",1000000
"d37xb","#BK016","Hoa giỏ BK 016",,"
","Hoa giỏ","https://hoatuoi360.com/contents/images/Products/Hoa%20Gio/hoa-gio-BK-(L)-016.jpg","Lớn hơn (+30%)","Kích thước",1300000
"ihjk","#BK017","Hoa giỏ BK 017",,"
","Hoa giỏ","https://hoatuoi360.com/contents/images/Products/Hoa%20Gio/hoa-gio-BK-(L)-017.jpg","Bình thường","Kích thước",2000000
"ihjk","#BK017","Hoa giỏ BK 017",,"
","Hoa giỏ","https://hoatuoi360.com/contents/images/Products/Hoa%20Gio/hoa-gio-BK-(L)-017.jpg","Lớn hơn (+30%)","Kích thước",2600000
"4wxql","#BK018","Hoa giỏ BK 018",,"
","Hoa giỏ","https://hoatuoi360.com/contents/images/Products/Hoa%20Gio/hoa-gio-BK-(L)-018.jpg","Bình thường","Kích thước",2500000
"4wxql","#BK018","Hoa giỏ BK 018",,"
","Hoa giỏ","https://hoatuoi360.com/contents/images/Products/Hoa%20Gio/hoa-gio-BK-(L)-018.jpg","Lớn hơn (+30%)","Kích thước",3250000
"0x9lo","#BK019","Hoa giỏ BK 019",,"
","Hoa giỏ","https://hoatuoi360.com/contents/images/Products/Hoa%20Gio/hoa-gio-BK-(L)-019.jpg","Bình thường","Kích thước",2500000
"0x9lo","#BK019","Hoa giỏ BK 019",,"
","Hoa giỏ","https://hoatuoi360.com/contents/images/Products/Hoa%20Gio/hoa-gio-BK-(L)-019.jpg","Lớn hơn (+30%)","Kích thước",3250000
"t82xf","#BK020","Hoa giỏ BK 020",,"
","Hoa giỏ","https://hoatuoi360.com/contents/images/Products/Hoa%20Gio/hoa-gio-BK-(L)-020.jpg","Bình thường","Kích thước",2500000
"t82xf","#BK020","Hoa giỏ BK 020",,"
","Hoa giỏ","https://hoatuoi360.com/contents/images/Products/Hoa%20Gio/hoa-gio-BK-(L)-020.jpg","Lớn hơn (+30%)","Kích thước",3250000
"9ap4e","#BK021","Hoa giỏ BK 021",,"
","Hoa giỏ","https://hoatuoi360.com/contents/images/Products/Hoa%20Gio/hoa-gio-BK-(L)-021.jpg","Bình thường","Kích thước",3000000
"9ap4e","#BK021","Hoa giỏ BK 021",,"
","Hoa giỏ","https://hoatuoi360.com/contents/images/Products/Hoa%20Gio/hoa-gio-BK-(L)-021.jpg","Lớn hơn (+30%)","Kích thước",3900000
"brt3h","#BK022","Hoa giỏ BK 022",,"
","Hoa giỏ","https://hoatuoi360.com/contents/images/Products/Hoa%20Gio/hoa-gio-BK-(L)-022.jpg","Bình thường","Kích thước",2500000
"brt3h","#BK022","Hoa giỏ BK 022",,"
","Hoa giỏ","https://hoatuoi360.com/contents/images/Products/Hoa%20Gio/hoa-gio-BK-(L)-022.jpg","Lớn hơn (+30%)","Kích thước",3250000
"guife","#BK023","Hoa giỏ BK 023",,"
","Hoa giỏ","https://hoatuoi360.com/contents/images/Products/Hoa%20Gio/hoa-gio-BK-(L)-023.jpg","Bình thường","Kích thước",3000000
"guife","#BK023","Hoa giỏ BK 023",,"
","Hoa giỏ","https://hoatuoi360.com/contents/images/Products/Hoa%20Gio/hoa-gio-BK-(L)-023.jpg","Lớn hơn (+30%)","Kích thước",3900000
"lpvjq","#BK024","Hoa giỏ BK 024",,"
","Hoa giỏ","https://hoatuoi360.com/contents/images/Products/Hoa%20Gio/hoa-gio-BK-(L)-024.jpg","Bình thường","Kích thước",3000000
"lpvjq","#BK024","Hoa giỏ BK 024",,"
","Hoa giỏ","https://hoatuoi360.com/contents/images/Products/Hoa%20Gio/hoa-gio-BK-(L)-024.jpg","Lớn hơn (+30%)","Kích thước",3900000
"3wimu","#BK025","Hoa giỏ BK 025",,"
","Hoa giỏ","https://hoatuoi360.com/contents/images/Products/Hoa%20Gio/hoa-gio-BK-(L)-025.jpg","Bình thường","Kích thước",1500000
"3wimu","#BK025","Hoa giỏ BK 025",,"
","Hoa giỏ","https://hoatuoi360.com/contents/images/Products/Hoa%20Gio/hoa-gio-BK-(L)-025.jpg","Lớn hơn (+30%)","Kích thước",1950000
"mj0ia","#BK026","Hoa giỏ BK 026",,"
","Hoa giỏ","https://hoatuoi360.com/contents/images/Products/Hoa%20Gio/hoa-gio-BK-(L)-026.jpg","Bình thường","Kích thước",3000000
"mj0ia","#BK026","Hoa giỏ BK 026",,"
","Hoa giỏ","https://hoatuoi360.com/contents/images/Products/Hoa%20Gio/hoa-gio-BK-(L)-026.jpg","Lớn hơn (+30%)","Kích thước",3900000
"kyiti","#BK027","Hoa giỏ BK 027",,"
","Hoa giỏ","https://hoatuoi360.com/contents/images/Products/Hoa%20Gio/hoa-gio-BK-(L)-027.jpg","Bình thường","Kích thước",1500000
"kyiti","#BK027","Hoa giỏ BK 027",,"
","Hoa giỏ","https://hoatuoi360.com/contents/images/Products/Hoa%20Gio/hoa-gio-BK-(L)-027.jpg","Lớn hơn (+30%)","Kích thước",1950000
"y4fe","#BK028","Hoa giỏ BK 028",,"
","Hoa giỏ","https://hoatuoi360.com/contents/images/Products/Hoa%20Gio/hoa-gio-BK-(L)-028.jpg","Bình thường","Kích thước",1500000
"y4fe","#BK028","Hoa giỏ BK 028",,"
","Hoa giỏ","https://hoatuoi360.com/contents/images/Products/Hoa%20Gio/hoa-gio-BK-(L)-028.jpg","Lớn hơn (+30%)","Kích thước",1950000
"br6aj","#BK029","Hoa giỏ BK 029",,"
","Hoa giỏ","https://hoatuoi360.com/contents/images/Products/Hoa%20Gio/hoa-gio-BK-(L)-029.jpg","Bình thường","Kích thước",1900000
"br6aj","#BK029","Hoa giỏ BK 029",,"
","Hoa giỏ","https://hoatuoi360.com/contents/images/Products/Hoa%20Gio/hoa-gio-BK-(L)-029.jpg","Lớn hơn (+30%)","Kích thước",2470000
"i2ie","#BK030","Hoa giỏ BK 030",,"
","Hoa giỏ","https://hoatuoi360.com/contents/images/Products/Hoa%20Gio/hoa-gio-BK-(L)-030.jpg","Bình thường","Kích thước",2000000
"i2ie","#BK030","Hoa giỏ BK 030",,"
","Hoa giỏ","https://hoatuoi360.com/contents/images/Products/Hoa%20Gio/hoa-gio-BK-(L)-030.jpg","Lớn hơn (+30%)","Kích thước",2600000
"t48es","#BK031","Hoa giỏ BK 031",,"
","Hoa giỏ","https://hoatuoi360.com/contents/images/Products/Hoa%20Gio/hoa-gio-BK-(L)-031.jpg","Bình thường","Kích thước",2000000
"t48es","#BK031","Hoa giỏ BK 031",,"
","Hoa giỏ","https://hoatuoi360.com/contents/images/Products/Hoa%20Gio/hoa-gio-BK-(L)-031.jpg","Lớn hơn (+30%)","Kích thước",2600000
"wy1c","#BK032","Hoa giỏ BK 032",,"
","Hoa giỏ","https://hoatuoi360.com/contents/images/Products/Hoa%20Gio/hoa-gio-BK-(L)-032.jpg","Bình thường","Kích thước",1900000
"wy1c","#BK032","Hoa giỏ BK 032",,"
","Hoa giỏ","https://hoatuoi360.com/contents/images/Products/Hoa%20Gio/hoa-gio-BK-(L)-032.jpg","Lớn hơn (+30%)","Kích thước",2470000
"617i","#BK033","Hoa giỏ BK 033",,"
","Hoa giỏ","https://hoatuoi360.com/contents/images/Products/Hoa%20Gio/hoa-gio-BK-(L)-033.jpg","Bình thường","Kích thước",1900000
"617i","#BK033","Hoa giỏ BK 033",,"
","Hoa giỏ","https://hoatuoi360.com/contents/images/Products/Hoa%20Gio/hoa-gio-BK-(L)-033.jpg","Lớn hơn (+30%)","Kích thước",2470000
"25r59","#BK034","Hoa giỏ BK 034",,"
","Hoa giỏ","https://hoatuoi360.com/contents/images/Products/Hoa%20Gio/hoa-gio-BK-(L)-034.jpg","Bình thường","Kích thước",1900000
"25r59","#BK034","Hoa giỏ BK 034",,"
","Hoa giỏ","https://hoatuoi360.com/contents/images/Products/Hoa%20Gio/hoa-gio-BK-(L)-034.jpg","Lớn hơn (+30%)","Kích thước",2470000
"p0jep","#BK035","Hoa giỏ BK 035",,"
","Hoa giỏ","https://hoatuoi360.com/contents/images/Products/Hoa%20Gio/hoa-gio-BK-(L)-035.jpg","Bình thường","Kích thước",1900000
"p0jep","#BK035","Hoa giỏ BK 035",,"
","Hoa giỏ","https://hoatuoi360.com/contents/images/Products/Hoa%20Gio/hoa-gio-BK-(L)-035.jpg","Lớn hơn (+30%)","Kích thước",2470000
"mw9hg","#BK036","Hoa giỏ BK 036",,"
","Hoa giỏ","https://hoatuoi360.com/contents/images/Products/Hoa%20Gio/hoa-gio-BK-(L)-036.jpg","Bình thường","Kích thước",1000000
"mw9hg","#BK036","Hoa giỏ BK 036",,"
","Hoa giỏ","https://hoatuoi360.com/contents/images/Products/Hoa%20Gio/hoa-gio-BK-(L)-036.jpg","Lớn hơn (+30%)","Kích thước",1300000
"oikt","#BK037","Hoa giỏ BK 037",,"
","Hoa giỏ","https://hoatuoi360.com/contents/images/Products/Hoa%20Gio/hoa-gio-BK-(L)-037.jpg","Bình thường","Kích thước",2000000
"oikt","#BK037","Hoa giỏ BK 037",,"
","Hoa giỏ","https://hoatuoi360.com/contents/images/Products/Hoa%20Gio/hoa-gio-BK-(L)-037.jpg","Lớn hơn (+30%)","Kích thước",2600000
"2i1cp","#BK038","Hoa giỏ BK 038",,"
","Hoa giỏ","https://hoatuoi360.com/contents/images/Products/Hoa%20Gio/hoa-gio-BK-(L)-038.jpg","Bình thường","Kích thước",1900000
"2i1cp","#BK038","Hoa giỏ BK 038",,"
","Hoa giỏ","https://hoatuoi360.com/contents/images/Products/Hoa%20Gio/hoa-gio-BK-(L)-038.jpg","Lớn hơn (+30%)","Kích thước",2470000
"stghq","#BK039","Hoa giỏ BK 039",,"
","Hoa giỏ","https://hoatuoi360.com/contents/images/Products/Hoa%20Gio/hoa-gio-BK-(L)-039.jpg","Bình thường","Kích thước",500000
"stghq","#BK039","Hoa giỏ BK 039",,"
","Hoa giỏ","https://hoatuoi360.com/contents/images/Products/Hoa%20Gio/hoa-gio-BK-(L)-039.jpg","Lớn hơn (+30%)","Kích thước",650000
"2za5","#BK041","Hoa giỏ BK 041",,"
","Hoa giỏ","https://hoatuoi360.com/contents/images/Products/Hoa%20Gio/hoa-gio-BK-(L)-041.jpg","Bình thường","Kích thước",1900000
"2za5","#BK041","Hoa giỏ BK 041",,"
","Hoa giỏ","https://hoatuoi360.com/contents/images/Products/Hoa%20Gio/hoa-gio-BK-(L)-041.jpg","Lớn hơn (+30%)","Kích thước",2470000
"houyg","#BK043","Hoa giỏ BK 043",,"
","Hoa giỏ","https://hoatuoi360.com/contents/images/Products/Hoa%20Gio/hoa-gio-BK-(L)-043.jpg","Bình thường","Kích thước",1900000
"houyg","#BK043","Hoa giỏ BK 043",,"
","Hoa giỏ","https://hoatuoi360.com/contents/images/Products/Hoa%20Gio/hoa-gio-BK-(L)-043.jpg","Lớn hơn (+30%)","Kích thước",2470000
"em6n","#BK044","Hoa giỏ BK 044",,"
","Hoa giỏ","https://hoatuoi360.com/contents/images/Products/Hoa%20Gio/hoa-gio-BK-(L)-044.jpg","Bình thường","Kích thước",1900000
"em6n","#BK044","Hoa giỏ BK 044",,"
","Hoa giỏ","https://hoatuoi360.com/contents/images/Products/Hoa%20Gio/hoa-gio-BK-(L)-044.jpg","Lớn hơn (+30%)","Kích thước",2470000
"err2o","#BK045","Hoa giỏ BK 045",,"
","Hoa giỏ","https://hoatuoi360.com/contents/images/Products/Hoa%20Gio/hoa-gio-BK-(L)-045.jpg","Bình thường","Kích thước",900000
"err2o","#BK045","Hoa giỏ BK 045",,"
","Hoa giỏ","https://hoatuoi360.com/contents/images/Products/Hoa%20Gio/hoa-gio-BK-(L)-045.jpg","Lớn hơn (+30%)","Kích thước",1170000
"y8lrb","#BK046","Hoa giỏ BK 046",,"
","Hoa giỏ","https://hoatuoi360.com/contents/images/Products/Hoa%20Gio/hoa-gio-BK-(L)-046.jpg","Bình thường","Kích thước",1900000
"y8lrb","#BK046","Hoa giỏ BK 046",,"
","Hoa giỏ","https://hoatuoi360.com/contents/images/Products/Hoa%20Gio/hoa-gio-BK-(L)-046.jpg","Lớn hơn (+30%)","Kích thước",2470000
"217ce","#BK047","Hoa giỏ BK 047",,"
","Hoa giỏ","https://hoatuoi360.com/contents/images/Products/Hoa%20Gio/hoa-gio-BK-(L)-047.jpg","Bình thường","Kích thước",1900000
"217ce","#BK047","Hoa giỏ BK 047",,"
","Hoa giỏ","https://hoatuoi360.com/contents/images/Products/Hoa%20Gio/hoa-gio-BK-(L)-047.jpg","Lớn hơn (+30%)","Kích thước",2470000
"joqps","#BK050","Hoa giỏ BK 050",,"
","Hoa giỏ","https://hoatuoi360.com/contents/images/Products/Hoa%20Gio/hoa-gio-BK-(L)-050.jpg","Bình thường","Kích thước",1900000
"joqps","#BK050","Hoa giỏ BK 050",,"
","Hoa giỏ","https://hoatuoi360.com/contents/images/Products/Hoa%20Gio/hoa-gio-BK-(L)-050.jpg","Lớn hơn (+30%)","Kích thước",2470000
"nmhvm","#BK051","Hoa giỏ BK 051",,"
","Hoa giỏ","https://hoatuoi360.com/contents/images/Products/Hoa%20Gio/hoa-gio-BK-(L)-051.jpg","Bình thường","Kích thước",1900000
"nmhvm","#BK051","Hoa giỏ BK 051",,"
","Hoa giỏ","https://hoatuoi360.com/contents/images/Products/Hoa%20Gio/hoa-gio-BK-(L)-051.jpg","Lớn hơn (+30%)","Kích thước",2470000
"umrh","#BK053","Hoa giỏ BK 053",,"
","Hoa giỏ","https://hoatuoi360.com/contents/images/Products/Hoa%20Gio/hoa-gio-BK-(L)-053.jpg","Bình thường","Kích thước",1000000
"umrh","#BK053","Hoa giỏ BK 053",,"
","Hoa giỏ","https://hoatuoi360.com/contents/images/Products/Hoa%20Gio/hoa-gio-BK-(L)-053.jpg","Lớn hơn (+30%)","Kích thước",1300000
"32vvd","#BK054","Hoa giỏ BK 054",,"
","Hoa giỏ","https://hoatuoi360.com/contents/images/Products/Hoa%20Gio/hoa-gio-BK-(L)-054.jpg","Bình thường","Kích thước",1900000
"32vvd","#BK054","Hoa giỏ BK 054",,"
","Hoa giỏ","https://hoatuoi360.com/contents/images/Products/Hoa%20Gio/hoa-gio-BK-(L)-054.jpg","Lớn hơn (+30%)","Kích thước",2470000
"sfgj","#BK055","Hoa giỏ BK 055",,"
","Hoa giỏ","https://hoatuoi360.com/contents/images/Products/Hoa%20Gio/hoa-gio-BK-(L)-055.jpg","Bình thường","Kích thước",900000
"sfgj","#BK055","Hoa giỏ BK 055",,"
","Hoa giỏ","https://hoatuoi360.com/contents/images/Products/Hoa%20Gio/hoa-gio-BK-(L)-055.jpg","Lớn hơn (+30%)","Kích thước",1170000
"rszbe","#BK074","Hoa giỏ BK 074",,"
","Hoa giỏ","https://hoatuoi360.com/contents/images/Products/Hoa%20Gio/hoa-gio-BK-(L)-056.jpg","Bình thường","Kích thước",500000
"rszbe","#BK074","Hoa giỏ BK 074",,"
","Hoa giỏ","https://hoatuoi360.com/contents/images/Products/Hoa%20Gio/hoa-gio-BK-(L)-056.jpg","Lớn hơn (+30%)","Kích thước",650000
"u7gw","#BK200","Hoa giỏ BK 200",,"
","Hoa giỏ","https://hoatuoi360.com/contents/images/Products/Hoa%20Gio/hoa-gio-BK-(L)-057.jpg","Bình thường","Kích thước",500000
"u7gw","#BK200","Hoa giỏ BK 200",,"
","Hoa giỏ","https://hoatuoi360.com/contents/images/Products/Hoa%20Gio/hoa-gio-BK-(L)-057.jpg","Lớn hơn (+30%)","Kích thước",650000
"dqmwz9","#BK201","Hoa giỏ BK 201",,"
","Hoa giỏ","https://hoatuoi360.com/contents/images/Products/Hoa%20Gio/hoa-gio-BK-(L)-058.jpg","Bình thường","Kích thước",900000
"dqmwz9","#BK201","Hoa giỏ BK 201",,"
","Hoa giỏ","https://hoatuoi360.com/contents/images/Products/Hoa%20Gio/hoa-gio-BK-(L)-058.jpg","Lớn hơn (+30%)","Kích thước",1170000
"pg2gd","#BK202","Hoa giỏ BK 202",,"
","Hoa giỏ","https://hoatuoi360.com/contents/images/Products/Hoa%20Gio/hoa-gio-BK-(L)-060.jpg","Bình thường","Kích thước",900000
"pg2gd","#BK202","Hoa giỏ BK 202",,"
","Hoa giỏ","https://hoatuoi360.com/contents/images/Products/Hoa%20Gio/hoa-gio-BK-(L)-060.jpg","Lớn hơn (+30%)","Kích thước",1170000
"g80qr","#BK203","Hoa giỏ BK 203",,"
","Hoa giỏ","https://hoatuoi360.com/contents/images/Products/Hoa%20Gio/hoa-gio-BK-(L)-061.jpg","Bình thường","Kích thước",1900000
"g80qr","#BK203","Hoa giỏ BK 203",,"
","Hoa giỏ","https://hoatuoi360.com/contents/images/Products/Hoa%20Gio/hoa-gio-BK-(L)-061.jpg","Lớn hơn (+30%)","Kích thước",2470000
"6gouv","#BK204","Hoa giỏ BK 204",,"
","Hoa giỏ","https://hoatuoi360.com/contents/images/Products/Hoa%20Gio/hoa-gio-BK-(L)-062.jpg","Bình thường","Kích thước",1500000
"6gouv","#BK204","Hoa giỏ BK 204",,"
","Hoa giỏ","https://hoatuoi360.com/contents/images/Products/Hoa%20Gio/hoa-gio-BK-(L)-062.jpg","Lớn hơn (+30%)","Kích thước",1950000
"xmgue","#BK205","Hoa giỏ BK 205",,"
","Hoa giỏ","https://hoatuoi360.com/contents/images/Products/Hoa%20Gio/hoa-gio-BK-(L)-063.jpg","Bình thường","Kích thước",1500000
"xmgue","#BK205","Hoa giỏ BK 205",,"
","Hoa giỏ","https://hoatuoi360.com/contents/images/Products/Hoa%20Gio/hoa-gio-BK-(L)-063.jpg","Lớn hơn (+30%)","Kích thước",1950000
"lbuah","#BK206","Hoa giỏ BK 206",,"
","Hoa giỏ","https://hoatuoi360.com/contents/images/Products/Hoa%20Gio/hoa-gio-BK-(L)-066.jpg","Bình thường","Kích thước",500000
"lbuah","#BK206","Hoa giỏ BK 206",,"
","Hoa giỏ","https://hoatuoi360.com/contents/images/Products/Hoa%20Gio/hoa-gio-BK-(L)-066.jpg","Lớn hơn (+30%)","Kích thước",650000
"6zlm6","#BK207","Hoa giỏ BK 207",,"
","Hoa giỏ","https://hoatuoi360.com/contents/images/Products/Hoa%20Gio/hoa-gio-BK-(L)-067.jpg","Bình thường","Kích thước",600000
"6zlm6","#BK207","Hoa giỏ BK 207",,"
","Hoa giỏ","https://hoatuoi360.com/contents/images/Products/Hoa%20Gio/hoa-gio-BK-(L)-067.jpg","Lớn hơn (+30%)","Kích thước",780000
"3kmf","#BK208","Hoa giỏ BK 208",,"
","Hoa giỏ","https://hoatuoi360.com/contents/images/Products/Hoa%20Gio/hoa-gio-BK-(L)-068.jpg","Bình thường","Kích thước",600000
"3kmf","#BK208","Hoa giỏ BK 208",,"
","Hoa giỏ","https://hoatuoi360.com/contents/images/Products/Hoa%20Gio/hoa-gio-BK-(L)-068.jpg","Lớn hơn (+30%)","Kích thước",780000
"mr25r","#BK209","Hoa giỏ BK 209",,"
","Hoa giỏ","https://hoatuoi360.com/contents/images/Products/Hoa%20Gio/hoa-gio-BK-(L)-071.jpg","Bình thường","Kích thước",500000
"mr25r","#BK209","Hoa giỏ BK 209",,"
","Hoa giỏ","https://hoatuoi360.com/contents/images/Products/Hoa%20Gio/hoa-gio-BK-(L)-071.jpg","Lớn hơn (+30%)","Kích thước",650000
"61r8","#BK210","Hoa giỏ BK 210",,"
","Hoa giỏ","https://hoatuoi360.com/contents/images/Products/Hoa%20Gio/hoa-gio-BK-(L)-073.jpg","Bình thường","Kích thước",600000
"61r8","#BK210","Hoa giỏ BK 210",,"
","Hoa giỏ","https://hoatuoi360.com/contents/images/Products/Hoa%20Gio/hoa-gio-BK-(L)-073.jpg","Lớn hơn (+30%)","Kích thước",780000
"fikpn","#BK211","Hoa giỏ BK 211",,"
","Hoa giỏ","https://hoatuoi360.com/contents/images/Products/Hoa%20Gio/hoa-gio-BK-(L)-074.jpg","Bình thường","Kích thước",700000
"fikpn","#BK211","Hoa giỏ BK 211",,"
","Hoa giỏ","https://hoatuoi360.com/contents/images/Products/Hoa%20Gio/hoa-gio-BK-(L)-074.jpg","Lớn hơn (+30%)","Kích thước",910000
"6zv2m","#BK212","Hoa giỏ BK 212",,"
","Hoa giỏ","https://hoatuoi360.com/contents/images/Products/Hoa%20Gio/hoa-gio-BK-(L)-075.jpg","Bình thường","Kích thước",800000
"6zv2m","#BK212","Hoa giỏ BK 212",,"
","Hoa giỏ","https://hoatuoi360.com/contents/images/Products/Hoa%20Gio/hoa-gio-BK-(L)-075.jpg","Lớn hơn (+30%)","Kích thước",1040000
"4elul","#BK0213","Hoa giỏ BK 0 213",,"
","Hoa giỏ","https://hoatuoi360.com/contents/images/Products/Hoa%20Gio/hoa-gio-BK-(L)-078.jpg","Bình thường","Kích thước",1500000
"4elul","#BK0213","Hoa giỏ BK 0 213",,"
","Hoa giỏ","https://hoatuoi360.com/contents/images/Products/Hoa%20Gio/hoa-gio-BK-(L)-078.jpg","Lớn hơn (+30%)","Kích thước",1950000