﻿"id","sku","name","description","short_description","breadcrumb","images","attribute_0_value","attribute_0_name","regular_price"
"qjhrq","#G18005","Hoa Hộp G 18005","<p><strong>NHẸ NHÀNG</strong></p>
<p>Cát Tường có nghĩa là May mắn vì thế loài hoa này được đa số người Á Đông yêu thích. Với vẻ đẹp nhẹ nhàng của những đóa Cát Tường xanh, Hộp Hoa đã làm&nbsp;tròn nhiệm vụ khi tạo được cảm giác thư thái, bình an, đem lại may mắn cho người nhận và&nbsp;xua tan đi những căng thẳng, mệt mỏi sau một ngày làm việc vất vả.</p>
<p>Hãy dùng <strong>Nhẹ Nhàng</strong>&nbsp;để thể hiện sự quan tâm của bạn đến người thân, bạn bè, đồng nghiệp trong những dịp lễ quan trọng như Quốc tế Phụ nữ, Sinh nhật, Thăng chức... nhé!</p>
","
<p>Hoa Hộp<strong> Nhẹ Nhàng </strong>gồm Hoa Hồng, Cát Tường, Táo xanh cùng các loại hoa lá phụ liệu khác.</p>
","Hoa theo chủ đề>Ngày Quốc Tế Phụ Nữ 8/3","https://hoatuoi360.com/contents/images/Products/hoa-hop/G%2018005.JPG","Bình thường","Kích thước",500000
"qjhrq","#G18005","Hoa Hộp G 18005","<p><strong>NHẸ NHÀNG</strong></p>
<p>Cát Tường có nghĩa là May mắn vì thế loài hoa này được đa số người Á Đông yêu thích. Với vẻ đẹp nhẹ nhàng của những đóa Cát Tường xanh, Hộp Hoa đã làm&nbsp;tròn nhiệm vụ khi tạo được cảm giác thư thái, bình an, đem lại may mắn cho người nhận và&nbsp;xua tan đi những căng thẳng, mệt mỏi sau một ngày làm việc vất vả.</p>
<p>Hãy dùng <strong>Nhẹ Nhàng</strong>&nbsp;để thể hiện sự quan tâm của bạn đến người thân, bạn bè, đồng nghiệp trong những dịp lễ quan trọng như Quốc tế Phụ nữ, Sinh nhật, Thăng chức... nhé!</p>
","
<p>Hoa Hộp<strong> Nhẹ Nhàng </strong>gồm Hoa Hồng, Cát Tường, Táo xanh cùng các loại hoa lá phụ liệu khác.</p>
","Hoa theo chủ đề>Ngày Quốc Tế Phụ Nữ 8/3","https://hoatuoi360.com/contents/images/Products/hoa-hop/G%2018005.JPG","Lớn hơn (+30%)","Kích thước",650000
"fsvr8","#G18010","Hoa Hộp G 18010","<p style=""margin-left:9.0pt;""><strong>HUYỀN THOẠI</strong></p>
<p style=""margin-left:9.0pt;"">Hoa ly vàng từ lâu đã tượng trưng cho lòng biết ơn, vui vẻ. Những&nbsp;bông hoa ly được đặt ngay vị trí trung tâm của hộp&nbsp;hoa, nổi bật trên nền đỏ, vàng của Hoa lan và Hoa hồng. Hoa ly đã làm tròn nghĩa vụ của nó là làm bật lên sự tinh khiết, quý phái của hộp&nbsp;hoa rực rỡ.</p>
<p style=""margin-left:9.0pt;"">Nếu bạn muốn thể hiện sự cảm kích với ai đó đã giúp bạn, món quà hoa này sẽ là sự lựa chọn phù hợp nhất, đây là món quà đã đi vào huyền thoại trong những dịp lễ, dịp kỷ niệm quan trọng như Quốc tế Phụ nữ, sinh nhật,...</p>
","
<p>Hoa Hộp <strong>Huyền Thoại</strong>&nbsp;gồm Lan Mokara, Hoa Lily, Hoa Hồng cùng các loại hoa lá phụ liệu khác.</p>
","Hoa cưới>Cổng hoa","https://hoatuoi360.com/contents/images/Products/hoa-hop/G%2018010.jpg","Bình thường","Kích thước",500000
"fsvr8","#G18010","Hoa Hộp G 18010","<p style=""margin-left:9.0pt;""><strong>HUYỀN THOẠI</strong></p>
<p style=""margin-left:9.0pt;"">Hoa ly vàng từ lâu đã tượng trưng cho lòng biết ơn, vui vẻ. Những&nbsp;bông hoa ly được đặt ngay vị trí trung tâm của hộp&nbsp;hoa, nổi bật trên nền đỏ, vàng của Hoa lan và Hoa hồng. Hoa ly đã làm tròn nghĩa vụ của nó là làm bật lên sự tinh khiết, quý phái của hộp&nbsp;hoa rực rỡ.</p>
<p style=""margin-left:9.0pt;"">Nếu bạn muốn thể hiện sự cảm kích với ai đó đã giúp bạn, món quà hoa này sẽ là sự lựa chọn phù hợp nhất, đây là món quà đã đi vào huyền thoại trong những dịp lễ, dịp kỷ niệm quan trọng như Quốc tế Phụ nữ, sinh nhật,...</p>
","
<p>Hoa Hộp <strong>Huyền Thoại</strong>&nbsp;gồm Lan Mokara, Hoa Lily, Hoa Hồng cùng các loại hoa lá phụ liệu khác.</p>
","Hoa cưới>Cổng hoa","https://hoatuoi360.com/contents/images/Products/hoa-hop/G%2018010.jpg","Lớn hơn (+30%)","Kích thước",650000
"6jvup","#B120","Hoa Bó B 120",,"
","Hoa theo chủ đề>Ngày Quốc Tế Phụ Nữ 8/3","https://hoatuoi360.com/contents/images/Products/hoa-bo/lkjkhhgf.jpg","Bình thường","Kích thước",1900000
"6jvup","#B120","Hoa Bó B 120",,"
","Hoa theo chủ đề>Ngày Quốc Tế Phụ Nữ 8/3","https://hoatuoi360.com/contents/images/Products/hoa-bo/lkjkhhgf.jpg","Lớn hơn (+30%)","Kích thước",2470000
"vkl1","#GF18008","Hoa Hộp GF 18008","<p><strong>RƯỢU THƠ</strong></p>
<p>Những dịp lễ quan trọng như Quốc tế Phụ nữ, sinh nhật, khai trương,... là cơ hội để gặp gỡ nhau, cũng như là dịp để thể hiện tình cảm tự đáy lòng tới đối phương. Món quà <strong>Rượu Thơ </strong>là bữa tiệc rượu tráng lệ với hai chai Corona, Hoa Cát tường, Lan Vũ nữ khơi gợi lại những kỷ niệm, những hồi ức khi xưa, là chất xúc tác, gia vị để tình cảm thêm khăng khít.</p>
","
<p>Sản phẩm <strong>Rượu Thơ</strong>&nbsp;gồm Lan Vũ Nữ, Hoa Cát Tường, Táo xanh, 2 chai Corona cùng các loại hoa lá phụ liệu khác.</p>
","Hoa theo chủ đề>Ngày Quốc Tế Phụ Nữ 8/3","https://hoatuoi360.com/contents/images/Products/hoa-hop/gf%2018008.JPG","Bình thường","Kích thước",1000000
"vkl1","#GF18008","Hoa Hộp GF 18008","<p><strong>RƯỢU THƠ</strong></p>
<p>Những dịp lễ quan trọng như Quốc tế Phụ nữ, sinh nhật, khai trương,... là cơ hội để gặp gỡ nhau, cũng như là dịp để thể hiện tình cảm tự đáy lòng tới đối phương. Món quà <strong>Rượu Thơ </strong>là bữa tiệc rượu tráng lệ với hai chai Corona, Hoa Cát tường, Lan Vũ nữ khơi gợi lại những kỷ niệm, những hồi ức khi xưa, là chất xúc tác, gia vị để tình cảm thêm khăng khít.</p>
","
<p>Sản phẩm <strong>Rượu Thơ</strong>&nbsp;gồm Lan Vũ Nữ, Hoa Cát Tường, Táo xanh, 2 chai Corona cùng các loại hoa lá phụ liệu khác.</p>
","Hoa theo chủ đề>Ngày Quốc Tế Phụ Nữ 8/3","https://hoatuoi360.com/contents/images/Products/hoa-hop/gf%2018008.JPG","Lớn hơn (+30%)","Kích thước",1300000
"fkatr","#G18003","Hoa Hộp G 18003","<p><b>TAN CHẢY</b></p>
<p>Mang tông màu của ánh nắng ấm áp, Hộp Hoa khiến cho trái tim băng giá nhất cũng phải tan chảy. Với ý nghĩa chúc người nhận luôn luôn vui vẻ, nhiệt tình với công việc, món quà là sự lựa chọn hoàn hảo cho những dịp lễ Khai trương, Thăng chức, Sinh nhật, Quốc tế phụ nữ,...</p>
","
<p>Hoa Hộp gồm Lan Vũ Nữ, Hoa Hướng Dương, Táo cùng các loại hoa lá phụ liệu khác.</p>
","Hoa theo chủ đề>Ngày Quốc Tế Phụ Nữ 8/3","https://hoatuoi360.com/contents/images/Products/hoa-hop/G%2018003.JPG","Bình thường","Kích thước",1000000
"fkatr","#G18003","Hoa Hộp G 18003","<p><b>TAN CHẢY</b></p>
<p>Mang tông màu của ánh nắng ấm áp, Hộp Hoa khiến cho trái tim băng giá nhất cũng phải tan chảy. Với ý nghĩa chúc người nhận luôn luôn vui vẻ, nhiệt tình với công việc, món quà là sự lựa chọn hoàn hảo cho những dịp lễ Khai trương, Thăng chức, Sinh nhật, Quốc tế phụ nữ,...</p>
","
<p>Hoa Hộp gồm Lan Vũ Nữ, Hoa Hướng Dương, Táo cùng các loại hoa lá phụ liệu khác.</p>
","Hoa theo chủ đề>Ngày Quốc Tế Phụ Nữ 8/3","https://hoatuoi360.com/contents/images/Products/hoa-hop/G%2018003.JPG","Lớn hơn (+30%)","Kích thước",1300000
"hvr1","#G18004","Hoa Hộp G 18004","<p><strong>TƯƠI MÁT</strong></p>
<p>Với tông màu xanh chủ đạo, hộp hoa mang đến một cảm giác thư giãn và thoải mái khi ngắm nhìn như một lời chúc sức khỏe gửi đến những người mà ta quý mến. Chắc chắn rằng, mọi căng thẳng, lo âu của người thân, bạn bè, đồng nghiệp, ... sẽ tan biến khi nhận được món quà ý nghĩa và đầy tâm lý này.</p>
","
<p>Hộp Hoa <strong>Tươi Mát</strong> sử dụng Hoa Cát Tường, Cúc Xanh, Thanh Liễu, Hồng Trắng và các loại hoa lá phụ khác.</p>
","Hoa theo chủ đề>Ngày Quốc Tế Phụ Nữ 8/3","https://hoatuoi360.com/contents/images/Products/hoa-hop/G%2018004.JPG","Bình thường","Kích thước",1000000
"hvr1","#G18004","Hoa Hộp G 18004","<p><strong>TƯƠI MÁT</strong></p>
<p>Với tông màu xanh chủ đạo, hộp hoa mang đến một cảm giác thư giãn và thoải mái khi ngắm nhìn như một lời chúc sức khỏe gửi đến những người mà ta quý mến. Chắc chắn rằng, mọi căng thẳng, lo âu của người thân, bạn bè, đồng nghiệp, ... sẽ tan biến khi nhận được món quà ý nghĩa và đầy tâm lý này.</p>
","
<p>Hộp Hoa <strong>Tươi Mát</strong> sử dụng Hoa Cát Tường, Cúc Xanh, Thanh Liễu, Hồng Trắng và các loại hoa lá phụ khác.</p>
","Hoa theo chủ đề>Ngày Quốc Tế Phụ Nữ 8/3","https://hoatuoi360.com/contents/images/Products/hoa-hop/G%2018004.JPG","Lớn hơn (+30%)","Kích thước",1300000
"2np2b","#G18007","Hoa Hộp G 18007","<p style=""margin-left:9.0pt;""><strong>SẮC TÍM</strong></p>
<p style=""margin-left:9.0pt;"">Sự hòa trộn&nbsp;của Hoa Cát Tường, Hoa Cúc, Hoa Hồng và Địa Lan&nbsp;quyện thành bức tranh&nbsp;huyền ảo với sắc tím lãng mạn&nbsp;mang đến niềm vui, sự chân thành và may mắn. Chắc chắn hộp&nbsp;hoa thanh lịch và tao nhã này sẽ làm hài lòng những người bạn thương yêu trong những dịp lễ đặc biệt như Sinh nhật, Ngày phụ nữ,...</p>
","
<p>Hộp Hoa <strong>Sắc Tím</strong> gồm Hoa Cát Tường, Hoa Cúc, Hoa Hồng, Địa lan cùng các loại hoa lá và phụ liệu khác tạo thành món quà hoa với màu sắc thanh nhã và sang trọng.</p>
","Hoa theo chủ đề>Ngày Quốc Tế Phụ Nữ 8/3","https://hoatuoi360.com/contents/images/Products/hoa-hop/G%2018007.JPG","Bình thường","Kích thước",1000000
"2np2b","#G18007","Hoa Hộp G 18007","<p style=""margin-left:9.0pt;""><strong>SẮC TÍM</strong></p>
<p style=""margin-left:9.0pt;"">Sự hòa trộn&nbsp;của Hoa Cát Tường, Hoa Cúc, Hoa Hồng và Địa Lan&nbsp;quyện thành bức tranh&nbsp;huyền ảo với sắc tím lãng mạn&nbsp;mang đến niềm vui, sự chân thành và may mắn. Chắc chắn hộp&nbsp;hoa thanh lịch và tao nhã này sẽ làm hài lòng những người bạn thương yêu trong những dịp lễ đặc biệt như Sinh nhật, Ngày phụ nữ,...</p>
","
<p>Hộp Hoa <strong>Sắc Tím</strong> gồm Hoa Cát Tường, Hoa Cúc, Hoa Hồng, Địa lan cùng các loại hoa lá và phụ liệu khác tạo thành món quà hoa với màu sắc thanh nhã và sang trọng.</p>
","Hoa theo chủ đề>Ngày Quốc Tế Phụ Nữ 8/3","https://hoatuoi360.com/contents/images/Products/hoa-hop/G%2018007.JPG","Lớn hơn (+30%)","Kích thước",1300000
"ypt6m","#G18013","Hoa Bình G 18013","<p><strong>THÂN THUỘC</strong></p>
<p>Hoa Hồng Sa Mạc có&nbsp;tên gọi khác là Hoa Bắp Cải. Từ sự kết hợp của Hoa Bắp Cải, Hoa Hồng và Lan Vũ,&nbsp;Bình Hoa vừa lạ lẫm, vừa quen thuộc với thông điệp ""Hạnh phúc ở quanh đây"".</p>
<p>Trong những dịp lễ như Quốc tế Phụ nữ, sinh nhật,... Món quà được sử dụng như một lời nói yêu thương chân thành gửi đến những người phụ nữ. Bình hoa thích hợp để tô điểm cho những&nbsp;cô nàng công sở thêm nữ tính, điệu đà.</p>
","
<p>Hoa Bình <strong>Thân Thuộc </strong>gồm Lan Vũ Nữ, Hoa Hồng, Hồng Sa mạc, Táo cùng các loại hoa lá phụ liệu khác.</p>
","Hoa theo chủ đề>Ngày Quốc Tế Phụ Nữ 8/3","https://hoatuoi360.com/contents/images/Products/hoa-binh/G%2018013.JPG","Bình thường","Kích thước",1000000
"ypt6m","#G18013","Hoa Bình G 18013","<p><strong>THÂN THUỘC</strong></p>
<p>Hoa Hồng Sa Mạc có&nbsp;tên gọi khác là Hoa Bắp Cải. Từ sự kết hợp của Hoa Bắp Cải, Hoa Hồng và Lan Vũ,&nbsp;Bình Hoa vừa lạ lẫm, vừa quen thuộc với thông điệp ""Hạnh phúc ở quanh đây"".</p>
<p>Trong những dịp lễ như Quốc tế Phụ nữ, sinh nhật,... Món quà được sử dụng như một lời nói yêu thương chân thành gửi đến những người phụ nữ. Bình hoa thích hợp để tô điểm cho những&nbsp;cô nàng công sở thêm nữ tính, điệu đà.</p>
","
<p>Hoa Bình <strong>Thân Thuộc </strong>gồm Lan Vũ Nữ, Hoa Hồng, Hồng Sa mạc, Táo cùng các loại hoa lá phụ liệu khác.</p>
","Hoa theo chủ đề>Ngày Quốc Tế Phụ Nữ 8/3","https://hoatuoi360.com/contents/images/Products/hoa-binh/G%2018013.JPG","Lớn hơn (+30%)","Kích thước",1300000
"pdgal","#G18015","Hoa Bình G 18015","<p style=""margin-left:9.0pt;""><strong>THÂN THIẾT</strong></p>
<p style=""margin-left:9.0pt;"">Từ ngàn đời nay, người Việt luôn đặt hòa khí lên đầu “Dĩ hòa vi quý”. Trong tiếng Hoa, quả táo phát âm là “bình”, có nghĩa là hòa bình. Vì thế, việc chưng hay tặng quả táo như cầu nối tình cảm, mang lại không khí tươi vui, mong muốn hợp tác bền lâu.</p>
<p style=""margin-left:9.0pt;"">Quả táo kết hợp với hoa hồng cùng các hoa, lá phụ chắc chắn sẽ mang đến niềm vui cho nửa kia của thế giới khi nhận được trong những dịp lễ đặc biệt như Quốc tế Phụ nữ, sinh nhật,...</p>
","
<p>Hoa Bình <strong>Thân Thiết </strong>gồm Lan Hồ Điệp, Hoa Hồng, Hoa Tú Cầu, Bi cùng các loại hoa lá phụ liệu khác được đặt trong 1 bình thiên thần xinh xắn.</p>
","Hoa theo chủ đề>Ngày Quốc Tế Phụ Nữ 8/3","https://hoatuoi360.com/contents/images/Products/hoa-binh/G%2018015.jpg","Bình thường","Kích thước",1000000
"pdgal","#G18015","Hoa Bình G 18015","<p style=""margin-left:9.0pt;""><strong>THÂN THIẾT</strong></p>
<p style=""margin-left:9.0pt;"">Từ ngàn đời nay, người Việt luôn đặt hòa khí lên đầu “Dĩ hòa vi quý”. Trong tiếng Hoa, quả táo phát âm là “bình”, có nghĩa là hòa bình. Vì thế, việc chưng hay tặng quả táo như cầu nối tình cảm, mang lại không khí tươi vui, mong muốn hợp tác bền lâu.</p>
<p style=""margin-left:9.0pt;"">Quả táo kết hợp với hoa hồng cùng các hoa, lá phụ chắc chắn sẽ mang đến niềm vui cho nửa kia của thế giới khi nhận được trong những dịp lễ đặc biệt như Quốc tế Phụ nữ, sinh nhật,...</p>
","
<p>Hoa Bình <strong>Thân Thiết </strong>gồm Lan Hồ Điệp, Hoa Hồng, Hoa Tú Cầu, Bi cùng các loại hoa lá phụ liệu khác được đặt trong 1 bình thiên thần xinh xắn.</p>
","Hoa theo chủ đề>Ngày Quốc Tế Phụ Nữ 8/3","https://hoatuoi360.com/contents/images/Products/hoa-binh/G%2018015.jpg","Lớn hơn (+30%)","Kích thước",1300000
"wjurn","#GF18001","Hoa Hộp GF 18001","<p><strong>RƯỢU - TÁO</strong></p>
<p>Táo biểu hiện cho sự hòa bình, đem lại sức khỏe và sự hòa hợp kết hợp với rượu vang mang ý nghĩa của sự may mắn như những lời chúc tuyệt vời nhất cho người nhận.</p>
<p>Hộp hoa Rượu - Táo là cầu nối tình cảm hiệu quả cho những dịp lễ quan trọng như Quốc tế Phụ nữ, Tri ân, Thăng chức, Sinh nhật,...Chẳng mấy ai nỡ lòng từ chối một món quà đầy ý nghĩa như thế vào những dịp lễ Tết đặc biệt cả.</p>
","
<p>Hoa Hộp gồm Địa Lan, Lan Vũ Nữ, Hoa Cát Tường, Hoa Thủy Tiên, 1 chai rượu vang Ý, Táo xanh cùng các loại hoa lá phụ liệu khác.</p>
","Hoa theo chủ đề>Ngày Quốc Tế Phụ Nữ 8/3","https://hoatuoi360.com/contents/images/Products/hoa-hop/GF%2018001.JPG","Bình thường","Kích thước",2500000
"wjurn","#GF18001","Hoa Hộp GF 18001","<p><strong>RƯỢU - TÁO</strong></p>
<p>Táo biểu hiện cho sự hòa bình, đem lại sức khỏe và sự hòa hợp kết hợp với rượu vang mang ý nghĩa của sự may mắn như những lời chúc tuyệt vời nhất cho người nhận.</p>
<p>Hộp hoa Rượu - Táo là cầu nối tình cảm hiệu quả cho những dịp lễ quan trọng như Quốc tế Phụ nữ, Tri ân, Thăng chức, Sinh nhật,...Chẳng mấy ai nỡ lòng từ chối một món quà đầy ý nghĩa như thế vào những dịp lễ Tết đặc biệt cả.</p>
","
<p>Hoa Hộp gồm Địa Lan, Lan Vũ Nữ, Hoa Cát Tường, Hoa Thủy Tiên, 1 chai rượu vang Ý, Táo xanh cùng các loại hoa lá phụ liệu khác.</p>
","Hoa theo chủ đề>Ngày Quốc Tế Phụ Nữ 8/3","https://hoatuoi360.com/contents/images/Products/hoa-hop/GF%2018001.JPG","Lớn hơn (+30%)","Kích thước",3250000
"itqzg","#GF18005","Hoa Hộp GF 18005","<p><strong>RƯỢU TÌNH</strong></p>
<p>Rượu vang có rất nhiều loại, nên việc lựa chọn sản phẩm cuối cùng sẽ thể hiện được người tặng đã thấu hiểu người nhận đến đâu. Điều này cũng giống như việc lựa chọn một trong hàng trăm ngàn gợi ý quà tặng ở các lĩnh vực. Món quà hoa Rượu Tình được gửi đi như sự quan tâm chân thành đến những người&nbsp;bạn yêu thương.&nbsp;</p>
<p>Hộp hoa thích hợp tặng trong các dịp lễ như Sinh nhật, Thăng chức,&nbsp;Quốc tế Phụ nữ 8/3,.... Đảm bảo rằng, khi nhận được món quà này người thương sẽ nở một nụ cười hạnh phúc.</p>
","
<p>Hoa Hộp <strong>Rượu Tình</strong>&nbsp;gồm Lan Vũ Nữ, Hoa Hướng Dương, Táo đỏ, 1 chai rượu vang Ý cùng các loại hoa lá phụ liệu khác.</p>
","Hoa theo chủ đề>Ngày Quốc Tế Phụ Nữ 8/3","https://hoatuoi360.com/contents/images/Products/hoa-hop/gf%2018005a.jpg","Bình thường","Kích thước",2000000
"itqzg","#GF18005","Hoa Hộp GF 18005","<p><strong>RƯỢU TÌNH</strong></p>
<p>Rượu vang có rất nhiều loại, nên việc lựa chọn sản phẩm cuối cùng sẽ thể hiện được người tặng đã thấu hiểu người nhận đến đâu. Điều này cũng giống như việc lựa chọn một trong hàng trăm ngàn gợi ý quà tặng ở các lĩnh vực. Món quà hoa Rượu Tình được gửi đi như sự quan tâm chân thành đến những người&nbsp;bạn yêu thương.&nbsp;</p>
<p>Hộp hoa thích hợp tặng trong các dịp lễ như Sinh nhật, Thăng chức,&nbsp;Quốc tế Phụ nữ 8/3,.... Đảm bảo rằng, khi nhận được món quà này người thương sẽ nở một nụ cười hạnh phúc.</p>
","
<p>Hoa Hộp <strong>Rượu Tình</strong>&nbsp;gồm Lan Vũ Nữ, Hoa Hướng Dương, Táo đỏ, 1 chai rượu vang Ý cùng các loại hoa lá phụ liệu khác.</p>
","Hoa theo chủ đề>Ngày Quốc Tế Phụ Nữ 8/3","https://hoatuoi360.com/contents/images/Products/hoa-hop/gf%2018005a.jpg","Lớn hơn (+30%)","Kích thước",2600000
"7jryb","#GF18007","Hoa Hộp GF 18007","<p><b>VỊ NGỌT</b></p>
<p>Bia Corona Extra xuất xứ từ Mexico là một trong những loại bia được uống nhiều nhất thế giới.&nbsp;Sau những ngày làm việc mệt mỏi vất vả&nbsp;có một chút&nbsp;bia Corona sé giúp&nbsp;bạn xua tan đi mệt mỏi, áp lực trong công việc hàng ngày.&nbsp;</p>
<p>Hoa&nbsp;hộp <strong>Vị Ngọt</strong> là&nbsp;món quà không chỉ khiến cho người bạn muốn gửi gắm&nbsp;thích thú ngắm nhìn, mà còn say mê với vị&nbsp;ngon của bia Corona. Sản phẩm thích hợp để tặng trong những dịp lễ đặc biệt như Quốc tế Phụ nữ, sinh nhật, khai trương, chúc mừng...</p>
","
<p>Sản phẩm&nbsp;gồm Lan Vũ Nữ, Hoa Cát Tường, Táo xanh, 2 chai Corona cùng các loại hoa lá phụ liệu khác.</p>
","Hoa theo chủ đề>Ngày Quốc Tế Phụ Nữ 8/3","https://hoatuoi360.com/contents/images/Products/hoa-hop/gf%2018007.jpg","Bình thường","Kích thước",1000000
"7jryb","#GF18007","Hoa Hộp GF 18007","<p><b>VỊ NGỌT</b></p>
<p>Bia Corona Extra xuất xứ từ Mexico là một trong những loại bia được uống nhiều nhất thế giới.&nbsp;Sau những ngày làm việc mệt mỏi vất vả&nbsp;có một chút&nbsp;bia Corona sé giúp&nbsp;bạn xua tan đi mệt mỏi, áp lực trong công việc hàng ngày.&nbsp;</p>
<p>Hoa&nbsp;hộp <strong>Vị Ngọt</strong> là&nbsp;món quà không chỉ khiến cho người bạn muốn gửi gắm&nbsp;thích thú ngắm nhìn, mà còn say mê với vị&nbsp;ngon của bia Corona. Sản phẩm thích hợp để tặng trong những dịp lễ đặc biệt như Quốc tế Phụ nữ, sinh nhật, khai trương, chúc mừng...</p>
","
<p>Sản phẩm&nbsp;gồm Lan Vũ Nữ, Hoa Cát Tường, Táo xanh, 2 chai Corona cùng các loại hoa lá phụ liệu khác.</p>
","Hoa theo chủ đề>Ngày Quốc Tế Phụ Nữ 8/3","https://hoatuoi360.com/contents/images/Products/hoa-hop/gf%2018007.jpg","Lớn hơn (+30%)","Kích thước",1300000
"fbz64","#SF18002","Hoa Chúc Mừng SF 18002","<p><strong>LẠC QUAN</strong></p>
<p>Theo Khoa học về Phong thủy, màu&nbsp;vàng nghĩa là vui vẻ và phấn khởi. Màu vàng kích thích trí tuệ, kích thích tinh thần để làm việc và học tập. Kệ hoa Chúc mừng với tông màu vàng chủ đạo của Hoa Đồng Tiền, Lily và Lan Mokara sẽ giúp tinh thần của người nhận trở nên phấn chấn và đầy lạc quan, tiếp thêm sức mạnh để thành công trong mọi công việc. Những dịp như khai trương, chúc mừng thăng chức, Chúc mừng... chắn chắn không thể thiếu kệ hoa ý nghĩa này.</p>
","
<p>Kệ Hoa Chúc Mừng gồm Lan Bò Cạp, Hoa Đồng Tiền, Hồng Môn, Lan Mokara cùng các loại hoa lá phụ liệu khác.</p>
","Hoa theo chủ đề>Ngày Quốc Tế Phụ Nữ 8/3","https://hoatuoi360.com/contents/images/Products/hoa-khai-truong/SF%2018002.JPG","Bình thường","Kích thước",1000000
"fbz64","#SF18002","Hoa Chúc Mừng SF 18002","<p><strong>LẠC QUAN</strong></p>
<p>Theo Khoa học về Phong thủy, màu&nbsp;vàng nghĩa là vui vẻ và phấn khởi. Màu vàng kích thích trí tuệ, kích thích tinh thần để làm việc và học tập. Kệ hoa Chúc mừng với tông màu vàng chủ đạo của Hoa Đồng Tiền, Lily và Lan Mokara sẽ giúp tinh thần của người nhận trở nên phấn chấn và đầy lạc quan, tiếp thêm sức mạnh để thành công trong mọi công việc. Những dịp như khai trương, chúc mừng thăng chức, Chúc mừng... chắn chắn không thể thiếu kệ hoa ý nghĩa này.</p>
","
<p>Kệ Hoa Chúc Mừng gồm Lan Bò Cạp, Hoa Đồng Tiền, Hồng Môn, Lan Mokara cùng các loại hoa lá phụ liệu khác.</p>
","Hoa theo chủ đề>Ngày Quốc Tế Phụ Nữ 8/3","https://hoatuoi360.com/contents/images/Products/hoa-khai-truong/SF%2018002.JPG","Lớn hơn (+30%)","Kích thước",1300000
"lj7tf","#SF18006","Hoa Chúc Mừng SF 18006","<p><strong>NHIỆT HUYẾT</strong></p>
<p>Hoa đồng tiền tượng trưng cho sự tin tưởng và sự sôi nổi. Những cánh hoa xòe rộng, màu sắc tươi sáng thể hiện sức sống mãnh liệt, sự nhiệt tình trong công việc. Kệ hoa được gửi đi&nbsp;như lời động viên, khích lệ tinh thần thích hợp dùng tặng trong dịp Khai trương, Tốt nghiệp, Thăng chức, Chúc mừng ... chắc chắn sẽ người nhận được sẽ rất vui mừng, phấn khích.&nbsp;</p>
","
<p>Kệ Hoa Chúc Mừng gồm Hoa Đồng Tiền, Hoa Lily, Lan Mokara cùng các loại hoa lá phụ liệu khác.</p>
","Hoa theo chủ đề>Ngày Quốc Tế Phụ Nữ 8/3","https://hoatuoi360.com/contents/images/Products/hoa-khai-truong/SF%2018006.JPG","Bình thường","Kích thước",700000
"lj7tf","#SF18006","Hoa Chúc Mừng SF 18006","<p><strong>NHIỆT HUYẾT</strong></p>
<p>Hoa đồng tiền tượng trưng cho sự tin tưởng và sự sôi nổi. Những cánh hoa xòe rộng, màu sắc tươi sáng thể hiện sức sống mãnh liệt, sự nhiệt tình trong công việc. Kệ hoa được gửi đi&nbsp;như lời động viên, khích lệ tinh thần thích hợp dùng tặng trong dịp Khai trương, Tốt nghiệp, Thăng chức, Chúc mừng ... chắc chắn sẽ người nhận được sẽ rất vui mừng, phấn khích.&nbsp;</p>
","
<p>Kệ Hoa Chúc Mừng gồm Hoa Đồng Tiền, Hoa Lily, Lan Mokara cùng các loại hoa lá phụ liệu khác.</p>
","Hoa theo chủ đề>Ngày Quốc Tế Phụ Nữ 8/3","https://hoatuoi360.com/contents/images/Products/hoa-khai-truong/SF%2018006.JPG","Lớn hơn (+30%)","Kích thước",910000
"9w2nn","#GF18009","Hoa Hộp GF 18009","<p>TƯƠI TẮN</p>
<p>Học tập đơn giản là hạt giống của kiến thức, kiến thức là hạt giống của hạnh phúc. Muốn có được thành công, hạnh phúc chúng ta phải không ngừng nỗ lực, trau dồi. Hộp Hoa với gam màu vàng sang trọng, mang ý nghĩa của sự kiên trì, chính là món quà bạn tìm kiếm trong dịp Khai trương, Chúc mừng, Sinh nhật,...</p>
","
<p>Hoa Hộp gồm Địa Lan, Lan Vũ Nữ, Hoa Cát Tường, Táo xanh cùng các loại hoa lá phụ liệu khác.</p>
","Hoa theo chủ đề>Ngày Quốc Tế Phụ Nữ 8/3","https://hoatuoi360.com/contents/images/Products/hoa-hop/GF%2018009.JPG","Bình thường","Kích thước",2000000
"9w2nn","#GF18009","Hoa Hộp GF 18009","<p>TƯƠI TẮN</p>
<p>Học tập đơn giản là hạt giống của kiến thức, kiến thức là hạt giống của hạnh phúc. Muốn có được thành công, hạnh phúc chúng ta phải không ngừng nỗ lực, trau dồi. Hộp Hoa với gam màu vàng sang trọng, mang ý nghĩa của sự kiên trì, chính là món quà bạn tìm kiếm trong dịp Khai trương, Chúc mừng, Sinh nhật,...</p>
","
<p>Hoa Hộp gồm Địa Lan, Lan Vũ Nữ, Hoa Cát Tường, Táo xanh cùng các loại hoa lá phụ liệu khác.</p>
","Hoa theo chủ đề>Ngày Quốc Tế Phụ Nữ 8/3","https://hoatuoi360.com/contents/images/Products/hoa-hop/GF%2018009.JPG","Lớn hơn (+30%)","Kích thước",2600000
"ul7qq","#B18101","Hoa Bó B 18101","<p style=""margin-left:9.0pt;""><strong>HY VỌNG</strong></p>
<p style=""margin-left:9.0pt;"">Hoa Hướng Dương là loài hoa luôn quay theo hướng mặt trời, khi đạt đến chiều cao bằng người, các cây luôn hướng về phía đông cho một khởi đầu mới, để được sưởi ấm từ mặt trời nhằm thu hút các côn trùng thụ phấn.</p>
<p style=""margin-left:9.0pt;"">Vì thế, bó hoa Hướng Dương luôn mang ý nghĩa của niềm tin và hy&nbsp;vọng. Đây chính là món quà ý nghĩa dành cho những người bạn trân trọng vào dịp Quốc tế phụ nữ, Sinh nhật, ....</p>
<p style=""margin-left:9.0pt;"">Lưu ý: Tối thiểu 5 bó hoa cho 1 đơn hàng.</p>
","
<p>Bó hoa <strong>Hy Vọng</strong> gồm 1 Hoa Hướng Dương to tròn cùng các hoa lá phụ liệu khác.</p>
","Hoa theo chủ đề>Ngày Quốc Tế Phụ Nữ 8/3","https://hoatuoi360.com/contents/images/Products/hoa-bo/112a.JPG","Bình thường","Kích thước",70000
"ul7qq","#B18101","Hoa Bó B 18101","<p style=""margin-left:9.0pt;""><strong>HY VỌNG</strong></p>
<p style=""margin-left:9.0pt;"">Hoa Hướng Dương là loài hoa luôn quay theo hướng mặt trời, khi đạt đến chiều cao bằng người, các cây luôn hướng về phía đông cho một khởi đầu mới, để được sưởi ấm từ mặt trời nhằm thu hút các côn trùng thụ phấn.</p>
<p style=""margin-left:9.0pt;"">Vì thế, bó hoa Hướng Dương luôn mang ý nghĩa của niềm tin và hy&nbsp;vọng. Đây chính là món quà ý nghĩa dành cho những người bạn trân trọng vào dịp Quốc tế phụ nữ, Sinh nhật, ....</p>
<p style=""margin-left:9.0pt;"">Lưu ý: Tối thiểu 5 bó hoa cho 1 đơn hàng.</p>
","
<p>Bó hoa <strong>Hy Vọng</strong> gồm 1 Hoa Hướng Dương to tròn cùng các hoa lá phụ liệu khác.</p>
","Hoa theo chủ đề>Ngày Quốc Tế Phụ Nữ 8/3","https://hoatuoi360.com/contents/images/Products/hoa-bo/112a.JPG","Lớn hơn (+30%)","Kích thước",91000
"ze8hn","#G18009","Hoa Giỏ G 18009","<p style=""margin-left:9.0pt;""><strong>GẮN KẾT</strong></p>
<p style=""margin-left:9.0pt;"">Đối với người Phương Đông, Hoa lily&nbsp;tượng trưng cho&nbsp;sự cao sang, quý phái. Giỏ hoa với điểm nhấn là 2 bông lily&nbsp;vàng toát lên vẻ thanh tao dành riêng cho những cô nàng đài các, kiêu sa. Hoa ly còn mang ý nghĩa của sự hạnh phúc viên mãn của các cặp vợ chồng.</p>
<p style=""margin-left:9.0pt;"">Những dịp lễ như Quốc tế phụ nữ, sinh nhật,... là cơ hội để bày tỏ tình yêu thương. Giỏ&nbsp;quà thích hợp tặng cho những người phụ nữ&nbsp;thân yêu, hay tặng cho cô nàng mà ta thương thầm, trộn nhớ.</p>
","
<p>Món quà hoa <strong>Gắn Kết </strong>gồm Hoa Hồng, Lan Mokara, Lily cùng các loại hoa lá phụ liệu khác đặt trong một giỏ hoa trắng tinh khôi.</p>
","Hoa theo chủ đề>Ngày Quốc Tế Phụ Nữ 8/3","https://hoatuoi360.com/contents/images/Products/hoa-gio/G%2018009.JPG","Bình thường","Kích thước",300000
"ze8hn","#G18009","Hoa Giỏ G 18009","<p style=""margin-left:9.0pt;""><strong>GẮN KẾT</strong></p>
<p style=""margin-left:9.0pt;"">Đối với người Phương Đông, Hoa lily&nbsp;tượng trưng cho&nbsp;sự cao sang, quý phái. Giỏ hoa với điểm nhấn là 2 bông lily&nbsp;vàng toát lên vẻ thanh tao dành riêng cho những cô nàng đài các, kiêu sa. Hoa ly còn mang ý nghĩa của sự hạnh phúc viên mãn của các cặp vợ chồng.</p>
<p style=""margin-left:9.0pt;"">Những dịp lễ như Quốc tế phụ nữ, sinh nhật,... là cơ hội để bày tỏ tình yêu thương. Giỏ&nbsp;quà thích hợp tặng cho những người phụ nữ&nbsp;thân yêu, hay tặng cho cô nàng mà ta thương thầm, trộn nhớ.</p>
","
<p>Món quà hoa <strong>Gắn Kết </strong>gồm Hoa Hồng, Lan Mokara, Lily cùng các loại hoa lá phụ liệu khác đặt trong một giỏ hoa trắng tinh khôi.</p>
","Hoa theo chủ đề>Ngày Quốc Tế Phụ Nữ 8/3","https://hoatuoi360.com/contents/images/Products/hoa-gio/G%2018009.JPG","Lớn hơn (+30%)","Kích thước",390000
"667ad","#V129","Hoa bình V 129","<p><strong>HOÀNG GIA</strong></p>
<p>Phần lớn mọi người đều muốn rằng không gian sống của mình thật thoải mái và tiện nghi, hơn thế là sang trọng và đẳng cấp, vì thế đặt hoa bình này của hoatuoi360.com trong phòng khách hay trong phòng làm việc sẽ khiến mọi thứ bừng sáng, tạo cho bạn cảm giác sảng khoái và hưng phấn nhất.</p>
","
<p>Phong cách Hoàng Gia với Hồ Điệp, Cẩm Tú Cầu, Hồng...cùng các hoa lá phụ khác.</p>
","Hoa theo chủ đề>Ngày Quốc Tế Phụ Nữ 8/3","https://hoatuoi360.com/contents/images/Products/hoa-binh/Hoa-binh-V-126.jpg","Bình thường","Kích thước",3000000
"667ad","#V129","Hoa bình V 129","<p><strong>HOÀNG GIA</strong></p>
<p>Phần lớn mọi người đều muốn rằng không gian sống của mình thật thoải mái và tiện nghi, hơn thế là sang trọng và đẳng cấp, vì thế đặt hoa bình này của hoatuoi360.com trong phòng khách hay trong phòng làm việc sẽ khiến mọi thứ bừng sáng, tạo cho bạn cảm giác sảng khoái và hưng phấn nhất.</p>
","
<p>Phong cách Hoàng Gia với Hồ Điệp, Cẩm Tú Cầu, Hồng...cùng các hoa lá phụ khác.</p>
","Hoa theo chủ đề>Ngày Quốc Tế Phụ Nữ 8/3","https://hoatuoi360.com/contents/images/Products/hoa-binh/Hoa-binh-V-126.jpg","Lớn hơn (+30%)","Kích thước",3900000
"oshj","#B18001","Hoa Bó B 18001","<p style=""margin-left:9.0pt;""><strong>MAY MẮN</strong></p>
<p style=""margin-left:9.0pt;"">Hoa Hồng trắng thể hiện một tình cảm&nbsp;trong sáng và tinh tế. 22 Hoa Hồng trắng gửi đi lời chúc may mắn đến những người thân yêu.&nbsp;</p>
<p style=""margin-left:9.0pt;"">Món quà không những thích hợp tặng cho người thương để thể hiện tình yêu thuần khiết, tặng bạn bè thể hiện lòng quý mến chân thành mà còn thích hợp tặng cho người mẹ, người cô,&nbsp;người chị, sếp nữ,...&nbsp;để thể hiện sự quý trọng, yêu kính trong những dịp lễ đặc biệt.</p>
<p style=""margin-left:9.0pt;"">&nbsp;</p>
","
<p>Bó hoa <strong>May Mắn</strong> gồm 22 Hoa Hồng trắng, Gấu con cùng các hoa lá phụ liệu khác được gói cẩn thận trong những tờ giấy gói duyên dáng.</p>
","Hoa theo chủ đề>Ngày Quốc Tế Phụ Nữ 8/3","https://hoatuoi360.com/contents/images/Products/hoa-bo/B%2018001.JPG","Bình thường","Kích thước",1000000
"oshj","#B18001","Hoa Bó B 18001","<p style=""margin-left:9.0pt;""><strong>MAY MẮN</strong></p>
<p style=""margin-left:9.0pt;"">Hoa Hồng trắng thể hiện một tình cảm&nbsp;trong sáng và tinh tế. 22 Hoa Hồng trắng gửi đi lời chúc may mắn đến những người thân yêu.&nbsp;</p>
<p style=""margin-left:9.0pt;"">Món quà không những thích hợp tặng cho người thương để thể hiện tình yêu thuần khiết, tặng bạn bè thể hiện lòng quý mến chân thành mà còn thích hợp tặng cho người mẹ, người cô,&nbsp;người chị, sếp nữ,...&nbsp;để thể hiện sự quý trọng, yêu kính trong những dịp lễ đặc biệt.</p>
<p style=""margin-left:9.0pt;"">&nbsp;</p>
","
<p>Bó hoa <strong>May Mắn</strong> gồm 22 Hoa Hồng trắng, Gấu con cùng các hoa lá phụ liệu khác được gói cẩn thận trong những tờ giấy gói duyên dáng.</p>
","Hoa theo chủ đề>Ngày Quốc Tế Phụ Nữ 8/3","https://hoatuoi360.com/contents/images/Products/hoa-bo/B%2018001.JPG","Lớn hơn (+30%)","Kích thước",1300000
"0siw","#GF18006","Hoa Hộp GF 18006","<p><strong>SAY TÌNH</strong></p>
<p>Làm thế nào gửi gắm hết tâm tư tình cảm vào hết một món quà chắn hẳn làm nhiều người rất phân vân. Hiểu được nỗi lòng ấy, Hoa Hộp Say Tình được thiết kế với Rượu - Lời chúc sức khỏe, Hoa Hướng Dương - Lời Chúc Thành công, may mắn, Lan Vũ Nữ - Lời chúc sắc đẹp, trí tuệ. Đây chính là món quà mà bạn vất vả tìm kiếm để tặng cho người thân, bạn bè, đồng nghiệp,.. Nhất định thông điệp tình cảm của bạn sẽ được truyền tải một cách đầy đủ nhất.</p>
","
<p>Hộp Hoa <strong>Say Tình </strong>được kết hợp từ Lan Vũ Nữ, Hoa Hướng Dương, Táo Xanh, 2 chai Corona cùng các loại hoa lá phụ liệu khác trong một hộp gỗ trang nhã.</p>
","Hoa theo chủ đề>Ngày Quốc Tế Phụ Nữ 8/3","https://hoatuoi360.com/contents/images/Products/hoa-hop/GF%2018006.JPG","Bình thường","Kích thước",1000000
"0siw","#GF18006","Hoa Hộp GF 18006","<p><strong>SAY TÌNH</strong></p>
<p>Làm thế nào gửi gắm hết tâm tư tình cảm vào hết một món quà chắn hẳn làm nhiều người rất phân vân. Hiểu được nỗi lòng ấy, Hoa Hộp Say Tình được thiết kế với Rượu - Lời chúc sức khỏe, Hoa Hướng Dương - Lời Chúc Thành công, may mắn, Lan Vũ Nữ - Lời chúc sắc đẹp, trí tuệ. Đây chính là món quà mà bạn vất vả tìm kiếm để tặng cho người thân, bạn bè, đồng nghiệp,.. Nhất định thông điệp tình cảm của bạn sẽ được truyền tải một cách đầy đủ nhất.</p>
","
<p>Hộp Hoa <strong>Say Tình </strong>được kết hợp từ Lan Vũ Nữ, Hoa Hướng Dương, Táo Xanh, 2 chai Corona cùng các loại hoa lá phụ liệu khác trong một hộp gỗ trang nhã.</p>
","Hoa theo chủ đề>Ngày Quốc Tế Phụ Nữ 8/3","https://hoatuoi360.com/contents/images/Products/hoa-hop/GF%2018006.JPG","Lớn hơn (+30%)","Kích thước",1300000
"5s9mj","#G18006","Hoa Hộp G 18006","<p style=""margin-left:9.0pt;""><strong>THANH CAO</strong></p>
<p style=""margin-left:9.0pt;"">Green Wicky là hoa cẩm chướng Nhật có màu xanh mướt, hình dáng độc đáo và tươi rất lâu. Loài hoa này mang ý nghĩa của hoa cẩm chướng, tượng trưng cho tình bạn, lòng quý mến, tình yêu trong trắng, thanh cao.</p>
<p style=""margin-left:9.0pt;"">Green Wicky kết hợp cùng Hoa hồng da tạo thành hộp&nbsp;hoa với màu sắc trang nhã, tràn đầy sức sống hứa hẹn sẽ mang đến điều tuyệt vời trong những dịp quan trọng.</p>
<p style=""margin-left:9.0pt;"">&nbsp;</p>
","
<p>Hoa Hộp <strong>Thanh Cao </strong>gồm Hoa Hướng Dương, Hoa Hồng, Wicky cùng các loại hoa lá phụ liệu khác.</p>
","Hoa theo chủ đề>Ngày Quốc Tế Phụ Nữ 8/3","https://hoatuoi360.com/contents/images/Products/hoa-hop/G%2018006.jpg","Bình thường","Kích thước",500000
"5s9mj","#G18006","Hoa Hộp G 18006","<p style=""margin-left:9.0pt;""><strong>THANH CAO</strong></p>
<p style=""margin-left:9.0pt;"">Green Wicky là hoa cẩm chướng Nhật có màu xanh mướt, hình dáng độc đáo và tươi rất lâu. Loài hoa này mang ý nghĩa của hoa cẩm chướng, tượng trưng cho tình bạn, lòng quý mến, tình yêu trong trắng, thanh cao.</p>
<p style=""margin-left:9.0pt;"">Green Wicky kết hợp cùng Hoa hồng da tạo thành hộp&nbsp;hoa với màu sắc trang nhã, tràn đầy sức sống hứa hẹn sẽ mang đến điều tuyệt vời trong những dịp quan trọng.</p>
<p style=""margin-left:9.0pt;"">&nbsp;</p>
","
<p>Hoa Hộp <strong>Thanh Cao </strong>gồm Hoa Hướng Dương, Hoa Hồng, Wicky cùng các loại hoa lá phụ liệu khác.</p>
","Hoa theo chủ đề>Ngày Quốc Tế Phụ Nữ 8/3","https://hoatuoi360.com/contents/images/Products/hoa-hop/G%2018006.jpg","Lớn hơn (+30%)","Kích thước",650000
"039it","#GF18010","Hoa Hộp GF 18010","<p><strong>HẠNH PHÚC</strong></p>
<p>Mọi người nói rằng trong cuộc sống mỗi người cần 3 điều để trở nên thực sự hạnh phúc: một ai đó để yêu thương, một công việc để làm và quan trọng là một cái gì đó để hy vọng - Tom Bodett.&nbsp;Chúc cho những ai nhận được món quà với Hoa Hạnh Phúc&nbsp;này sẽ luôn luôn mỉm cười và có nhiều niềm vui trong cuộc sống. Sản phẩm thích hợp dành tặng trong ngày Sinh nhật, Khai trương, Quốc tế Phụ Nữ,...</p>
","
<p>Hoa Hộp gồm Lan Vũ Nữ, Hướng Dương, Hoa Hạnh Phúc, Tú Cầu, Táo đỏ, Nho, 2 chai Corona cùng các loại hoa lá phụ liệu khác.</p>
","Hoa theo chủ đề>Ngày Quốc Tế Phụ Nữ 8/3","https://hoatuoi360.com/contents/images/Products/hoa-hop/gf%2018010.jpg","Bình thường","Kích thước",2000000
"039it","#GF18010","Hoa Hộp GF 18010","<p><strong>HẠNH PHÚC</strong></p>
<p>Mọi người nói rằng trong cuộc sống mỗi người cần 3 điều để trở nên thực sự hạnh phúc: một ai đó để yêu thương, một công việc để làm và quan trọng là một cái gì đó để hy vọng - Tom Bodett.&nbsp;Chúc cho những ai nhận được món quà với Hoa Hạnh Phúc&nbsp;này sẽ luôn luôn mỉm cười và có nhiều niềm vui trong cuộc sống. Sản phẩm thích hợp dành tặng trong ngày Sinh nhật, Khai trương, Quốc tế Phụ Nữ,...</p>
","
<p>Hoa Hộp gồm Lan Vũ Nữ, Hướng Dương, Hoa Hạnh Phúc, Tú Cầu, Táo đỏ, Nho, 2 chai Corona cùng các loại hoa lá phụ liệu khác.</p>
","Hoa theo chủ đề>Ngày Quốc Tế Phụ Nữ 8/3","https://hoatuoi360.com/contents/images/Products/hoa-hop/gf%2018010.jpg","Lớn hơn (+30%)","Kích thước",2600000
"9p1wn","#G18008","Hoa Hộp G 18008","<p><strong>NHỰA SỐNG</strong></p>
<p>Emma Goldman đã nói rằng: 'Tôi thà có hoa hồng ở trên bàn còn hơn có kim cương ở trên cổ"". Giá trị của những đóa hồng chỉ có được khi người ta biết cảm nhận và ngắm nhìn nó.</p>
<p>Kết hợp với Wicky, Cát Tường, Hộp hoa đã thể hiện lên được đẳng cấp mà chỉ Hoa Tươi 360 mới có. Món quà với thông điệp ""Chúc một ngày mới tràn đầy sức sống"" thích hợp để thể hiện tình cảm trong những ngày quan trọng như Quốc tế Phụ nữ, sinh nhật,...</p>
","
<p>Hoa Hộp <strong>Nhựa sống</strong>&nbsp;gồm Hoa Hồng, Cát Tường, Táo đỏ cùng các loại hoa lá phụ liệu khác.</p>
","Hoa theo chủ đề>Ngày Quốc Tế Phụ Nữ 8/3","https://hoatuoi360.com/contents/images/Products/hoa-hop/G%2018008.jpg","Bình thường","Kích thước",1000000
"9p1wn","#G18008","Hoa Hộp G 18008","<p><strong>NHỰA SỐNG</strong></p>
<p>Emma Goldman đã nói rằng: 'Tôi thà có hoa hồng ở trên bàn còn hơn có kim cương ở trên cổ"". Giá trị của những đóa hồng chỉ có được khi người ta biết cảm nhận và ngắm nhìn nó.</p>
<p>Kết hợp với Wicky, Cát Tường, Hộp hoa đã thể hiện lên được đẳng cấp mà chỉ Hoa Tươi 360 mới có. Món quà với thông điệp ""Chúc một ngày mới tràn đầy sức sống"" thích hợp để thể hiện tình cảm trong những ngày quan trọng như Quốc tế Phụ nữ, sinh nhật,...</p>
","
<p>Hoa Hộp <strong>Nhựa sống</strong>&nbsp;gồm Hoa Hồng, Cát Tường, Táo đỏ cùng các loại hoa lá phụ liệu khác.</p>
","Hoa theo chủ đề>Ngày Quốc Tế Phụ Nữ 8/3","https://hoatuoi360.com/contents/images/Products/hoa-hop/G%2018008.jpg","Lớn hơn (+30%)","Kích thước",1300000
"gntzo","#G18012","Hoa Hộp G 18012","<p><strong>KIÊU HÃNH</strong></p>
<p>Hoa Ly Hồng là biểu trưng cho sự giàu sang, kiêu hãnh. Trong phong thủy, số 8 là số biểu trưng cho việc bất khả xâm phạm. 8 bông Ly với ngụ ý, chúc cho người nhận luôn luôn phát tài, phú quý. Món quà thích hợp tặng trong các dịp lễ đặc biệt như Khai Trương, Thăng chức, Sinh nhật, ....</p>
","
<p>Hoa Hộp gồm Lan Bò Cạp, Lan Hồ Điệp, Bạch Môn, Hoa Hồng, Trái cây cùng các loại hoa lá phụ liệu khác.</p>
","Hoa theo chủ đề>Ngày Quốc Tế Phụ Nữ 8/3","https://hoatuoi360.com/contents/images/Products/hoa-hop/G%2018012.JPG","Bình thường","Kích thước",2000000
"gntzo","#G18012","Hoa Hộp G 18012","<p><strong>KIÊU HÃNH</strong></p>
<p>Hoa Ly Hồng là biểu trưng cho sự giàu sang, kiêu hãnh. Trong phong thủy, số 8 là số biểu trưng cho việc bất khả xâm phạm. 8 bông Ly với ngụ ý, chúc cho người nhận luôn luôn phát tài, phú quý. Món quà thích hợp tặng trong các dịp lễ đặc biệt như Khai Trương, Thăng chức, Sinh nhật, ....</p>
","
<p>Hoa Hộp gồm Lan Bò Cạp, Lan Hồ Điệp, Bạch Môn, Hoa Hồng, Trái cây cùng các loại hoa lá phụ liệu khác.</p>
","Hoa theo chủ đề>Ngày Quốc Tế Phụ Nữ 8/3","https://hoatuoi360.com/contents/images/Products/hoa-hop/G%2018012.JPG","Lớn hơn (+30%)","Kích thước",2600000
"ovbkn","#B18002","Hoa Bó B 18002","<p style=""margin-left:9.0pt;""><strong>MẶN MÀ</strong></p>
<p style=""margin-left:9.0pt;"">Hoa Hồng đỏ từ lâu đã tượng trưng cho một tình yêu mãnh liệt và đậm đà bày tỏ sự hạnh phúc vinh dự. Trong các mối quan hệ của các cặp đôi thì một bó Hoa Hồng đỏ sẽ thể hiện một khởi đầu lãng mạn và một tình yêu bền vững vượt thời gian.</p>
<p style=""margin-left:9.0pt;"">Hiện nay, việc tặng hoa ngày càng được phổ biến, người ta không chỉ tặng hoa hồng đỏ đơn thuần để thể hiện tình cảm nam nữ mà còn thể hiện tình cảm mặn mà không bờ bến đối với những người ta dành hết tình cảm yêu thương như mẹ, chị, em,… trong những dịp lễ đặc biệt như dịp Sinh nhật, Ngày Phụ Nữ, Chúc mừng,...</p>
<p style=""margin-left:9.0pt;"">&nbsp;</p>
","
<p>Món quà hoa <strong>Mặn Mà</strong> gồm 11 Bông Hồng đỏ cùng các loại hoa lá phụ liệu khác.</p>
","Hoa theo chủ đề>Ngày Quốc Tế Phụ Nữ 8/3","https://hoatuoi360.com/contents/images/Products/hoa-bo/b%2018002.jpg","Bình thường","Kích thước",500000
"ovbkn","#B18002","Hoa Bó B 18002","<p style=""margin-left:9.0pt;""><strong>MẶN MÀ</strong></p>
<p style=""margin-left:9.0pt;"">Hoa Hồng đỏ từ lâu đã tượng trưng cho một tình yêu mãnh liệt và đậm đà bày tỏ sự hạnh phúc vinh dự. Trong các mối quan hệ của các cặp đôi thì một bó Hoa Hồng đỏ sẽ thể hiện một khởi đầu lãng mạn và một tình yêu bền vững vượt thời gian.</p>
<p style=""margin-left:9.0pt;"">Hiện nay, việc tặng hoa ngày càng được phổ biến, người ta không chỉ tặng hoa hồng đỏ đơn thuần để thể hiện tình cảm nam nữ mà còn thể hiện tình cảm mặn mà không bờ bến đối với những người ta dành hết tình cảm yêu thương như mẹ, chị, em,… trong những dịp lễ đặc biệt như dịp Sinh nhật, Ngày Phụ Nữ, Chúc mừng,...</p>
<p style=""margin-left:9.0pt;"">&nbsp;</p>
","
<p>Món quà hoa <strong>Mặn Mà</strong> gồm 11 Bông Hồng đỏ cùng các loại hoa lá phụ liệu khác.</p>
","Hoa theo chủ đề>Ngày Quốc Tế Phụ Nữ 8/3","https://hoatuoi360.com/contents/images/Products/hoa-bo/b%2018002.jpg","Lớn hơn (+30%)","Kích thước",650000
"hrh8d","#G18016","Hoa Hộp G 18016","<p><strong>HƯƠNG NỒNG</strong></p>
<p>Hoa hồng đỏ với sắc đỏ quyền lực, hay còn được mệnh danh là “Nữ chúa của các loài hoa” mang hương thơm nồng nàn tượng trưng cho một tình yêu lãng mạn, nhiệt huyết. Tặng 50 bông hồng đỏ có nghĩa là bạn đã ngầm gửi đi những thông điệp yêu thương vô điều kiện&nbsp;đến người thân yêu, có thể là mẹ, là vợ, là những người phụ nữ mà ta thương nhất trong những dịp đặc biệt.</p>
","
<p>Món quà hoa&nbsp;<strong>Hương Nồng</strong> gồm 50 bông hồng đỏ xòe tròn 4 mặt cùng các loại hoa lá phụ liệu khác đựng trong một hộp gỗ xinh xắn.</p>
","Hoa theo chủ đề>Ngày Quốc Tế Phụ Nữ 8/3","https://hoatuoi360.com/contents/images/Products/hoa-hop/G%2018016.jpg","Bình thường","Kích thước",2000000
"hrh8d","#G18016","Hoa Hộp G 18016","<p><strong>HƯƠNG NỒNG</strong></p>
<p>Hoa hồng đỏ với sắc đỏ quyền lực, hay còn được mệnh danh là “Nữ chúa của các loài hoa” mang hương thơm nồng nàn tượng trưng cho một tình yêu lãng mạn, nhiệt huyết. Tặng 50 bông hồng đỏ có nghĩa là bạn đã ngầm gửi đi những thông điệp yêu thương vô điều kiện&nbsp;đến người thân yêu, có thể là mẹ, là vợ, là những người phụ nữ mà ta thương nhất trong những dịp đặc biệt.</p>
","
<p>Món quà hoa&nbsp;<strong>Hương Nồng</strong> gồm 50 bông hồng đỏ xòe tròn 4 mặt cùng các loại hoa lá phụ liệu khác đựng trong một hộp gỗ xinh xắn.</p>
","Hoa theo chủ đề>Ngày Quốc Tế Phụ Nữ 8/3","https://hoatuoi360.com/contents/images/Products/hoa-hop/G%2018016.jpg","Lớn hơn (+30%)","Kích thước",2600000
"az7zg","#G18011","Hoa Bình G 18011","<p><b>TINH KHÔI</b></p>
<p>Một tình yêu ban sơ - một tình yêu xuất phát từ một tình bạn thân thiết, trong sáng, hồn nhiên và mơ mộng, cũng chính là ý nghĩa của những bông hoa hồng cam ngọt ngào. Điểm thêm sắc trắng của những đóa Lan Hồ Điệp, Cẩm Tú, bó hoa như thay lời nhắn nhủ rằng người ấy vô cùng quan trọng, bạn luôn lo lắng, quan tâm và cổ vũ cho người ấy.</p>
<p>Hoa Bình thích hợp để tặng cho phái yếu trong những dịp đặc biệt như Quốc tế Phụ nữ, sinh nhật,... Chắc chắn người ấy sẽ rất bất ngờ và vui sướng khi nhận được món quà độc đáo này.</p>
<p style=""margin-left:9.0pt;"">&nbsp;</p>
<p style=""margin-left:9.0pt;"">&nbsp;</p>
","
<p>Hoa Bình <strong>Thuần Khiết </strong>gồm Lan Hồ Điệp, Hoa Hồng, Phi Yến, Táo xanh cùng các loại hoa lá phụ liệu khác trên bình cổ điển.</p>
","Hoa theo chủ đề>Ngày Quốc Tế Phụ Nữ 8/3","https://hoatuoi360.com/contents/images/Products/hoa-binh/G%2018011.jpg","Bình thường","Kích thước",2500000
"az7zg","#G18011","Hoa Bình G 18011","<p><b>TINH KHÔI</b></p>
<p>Một tình yêu ban sơ - một tình yêu xuất phát từ một tình bạn thân thiết, trong sáng, hồn nhiên và mơ mộng, cũng chính là ý nghĩa của những bông hoa hồng cam ngọt ngào. Điểm thêm sắc trắng của những đóa Lan Hồ Điệp, Cẩm Tú, bó hoa như thay lời nhắn nhủ rằng người ấy vô cùng quan trọng, bạn luôn lo lắng, quan tâm và cổ vũ cho người ấy.</p>
<p>Hoa Bình thích hợp để tặng cho phái yếu trong những dịp đặc biệt như Quốc tế Phụ nữ, sinh nhật,... Chắc chắn người ấy sẽ rất bất ngờ và vui sướng khi nhận được món quà độc đáo này.</p>
<p style=""margin-left:9.0pt;"">&nbsp;</p>
<p style=""margin-left:9.0pt;"">&nbsp;</p>
","
<p>Hoa Bình <strong>Thuần Khiết </strong>gồm Lan Hồ Điệp, Hoa Hồng, Phi Yến, Táo xanh cùng các loại hoa lá phụ liệu khác trên bình cổ điển.</p>
","Hoa theo chủ đề>Ngày Quốc Tế Phụ Nữ 8/3","https://hoatuoi360.com/contents/images/Products/hoa-binh/G%2018011.jpg","Lớn hơn (+30%)","Kích thước",3250000
"y8fym","#G18014","Hoa Bình G 18014","<p><strong>MỚI MẺ </strong></p>
<p>Hoa hồng vàng là loài hoa dành cho sự khởi đầu mới trong công việc và cuộc sống thường ngày. Vì vậy trong những dịp lễ như Quốc tế Phụ nữ, sinh nhật chúc mừng, khai trương,...bạn có thể tặng hồng vàng như một cách thể hiện tình cảm yêu quý, hơn thế là một lời khen ngợi, chúc mừng cho khởi đầu tốt đẹp, thuận lợi của họ.</p>
<p>&nbsp;</p>
","
<p>Hoa Bình <strong>Mới Mẻ</strong> gồm Lan Vũ Nữ, Hoa Hồng, Táo cùng các loại hoa lá phụ liệu khác.</p>
","Hoa theo chủ đề>Ngày Quốc Tế Phụ Nữ 8/3","https://hoatuoi360.com/contents/images/Products/hoa-binh/G%2018014.JPG","Bình thường","Kích thước",1000000
"y8fym","#G18014","Hoa Bình G 18014","<p><strong>MỚI MẺ </strong></p>
<p>Hoa hồng vàng là loài hoa dành cho sự khởi đầu mới trong công việc và cuộc sống thường ngày. Vì vậy trong những dịp lễ như Quốc tế Phụ nữ, sinh nhật chúc mừng, khai trương,...bạn có thể tặng hồng vàng như một cách thể hiện tình cảm yêu quý, hơn thế là một lời khen ngợi, chúc mừng cho khởi đầu tốt đẹp, thuận lợi của họ.</p>
<p>&nbsp;</p>
","
<p>Hoa Bình <strong>Mới Mẻ</strong> gồm Lan Vũ Nữ, Hoa Hồng, Táo cùng các loại hoa lá phụ liệu khác.</p>
","Hoa theo chủ đề>Ngày Quốc Tế Phụ Nữ 8/3","https://hoatuoi360.com/contents/images/Products/hoa-binh/G%2018014.JPG","Lớn hơn (+30%)","Kích thước",1300000
"r66v","#G18001","Hoa Bình G 18001","<p><strong>VỮNG BƯỚC</strong></p>
<p>Cát Tường là loại hoa biểu trưng cho sự may mắn, khi kết hợp với Hoa Thiên điểu - loài hoa của ý chí, nghị lực vươn lên,&nbsp;tạo thành một món quà hoa vừa ý nghĩa, vừa đặc sắc. Những đóa hoa ngầm gửi đi thông điệp, mong muốn người nhận sẽ luôn thành công và may mắn trong công việc cũng như trong cuộc sống.</p>
<p>Bình Hoa <strong>Vững Bước</strong> thích hợp để trang trí trên bàn làm việc, bàn học,... của những người mà ta dành tặng món quà tinh tế này.</p>
","
<p>Bình Hoa Vững Bước là sự kết hợp độc đáo của Cát Tường, Hoa Thiên Điểu cùng các loại hoa lá phụ liệu khác trong một bình thủy tinh nhỏ xinh.</p>
","Hoa theo chủ đề>Ngày Quốc Tế Phụ Nữ 8/3","https://hoatuoi360.com/contents/images/Products/hoa-binh/G%2018001(1).jpg","Bình thường","Kích thước",500000
"r66v","#G18001","Hoa Bình G 18001","<p><strong>VỮNG BƯỚC</strong></p>
<p>Cát Tường là loại hoa biểu trưng cho sự may mắn, khi kết hợp với Hoa Thiên điểu - loài hoa của ý chí, nghị lực vươn lên,&nbsp;tạo thành một món quà hoa vừa ý nghĩa, vừa đặc sắc. Những đóa hoa ngầm gửi đi thông điệp, mong muốn người nhận sẽ luôn thành công và may mắn trong công việc cũng như trong cuộc sống.</p>
<p>Bình Hoa <strong>Vững Bước</strong> thích hợp để trang trí trên bàn làm việc, bàn học,... của những người mà ta dành tặng món quà tinh tế này.</p>
","
<p>Bình Hoa Vững Bước là sự kết hợp độc đáo của Cát Tường, Hoa Thiên Điểu cùng các loại hoa lá phụ liệu khác trong một bình thủy tinh nhỏ xinh.</p>
","Hoa theo chủ đề>Ngày Quốc Tế Phụ Nữ 8/3","https://hoatuoi360.com/contents/images/Products/hoa-binh/G%2018001(1).jpg","Lớn hơn (+30%)","Kích thước",650000
"tapmp","#B117","Hoa Bó B 117",,"
<p>Bó hồng Ecuador và hoa lá phụ...</p>
","Hoa theo chủ đề>Ngày Quốc Tế Phụ Nữ 8/3","https://hoatuoi360.com/contents/images/Products/hoa-bo/Hoa-Bo-B-116.jpg","Bình thường","Kích thước",1000000
"tapmp","#B117","Hoa Bó B 117",,"
<p>Bó hồng Ecuador và hoa lá phụ...</p>
","Hoa theo chủ đề>Ngày Quốc Tế Phụ Nữ 8/3","https://hoatuoi360.com/contents/images/Products/hoa-bo/Hoa-Bo-B-116.jpg","Lớn hơn (+30%)","Kích thước",1300000
"p9qsl","#GF18004","Hoa Hộp GF 18004","<p><span style=""color:#008000;""><strong>MEN&nbsp;TÌNH</strong></span></p>
<p>Đối với các nước Châu Âu, rượu vang luôn được coi là đồ uống truyền thống&nbsp;có mặt trong tất cả các bữa ăn, bữa tiệc. Uống rượu vang rất tốt cho sức khỏe, vì thế, tặng rượu vang cho nhau như một lời chúc cho sức khỏe dồi dào, tràn đầy năng lượng.&nbsp;</p>
<p>Hộp hoa Men Tình như một bữa tiệc Rượu - Hoa&nbsp;thu nhỏ trong một hộp vuông kiều diễm. Đây là món quà vừa độc đáo, vừa tâm lý đầy tế nhị dành tặng nửa kia của thế giới trong những dịp lễ tết, Khai trương, Sinh nhật, Quốc tế Phụ nữ,...</p>
","
<p>Món quà&nbsp;hoa gồm 4 cụm Hoa Hồng đỏ, Địa Lan, Thủy Tiên, Táo đỏ, 1 chai rượu vang Ý cùng các loại hoa lá phụ khác.</p>
","Hoa theo chủ đề>Ngày Quốc Tế Phụ Nữ 8/3","https://hoatuoi360.com/contents/images/Products/hoa-hop/gf%2018004.jpg","Bình thường","Kích thước",5000000
"p9qsl","#GF18004","Hoa Hộp GF 18004","<p><span style=""color:#008000;""><strong>MEN&nbsp;TÌNH</strong></span></p>
<p>Đối với các nước Châu Âu, rượu vang luôn được coi là đồ uống truyền thống&nbsp;có mặt trong tất cả các bữa ăn, bữa tiệc. Uống rượu vang rất tốt cho sức khỏe, vì thế, tặng rượu vang cho nhau như một lời chúc cho sức khỏe dồi dào, tràn đầy năng lượng.&nbsp;</p>
<p>Hộp hoa Men Tình như một bữa tiệc Rượu - Hoa&nbsp;thu nhỏ trong một hộp vuông kiều diễm. Đây là món quà vừa độc đáo, vừa tâm lý đầy tế nhị dành tặng nửa kia của thế giới trong những dịp lễ tết, Khai trương, Sinh nhật, Quốc tế Phụ nữ,...</p>
","
<p>Món quà&nbsp;hoa gồm 4 cụm Hoa Hồng đỏ, Địa Lan, Thủy Tiên, Táo đỏ, 1 chai rượu vang Ý cùng các loại hoa lá phụ khác.</p>
","Hoa theo chủ đề>Ngày Quốc Tế Phụ Nữ 8/3","https://hoatuoi360.com/contents/images/Products/hoa-hop/gf%2018004.jpg","Lớn hơn (+30%)","Kích thước",6500000
"8zwbg","#B116","Hoa bó B 116",,"
","Hoa theo chủ đề>Ngày Quốc Tế Phụ Nữ 8/3","https://hoatuoi360.com/contents/images/Products/hoa-bo/Hoa-Bo-B-115.jpg","Bình thường","Kích thước",900000
"8zwbg","#B116","Hoa bó B 116",,"
","Hoa theo chủ đề>Ngày Quốc Tế Phụ Nữ 8/3","https://hoatuoi360.com/contents/images/Products/hoa-bo/Hoa-Bo-B-115.jpg","Lớn hơn (+30%)","Kích thước",1170000
"7ueql","#B114","Hoa bó B114",,"
","Hoa theo chủ đề>Ngày Quốc Tế Phụ Nữ 8/3","https://hoatuoi360.com/contents/images/Products/hoa-bo/Hoa-Bo-B-113.jpg","Bình thường","Kích thước",1500000
"7ueql","#B114","Hoa bó B114",,"
","Hoa theo chủ đề>Ngày Quốc Tế Phụ Nữ 8/3","https://hoatuoi360.com/contents/images/Products/hoa-bo/Hoa-Bo-B-113.jpg","Lớn hơn (+30%)","Kích thước",1950000
"f440k","#GF18011","Hoa Giỏ GF 18011","<p><strong>QUYỀN LỰC</strong></p>
<p>Màu đỏ là một màu sắc tính chất mạnh mẽ, đầy năng lượng, có khả năng thu hút sự chú ý có thể làm biểu tượng cho sức mạnh, sự tự tin và quyền lực. Tất cả các loại hoa được cắm trong Hộp Hoa đều mang màu đỏ cùng mang chung một ý nghĩa - Chúc người nhận luôn&nbsp;quyết đoán, nhiệt huyết. Đây chính là món quà dành tặng những người bạn yêu thương, kính trọng.</p>
","
<p>Hộp Hoa gồm Hoa Hạnh Phúc, Hồng Môn, Táo đỏ cùng các loại hoa lá phụ liệu khác.</p>
","Hoa theo chủ đề>Ngày Quốc Tế Phụ Nữ 8/3","https://hoatuoi360.com/contents/images/Products/hoa-gio/GF%2018011.jpg","Bình thường","Kích thước",1500000
"f440k","#GF18011","Hoa Giỏ GF 18011","<p><strong>QUYỀN LỰC</strong></p>
<p>Màu đỏ là một màu sắc tính chất mạnh mẽ, đầy năng lượng, có khả năng thu hút sự chú ý có thể làm biểu tượng cho sức mạnh, sự tự tin và quyền lực. Tất cả các loại hoa được cắm trong Hộp Hoa đều mang màu đỏ cùng mang chung một ý nghĩa - Chúc người nhận luôn&nbsp;quyết đoán, nhiệt huyết. Đây chính là món quà dành tặng những người bạn yêu thương, kính trọng.</p>
","
<p>Hộp Hoa gồm Hoa Hạnh Phúc, Hồng Môn, Táo đỏ cùng các loại hoa lá phụ liệu khác.</p>
","Hoa theo chủ đề>Ngày Quốc Tế Phụ Nữ 8/3","https://hoatuoi360.com/contents/images/Products/hoa-gio/GF%2018011.jpg","Lớn hơn (+30%)","Kích thước",1950000
"7k6qe","#GF18003","Hoa Hộp GF 18003","<p>
<style type=""text/css""><!--td {border: 1px solid #ccc;}br {mso-data-placement:same-cell;}-->
</style>
<strong>CHÂN THÀNH</strong></p>
<p>Hoa Hướng Dương loài hoa biểu tượng cho một tình bạn chân thành, ấm áp. Luôn dành sự quan tâm trong sáng cho nhau, bởi những cánh hoa hướng dương mang một màu vàng rực rỡ, đầy ấm áp như ánh nắng mặt trời. Hộp Hoa với những bông Hướng Dương tươi thắm là món quà ý nghĩa nhất dành tặng nhưng người thân yêu, bạn bè, đồng nghiệp,... trong các dịp lễ quan trọng, đặc biệt.</p>
","
<p>Hộp Hoa gồm Hoa Hướng Dương, Hoa Hồng, Táo xanh, 1 chai rượu vang Ý cùng các loại hoa lá phụ liệu khác.</p>
","Hoa theo chủ đề>Ngày Quốc Tế Phụ Nữ 8/3","https://hoatuoi360.com/contents/images/Products/hoa-hop/GF%2018003.JPG","Bình thường","Kích thước",2000000
"7k6qe","#GF18003","Hoa Hộp GF 18003","<p>
<style type=""text/css""><!--td {border: 1px solid #ccc;}br {mso-data-placement:same-cell;}-->
</style>
<strong>CHÂN THÀNH</strong></p>
<p>Hoa Hướng Dương loài hoa biểu tượng cho một tình bạn chân thành, ấm áp. Luôn dành sự quan tâm trong sáng cho nhau, bởi những cánh hoa hướng dương mang một màu vàng rực rỡ, đầy ấm áp như ánh nắng mặt trời. Hộp Hoa với những bông Hướng Dương tươi thắm là món quà ý nghĩa nhất dành tặng nhưng người thân yêu, bạn bè, đồng nghiệp,... trong các dịp lễ quan trọng, đặc biệt.</p>
","
<p>Hộp Hoa gồm Hoa Hướng Dương, Hoa Hồng, Táo xanh, 1 chai rượu vang Ý cùng các loại hoa lá phụ liệu khác.</p>
","Hoa theo chủ đề>Ngày Quốc Tế Phụ Nữ 8/3","https://hoatuoi360.com/contents/images/Products/hoa-hop/GF%2018003.JPG","Lớn hơn (+30%)","Kích thước",2600000
"l0dgp","#B18100","Hoa bó B 18100","<p style=""margin-left:9.0pt;""><strong>SAY ĐẮM</strong></p>
<p style=""margin-left:9.0pt;"">Hoa hồng đỏ sa sa mang màu sắc đỏ tươi, thường nhỏ hơn hoa hồng thường một chút. Nếu như hoa hồng nhập hay hoa hồng thường mang đến sắc đỏ thẫm quyền lực và nồng cháy, thì hoa hồng sa sa lại mang đến màu đỏ tươi mới mà gần gũi.</p>
<p style=""margin-left:9.0pt;"">Một đóa hồng sa sa nhỏ nhắn như ánh mắt e thẹn của người phụ nữ, sẽ khiến cánh mài râu say đắm từ phút giây đầu tiên.&nbsp;<strong>Say Đắm</strong>&nbsp;là món quà tuy đơn giản nhưng ý nghĩa to lớn đối với những người phụ nữ mà bạn quý trọng.</p>
<p style=""margin-left:9.0pt;""><em>Lưu ý: Tối thiểu 10 bó trên 1 đơn hàng</em></p>
","
<p>Bó Hoa <strong>Say Đắm</strong>&nbsp;gồm 1 Hoa Hồng đỏ, Hoa Bi&nbsp;cùng các hoa lá phụ liệu khác được thiết kế đơn giản nhưng không kém phần tinh tế và sang trọng.</p>
<p>&nbsp;</p>
","Hoa theo chủ đề>Ngày Quốc Tế Phụ Nữ 8/3","https://hoatuoi360.com/contents/images/Products/hoa-bo/Hoa-bo-B-121.jpg","Bình thường","Kích thước",30000
"l0dgp","#B18100","Hoa bó B 18100","<p style=""margin-left:9.0pt;""><strong>SAY ĐẮM</strong></p>
<p style=""margin-left:9.0pt;"">Hoa hồng đỏ sa sa mang màu sắc đỏ tươi, thường nhỏ hơn hoa hồng thường một chút. Nếu như hoa hồng nhập hay hoa hồng thường mang đến sắc đỏ thẫm quyền lực và nồng cháy, thì hoa hồng sa sa lại mang đến màu đỏ tươi mới mà gần gũi.</p>
<p style=""margin-left:9.0pt;"">Một đóa hồng sa sa nhỏ nhắn như ánh mắt e thẹn của người phụ nữ, sẽ khiến cánh mài râu say đắm từ phút giây đầu tiên.&nbsp;<strong>Say Đắm</strong>&nbsp;là món quà tuy đơn giản nhưng ý nghĩa to lớn đối với những người phụ nữ mà bạn quý trọng.</p>
<p style=""margin-left:9.0pt;""><em>Lưu ý: Tối thiểu 10 bó trên 1 đơn hàng</em></p>
","
<p>Bó Hoa <strong>Say Đắm</strong>&nbsp;gồm 1 Hoa Hồng đỏ, Hoa Bi&nbsp;cùng các hoa lá phụ liệu khác được thiết kế đơn giản nhưng không kém phần tinh tế và sang trọng.</p>
<p>&nbsp;</p>
","Hoa theo chủ đề>Ngày Quốc Tế Phụ Nữ 8/3","https://hoatuoi360.com/contents/images/Products/hoa-bo/Hoa-bo-B-121.jpg","Lớn hơn (+30%)","Kích thước",39000
"z09fr","#GF18002","Hoa Hộp GF 18002","<p><strong>MÃNH LIỆT</strong></p>
<p>Hoa hướng dương cũng là loài hoa thể hiện sức sống mãnh liệt, luôn vươn lên mạnh mẽ và niềm tin vào tương lai tươi sáng phía trước. Chính vì vậy mà hoa hướng dương thường được người ta sử dụng trong những thiết kế hoa chúc mừng. Hoa Hộp với hoa hướng dương là món quà ý nghĩa dành tặng những người thân yêu.</p>
","
<p>Hoa Hộp gồm Hoa Phi Yến, Hoa Hồng, Hướng Dương, Lan Thái, Thiên Điểu, Táo xanh, 1 chai rượu Bailey cùng các loại hoa lá phụ liệu khác.</p>
","Hoa theo chủ đề>Ngày Quốc Tế Phụ Nữ 8/3","https://hoatuoi360.com/contents/images/Products/hoa-hop/GF%2018002.JPG","Bình thường","Kích thước",2500000
"z09fr","#GF18002","Hoa Hộp GF 18002","<p><strong>MÃNH LIỆT</strong></p>
<p>Hoa hướng dương cũng là loài hoa thể hiện sức sống mãnh liệt, luôn vươn lên mạnh mẽ và niềm tin vào tương lai tươi sáng phía trước. Chính vì vậy mà hoa hướng dương thường được người ta sử dụng trong những thiết kế hoa chúc mừng. Hoa Hộp với hoa hướng dương là món quà ý nghĩa dành tặng những người thân yêu.</p>
","
<p>Hoa Hộp gồm Hoa Phi Yến, Hoa Hồng, Hướng Dương, Lan Thái, Thiên Điểu, Táo xanh, 1 chai rượu Bailey cùng các loại hoa lá phụ liệu khác.</p>
","Hoa theo chủ đề>Ngày Quốc Tế Phụ Nữ 8/3","https://hoatuoi360.com/contents/images/Products/hoa-hop/GF%2018002.JPG","Lớn hơn (+30%)","Kích thước",3250000
"skps","#SF113","Hoa Chúc Mừng SF 113","<p><strong>ĐAM MÊ</strong></p>
<p>Một trong ba yếu tố làm nên tài năng của một con người chính là đam mê (Daniel Coyle). Kệ Hoa Chúc Mừng với những đóa Hồng Môn được cắm như hình ngọn lửa của đam mê nhắc nhở chúng ta luôn phải sống theo đúng đam mê chính là món quà phù hợp nhất trong ngày Khai Trương hay các dịp lễ Chúc Mừng.</p>
","
<p>Kệ Hoa Chúc Mừng gồm Hoa Đồng Tiền, Hồng Môn, Hoa Lily, Lan Bò Cạp, Địa Lan cùng hoa lá phụ liệu khác.</p>
","Hoa theo chủ đề>Ngày Quốc Tế Phụ Nữ 8/3","https://hoatuoi360.com/contents/images/Products/hoa-khai-truong/hoa-ke(2).jpg","Bình thường","Kích thước",1500000
"skps","#SF113","Hoa Chúc Mừng SF 113","<p><strong>ĐAM MÊ</strong></p>
<p>Một trong ba yếu tố làm nên tài năng của một con người chính là đam mê (Daniel Coyle). Kệ Hoa Chúc Mừng với những đóa Hồng Môn được cắm như hình ngọn lửa của đam mê nhắc nhở chúng ta luôn phải sống theo đúng đam mê chính là món quà phù hợp nhất trong ngày Khai Trương hay các dịp lễ Chúc Mừng.</p>
","
<p>Kệ Hoa Chúc Mừng gồm Hoa Đồng Tiền, Hồng Môn, Hoa Lily, Lan Bò Cạp, Địa Lan cùng hoa lá phụ liệu khác.</p>
","Hoa theo chủ đề>Ngày Quốc Tế Phụ Nữ 8/3","https://hoatuoi360.com/contents/images/Products/hoa-khai-truong/hoa-ke(2).jpg","Lớn hơn (+30%)","Kích thước",1950000