﻿"id","sku","name","description","short_description","breadcrumb","images","attribute_0_value","attribute_0_name","regular_price"
"6tqxe","#BX101","Hoa hộp BX 101","<p><strong>TRANG NHÃ</strong></p>
<p>Khi nhìn thấy Hoa Hộp&nbsp;mang phong cách và cách trang trí có sự xuất hiện của màu Pastel, ngay lập tức ta sẽ có cảm giác&nbsp;thư giãn thực sự tuyệt vời. Vì thế, tông&nbsp;màu Pastel được sử dụng ngày càng được phổ biến hiện nay và luôn là sự lựa chọn hàng đầu bởi các chị em do sự nữ tính mà nó đem đến là điều không thể chối cãi. Vô cùng lãng mạn và bắt mắt, chắc chắn các cô gái sẽ đắm chìm trong không gian này và không thể thoát rời bởi vẻ thu hút của Hoa Hộp gam màu Pastel trang nhã. Hoa Hộp thích hợp tặng cho những người thân yêu để thể hiện tình cảm chất phác và chân thành nhất.</p>
","
<p>Hộp Hoa gồm Hoa Hướng Dương, Hoa Hồng cùng các loại hoa lá phụ liệu khác.</p>
","Hoa hộp","https://hoatuoi360.com/contents/images/Products/hoa-hop/hoa-hop-bx101.jpg","Bình thường","Kích thước",500000
"6tqxe","#BX101","Hoa hộp BX 101","<p><strong>TRANG NHÃ</strong></p>
<p>Khi nhìn thấy Hoa Hộp&nbsp;mang phong cách và cách trang trí có sự xuất hiện của màu Pastel, ngay lập tức ta sẽ có cảm giác&nbsp;thư giãn thực sự tuyệt vời. Vì thế, tông&nbsp;màu Pastel được sử dụng ngày càng được phổ biến hiện nay và luôn là sự lựa chọn hàng đầu bởi các chị em do sự nữ tính mà nó đem đến là điều không thể chối cãi. Vô cùng lãng mạn và bắt mắt, chắc chắn các cô gái sẽ đắm chìm trong không gian này và không thể thoát rời bởi vẻ thu hút của Hoa Hộp gam màu Pastel trang nhã. Hoa Hộp thích hợp tặng cho những người thân yêu để thể hiện tình cảm chất phác và chân thành nhất.</p>
","
<p>Hộp Hoa gồm Hoa Hướng Dương, Hoa Hồng cùng các loại hoa lá phụ liệu khác.</p>
","Hoa hộp","https://hoatuoi360.com/contents/images/Products/hoa-hop/hoa-hop-bx101.jpg","Lớn hơn (+30%)","Kích thước",650000
"zdip","#BX103","Hoa hộp BX 103","<p><strong>ĐẰM THẮM</strong></p>
<p>Theo quan niệm của người Việt, màu vàng tượng trưng cho một cuộc sống sung túc đủ đầy. Màu vàng cũng tượng trưng cho một tình yêu kiêu sa, nhưng rất chân thành, mang đến sự tin tưởng và niềm vui. Vì thế, Hoa Hộp Hoatuoi360.com tông màu vàng sang trọng này sẽ hút vận may và mang đến cho người nhận cuộc sống tràn đầy năng lượng. Những đóa hoa xinh đẹp này thích hợp dành tặng cho mẹ, chị, em gái hay một nửa yêu thương,... trong những dịp lễ quan trọng.</p>
","
<p>Sản phầm độc đáo với Hoa Hồng, Cẩm Chướng, Táo cùng các loại hoa lá phụ kiện khác.</p>
","Hoa hộp","https://hoatuoi360.com/contents/images/Products/hoa-hop/hoa-hop-bx103.jpg","Bình thường","Kích thước",1000000
"zdip","#BX103","Hoa hộp BX 103","<p><strong>ĐẰM THẮM</strong></p>
<p>Theo quan niệm của người Việt, màu vàng tượng trưng cho một cuộc sống sung túc đủ đầy. Màu vàng cũng tượng trưng cho một tình yêu kiêu sa, nhưng rất chân thành, mang đến sự tin tưởng và niềm vui. Vì thế, Hoa Hộp Hoatuoi360.com tông màu vàng sang trọng này sẽ hút vận may và mang đến cho người nhận cuộc sống tràn đầy năng lượng. Những đóa hoa xinh đẹp này thích hợp dành tặng cho mẹ, chị, em gái hay một nửa yêu thương,... trong những dịp lễ quan trọng.</p>
","
<p>Sản phầm độc đáo với Hoa Hồng, Cẩm Chướng, Táo cùng các loại hoa lá phụ kiện khác.</p>
","Hoa hộp","https://hoatuoi360.com/contents/images/Products/hoa-hop/hoa-hop-bx103.jpg","Lớn hơn (+30%)","Kích thước",1300000
"pshx5","#BX104","Hoa hộp BX 104","<p><strong>ÁNH NẮNG</strong></p>
<p>Màu vàng là màu của ánh nắng dịu dạng, là màu&nbsp;sắc của cuộc sống vui tươi, lạc quan, ấm áp, giàu sang, sung túc và thịnh vượng. Chính vì thế trong tình yêu màu vàng mang ý nghĩa là một tình yêu kiêu sa và rực rở, thể hiện sự ấm áp, chân thành, là sự tin tưởng và là niềm vui trong tình yêu. Do đó, khi nhận được Hoa Hộp với gam màu vàng nồng ấm này, chắc chắn người nhận sẽ nở một nụ cười rạng rỡ.</p>
","
<p>Hoa Hộp gồm Địa Lan, Thanh Môn, Wicky, Hoa Hồng, Hoa Cẩm Tú, Hoa Hướng Dương, Hoa Phi Yến cùng các loại hoa lá phụ liệu khác trong một hộp gỗ sang trọng.</p>
","Hoa hộp","https://hoatuoi360.com/contents/images/Products/hoa-hop/hoa-hop-bx-104.jpg","Bình thường","Kích thước",1000000
"pshx5","#BX104","Hoa hộp BX 104","<p><strong>ÁNH NẮNG</strong></p>
<p>Màu vàng là màu của ánh nắng dịu dạng, là màu&nbsp;sắc của cuộc sống vui tươi, lạc quan, ấm áp, giàu sang, sung túc và thịnh vượng. Chính vì thế trong tình yêu màu vàng mang ý nghĩa là một tình yêu kiêu sa và rực rở, thể hiện sự ấm áp, chân thành, là sự tin tưởng và là niềm vui trong tình yêu. Do đó, khi nhận được Hoa Hộp với gam màu vàng nồng ấm này, chắc chắn người nhận sẽ nở một nụ cười rạng rỡ.</p>
","
<p>Hoa Hộp gồm Địa Lan, Thanh Môn, Wicky, Hoa Hồng, Hoa Cẩm Tú, Hoa Hướng Dương, Hoa Phi Yến cùng các loại hoa lá phụ liệu khác trong một hộp gỗ sang trọng.</p>
","Hoa hộp","https://hoatuoi360.com/contents/images/Products/hoa-hop/hoa-hop-bx-104.jpg","Lớn hơn (+30%)","Kích thước",1300000
"azad","#G18005","Hoa Hộp G 18005","<p><strong>NHẸ NHÀNG</strong></p>
<p>Cát Tường có nghĩa là May mắn vì thế loài hoa này được đa số người Á Đông yêu thích. Với vẻ đẹp nhẹ nhàng của những đóa Cát Tường xanh, Hộp Hoa đã làm&nbsp;tròn nhiệm vụ khi tạo được cảm giác thư thái, bình an, đem lại may mắn cho người nhận và&nbsp;xua tan đi những căng thẳng, mệt mỏi sau một ngày làm việc vất vả.</p>
<p>Hãy dùng <strong>Nhẹ Nhàng</strong>&nbsp;để thể hiện sự quan tâm của bạn đến người thân, bạn bè, đồng nghiệp trong những dịp lễ quan trọng như Quốc tế Phụ nữ, Sinh nhật, Thăng chức... nhé!</p>
","
<p>Hoa Hộp<strong> Nhẹ Nhàng </strong>gồm Hoa Hồng, Cát Tường, Táo xanh cùng các loại hoa lá phụ liệu khác.</p>
","Hoa theo chủ đề>Ngày Quốc Tế Phụ Nữ 8/3","https://hoatuoi360.com/contents/images/Products/hoa-hop/G%2018005.JPG","Bình thường","Kích thước",500000
"azad","#G18005","Hoa Hộp G 18005","<p><strong>NHẸ NHÀNG</strong></p>
<p>Cát Tường có nghĩa là May mắn vì thế loài hoa này được đa số người Á Đông yêu thích. Với vẻ đẹp nhẹ nhàng của những đóa Cát Tường xanh, Hộp Hoa đã làm&nbsp;tròn nhiệm vụ khi tạo được cảm giác thư thái, bình an, đem lại may mắn cho người nhận và&nbsp;xua tan đi những căng thẳng, mệt mỏi sau một ngày làm việc vất vả.</p>
<p>Hãy dùng <strong>Nhẹ Nhàng</strong>&nbsp;để thể hiện sự quan tâm của bạn đến người thân, bạn bè, đồng nghiệp trong những dịp lễ quan trọng như Quốc tế Phụ nữ, Sinh nhật, Thăng chức... nhé!</p>
","
<p>Hoa Hộp<strong> Nhẹ Nhàng </strong>gồm Hoa Hồng, Cát Tường, Táo xanh cùng các loại hoa lá phụ liệu khác.</p>
","Hoa theo chủ đề>Ngày Quốc Tế Phụ Nữ 8/3","https://hoatuoi360.com/contents/images/Products/hoa-hop/G%2018005.JPG","Lớn hơn (+30%)","Kích thước",650000
"eww4p","#BX093","Hoa hộp BX 093","<p><strong>BẤT HỦ</strong></p>
<p>Tặng Hoa Hồng Đỏ là cách phổ biến nhất để nói ""Anh yêu em"" với một ai đó đặc biệt.&nbsp;Hoa là biểu tượng xác định cho tình cảm lãng mạn, thể hiện cho tình yêu chân thật, mạnh mẽ bất chấp mọi chông gai. Hộp Hoa <strong>Bất Hủ</strong> với Hoa hồng đỏ là một món quà có ý nghĩa, hoàn hảo để thể hiện tình cảm với một người thân yêu vào ngày Valentine, ngày kỷ niệm hoặc đơn giản chỉ vì muốn gửi hoa.</p>
","
<p>Tình yêu lớn với 99 bông hồng.</p>
","Hoa hộp","https://hoatuoi360.com/contents/images/Products/hoa-hop/hoa-hop-bx-093.jpg","Bình thường","Kích thước",2700000
"eww4p","#BX093","Hoa hộp BX 093","<p><strong>BẤT HỦ</strong></p>
<p>Tặng Hoa Hồng Đỏ là cách phổ biến nhất để nói ""Anh yêu em"" với một ai đó đặc biệt.&nbsp;Hoa là biểu tượng xác định cho tình cảm lãng mạn, thể hiện cho tình yêu chân thật, mạnh mẽ bất chấp mọi chông gai. Hộp Hoa <strong>Bất Hủ</strong> với Hoa hồng đỏ là một món quà có ý nghĩa, hoàn hảo để thể hiện tình cảm với một người thân yêu vào ngày Valentine, ngày kỷ niệm hoặc đơn giản chỉ vì muốn gửi hoa.</p>
","
<p>Tình yêu lớn với 99 bông hồng.</p>
","Hoa hộp","https://hoatuoi360.com/contents/images/Products/hoa-hop/hoa-hop-bx-093.jpg","Lớn hơn (+30%)","Kích thước",3510000
"3ihfe","#G18010","Hoa Hộp G 18010","<p style=""margin-left:9.0pt;""><strong>HUYỀN THOẠI</strong></p>
<p style=""margin-left:9.0pt;"">Hoa ly vàng từ lâu đã tượng trưng cho lòng biết ơn, vui vẻ. Những&nbsp;bông hoa ly được đặt ngay vị trí trung tâm của hộp&nbsp;hoa, nổi bật trên nền đỏ, vàng của Hoa lan và Hoa hồng. Hoa ly đã làm tròn nghĩa vụ của nó là làm bật lên sự tinh khiết, quý phái của hộp&nbsp;hoa rực rỡ.</p>
<p style=""margin-left:9.0pt;"">Nếu bạn muốn thể hiện sự cảm kích với ai đó đã giúp bạn, món quà hoa này sẽ là sự lựa chọn phù hợp nhất, đây là món quà đã đi vào huyền thoại trong những dịp lễ, dịp kỷ niệm quan trọng như Quốc tế Phụ nữ, sinh nhật,...</p>
","
<p>Hoa Hộp <strong>Huyền Thoại</strong>&nbsp;gồm Lan Mokara, Hoa Lily, Hoa Hồng cùng các loại hoa lá phụ liệu khác.</p>
","Hoa cưới>Cổng hoa","https://hoatuoi360.com/contents/images/Products/hoa-hop/G%2018010.jpg","Bình thường","Kích thước",500000
"3ihfe","#G18010","Hoa Hộp G 18010","<p style=""margin-left:9.0pt;""><strong>HUYỀN THOẠI</strong></p>
<p style=""margin-left:9.0pt;"">Hoa ly vàng từ lâu đã tượng trưng cho lòng biết ơn, vui vẻ. Những&nbsp;bông hoa ly được đặt ngay vị trí trung tâm của hộp&nbsp;hoa, nổi bật trên nền đỏ, vàng của Hoa lan và Hoa hồng. Hoa ly đã làm tròn nghĩa vụ của nó là làm bật lên sự tinh khiết, quý phái của hộp&nbsp;hoa rực rỡ.</p>
<p style=""margin-left:9.0pt;"">Nếu bạn muốn thể hiện sự cảm kích với ai đó đã giúp bạn, món quà hoa này sẽ là sự lựa chọn phù hợp nhất, đây là món quà đã đi vào huyền thoại trong những dịp lễ, dịp kỷ niệm quan trọng như Quốc tế Phụ nữ, sinh nhật,...</p>
","
<p>Hoa Hộp <strong>Huyền Thoại</strong>&nbsp;gồm Lan Mokara, Hoa Lily, Hoa Hồng cùng các loại hoa lá phụ liệu khác.</p>
","Hoa cưới>Cổng hoa","https://hoatuoi360.com/contents/images/Products/hoa-hop/G%2018010.jpg","Lớn hơn (+30%)","Kích thước",650000
"nx68a","#BX096","Hoa hộp BX 096","<p><b>CHU ĐÁO</b></p>
<p>Sắc vàng của những đóa&nbsp;hồng gợi lên trong ta&nbsp;cảm xúc vui vẻ, ấm áp và hân hoan chính vì thế chúng là biểu tượng của tình hữu nghị và sự chu đáo. Hộp Hoa với Hoa Hồng vàng rực rỡ là món quà rất thích hợp dành tặng cho Sếp hoặc đối tác quan trọng.</p>
","
<p>Hộp hoa sang trọng với Hoa Hồng, Hướng Dương, Địa Lan cùng các hoa lá phụ.</p>
","Hoa cưới>Xe hoa","https://hoatuoi360.com/contents/images/Products/hoa-hop/Hop-hoa-BX-078.jpg","Bình thường","Kích thước",2000000
"nx68a","#BX096","Hoa hộp BX 096","<p><b>CHU ĐÁO</b></p>
<p>Sắc vàng của những đóa&nbsp;hồng gợi lên trong ta&nbsp;cảm xúc vui vẻ, ấm áp và hân hoan chính vì thế chúng là biểu tượng của tình hữu nghị và sự chu đáo. Hộp Hoa với Hoa Hồng vàng rực rỡ là món quà rất thích hợp dành tặng cho Sếp hoặc đối tác quan trọng.</p>
","
<p>Hộp hoa sang trọng với Hoa Hồng, Hướng Dương, Địa Lan cùng các hoa lá phụ.</p>
","Hoa cưới>Xe hoa","https://hoatuoi360.com/contents/images/Products/hoa-hop/Hop-hoa-BX-078.jpg","Lớn hơn (+30%)","Kích thước",2600000
"3ykzp","#GF18008","Hoa Hộp GF 18008","<p><strong>RƯỢU THƠ</strong></p>
<p>Những dịp lễ quan trọng như Quốc tế Phụ nữ, sinh nhật, khai trương,... là cơ hội để gặp gỡ nhau, cũng như là dịp để thể hiện tình cảm tự đáy lòng tới đối phương. Món quà <strong>Rượu Thơ </strong>là bữa tiệc rượu tráng lệ với hai chai Corona, Hoa Cát tường, Lan Vũ nữ khơi gợi lại những kỷ niệm, những hồi ức khi xưa, là chất xúc tác, gia vị để tình cảm thêm khăng khít.</p>
","
<p>Sản phẩm <strong>Rượu Thơ</strong>&nbsp;gồm Lan Vũ Nữ, Hoa Cát Tường, Táo xanh, 2 chai Corona cùng các loại hoa lá phụ liệu khác.</p>
","Hoa theo chủ đề>Ngày Quốc Tế Phụ Nữ 8/3","https://hoatuoi360.com/contents/images/Products/hoa-hop/gf%2018008.JPG","Bình thường","Kích thước",1000000
"3ykzp","#GF18008","Hoa Hộp GF 18008","<p><strong>RƯỢU THƠ</strong></p>
<p>Những dịp lễ quan trọng như Quốc tế Phụ nữ, sinh nhật, khai trương,... là cơ hội để gặp gỡ nhau, cũng như là dịp để thể hiện tình cảm tự đáy lòng tới đối phương. Món quà <strong>Rượu Thơ </strong>là bữa tiệc rượu tráng lệ với hai chai Corona, Hoa Cát tường, Lan Vũ nữ khơi gợi lại những kỷ niệm, những hồi ức khi xưa, là chất xúc tác, gia vị để tình cảm thêm khăng khít.</p>
","
<p>Sản phẩm <strong>Rượu Thơ</strong>&nbsp;gồm Lan Vũ Nữ, Hoa Cát Tường, Táo xanh, 2 chai Corona cùng các loại hoa lá phụ liệu khác.</p>
","Hoa theo chủ đề>Ngày Quốc Tế Phụ Nữ 8/3","https://hoatuoi360.com/contents/images/Products/hoa-hop/gf%2018008.JPG","Lớn hơn (+30%)","Kích thước",1300000
"itene","#G18003","Hoa Hộp G 18003","<p><b>TAN CHẢY</b></p>
<p>Mang tông màu của ánh nắng ấm áp, Hộp Hoa khiến cho trái tim băng giá nhất cũng phải tan chảy. Với ý nghĩa chúc người nhận luôn luôn vui vẻ, nhiệt tình với công việc, món quà là sự lựa chọn hoàn hảo cho những dịp lễ Khai trương, Thăng chức, Sinh nhật, Quốc tế phụ nữ,...</p>
","
<p>Hoa Hộp gồm Lan Vũ Nữ, Hoa Hướng Dương, Táo cùng các loại hoa lá phụ liệu khác.</p>
","Hoa theo chủ đề>Ngày Quốc Tế Phụ Nữ 8/3","https://hoatuoi360.com/contents/images/Products/hoa-hop/G%2018003.JPG","Bình thường","Kích thước",1000000
"itene","#G18003","Hoa Hộp G 18003","<p><b>TAN CHẢY</b></p>
<p>Mang tông màu của ánh nắng ấm áp, Hộp Hoa khiến cho trái tim băng giá nhất cũng phải tan chảy. Với ý nghĩa chúc người nhận luôn luôn vui vẻ, nhiệt tình với công việc, món quà là sự lựa chọn hoàn hảo cho những dịp lễ Khai trương, Thăng chức, Sinh nhật, Quốc tế phụ nữ,...</p>
","
<p>Hoa Hộp gồm Lan Vũ Nữ, Hoa Hướng Dương, Táo cùng các loại hoa lá phụ liệu khác.</p>
","Hoa theo chủ đề>Ngày Quốc Tế Phụ Nữ 8/3","https://hoatuoi360.com/contents/images/Products/hoa-hop/G%2018003.JPG","Lớn hơn (+30%)","Kích thước",1300000
"4pfir","#G18004","Hoa Hộp G 18004","<p><strong>TƯƠI MÁT</strong></p>
<p>Với tông màu xanh chủ đạo, hộp hoa mang đến một cảm giác thư giãn và thoải mái khi ngắm nhìn như một lời chúc sức khỏe gửi đến những người mà ta quý mến. Chắc chắn rằng, mọi căng thẳng, lo âu của người thân, bạn bè, đồng nghiệp, ... sẽ tan biến khi nhận được món quà ý nghĩa và đầy tâm lý này.</p>
","
<p>Hộp Hoa <strong>Tươi Mát</strong> sử dụng Hoa Cát Tường, Cúc Xanh, Thanh Liễu, Hồng Trắng và các loại hoa lá phụ khác.</p>
","Hoa theo chủ đề>Ngày Quốc Tế Phụ Nữ 8/3","https://hoatuoi360.com/contents/images/Products/hoa-hop/G%2018004.JPG","Bình thường","Kích thước",1000000
"4pfir","#G18004","Hoa Hộp G 18004","<p><strong>TƯƠI MÁT</strong></p>
<p>Với tông màu xanh chủ đạo, hộp hoa mang đến một cảm giác thư giãn và thoải mái khi ngắm nhìn như một lời chúc sức khỏe gửi đến những người mà ta quý mến. Chắc chắn rằng, mọi căng thẳng, lo âu của người thân, bạn bè, đồng nghiệp, ... sẽ tan biến khi nhận được món quà ý nghĩa và đầy tâm lý này.</p>
","
<p>Hộp Hoa <strong>Tươi Mát</strong> sử dụng Hoa Cát Tường, Cúc Xanh, Thanh Liễu, Hồng Trắng và các loại hoa lá phụ khác.</p>
","Hoa theo chủ đề>Ngày Quốc Tế Phụ Nữ 8/3","https://hoatuoi360.com/contents/images/Products/hoa-hop/G%2018004.JPG","Lớn hơn (+30%)","Kích thước",1300000
"ttgck","#G18007","Hoa Hộp G 18007","<p style=""margin-left:9.0pt;""><strong>SẮC TÍM</strong></p>
<p style=""margin-left:9.0pt;"">Sự hòa trộn&nbsp;của Hoa Cát Tường, Hoa Cúc, Hoa Hồng và Địa Lan&nbsp;quyện thành bức tranh&nbsp;huyền ảo với sắc tím lãng mạn&nbsp;mang đến niềm vui, sự chân thành và may mắn. Chắc chắn hộp&nbsp;hoa thanh lịch và tao nhã này sẽ làm hài lòng những người bạn thương yêu trong những dịp lễ đặc biệt như Sinh nhật, Ngày phụ nữ,...</p>
","
<p>Hộp Hoa <strong>Sắc Tím</strong> gồm Hoa Cát Tường, Hoa Cúc, Hoa Hồng, Địa lan cùng các loại hoa lá và phụ liệu khác tạo thành món quà hoa với màu sắc thanh nhã và sang trọng.</p>
","Hoa theo chủ đề>Ngày Quốc Tế Phụ Nữ 8/3","https://hoatuoi360.com/contents/images/Products/hoa-hop/G%2018007.JPG","Bình thường","Kích thước",1000000
"ttgck","#G18007","Hoa Hộp G 18007","<p style=""margin-left:9.0pt;""><strong>SẮC TÍM</strong></p>
<p style=""margin-left:9.0pt;"">Sự hòa trộn&nbsp;của Hoa Cát Tường, Hoa Cúc, Hoa Hồng và Địa Lan&nbsp;quyện thành bức tranh&nbsp;huyền ảo với sắc tím lãng mạn&nbsp;mang đến niềm vui, sự chân thành và may mắn. Chắc chắn hộp&nbsp;hoa thanh lịch và tao nhã này sẽ làm hài lòng những người bạn thương yêu trong những dịp lễ đặc biệt như Sinh nhật, Ngày phụ nữ,...</p>
","
<p>Hộp Hoa <strong>Sắc Tím</strong> gồm Hoa Cát Tường, Hoa Cúc, Hoa Hồng, Địa lan cùng các loại hoa lá và phụ liệu khác tạo thành món quà hoa với màu sắc thanh nhã và sang trọng.</p>
","Hoa theo chủ đề>Ngày Quốc Tế Phụ Nữ 8/3","https://hoatuoi360.com/contents/images/Products/hoa-hop/G%2018007.JPG","Lớn hơn (+30%)","Kích thước",1300000
"qtruc","#GF18001","Hoa Hộp GF 18001","<p><strong>RƯỢU - TÁO</strong></p>
<p>Táo biểu hiện cho sự hòa bình, đem lại sức khỏe và sự hòa hợp kết hợp với rượu vang mang ý nghĩa của sự may mắn như những lời chúc tuyệt vời nhất cho người nhận.</p>
<p>Hộp hoa Rượu - Táo là cầu nối tình cảm hiệu quả cho những dịp lễ quan trọng như Quốc tế Phụ nữ, Tri ân, Thăng chức, Sinh nhật,...Chẳng mấy ai nỡ lòng từ chối một món quà đầy ý nghĩa như thế vào những dịp lễ Tết đặc biệt cả.</p>
","
<p>Hoa Hộp gồm Địa Lan, Lan Vũ Nữ, Hoa Cát Tường, Hoa Thủy Tiên, 1 chai rượu vang Ý, Táo xanh cùng các loại hoa lá phụ liệu khác.</p>
","Hoa theo chủ đề>Ngày Quốc Tế Phụ Nữ 8/3","https://hoatuoi360.com/contents/images/Products/hoa-hop/GF%2018001.JPG","Bình thường","Kích thước",2500000
"qtruc","#GF18001","Hoa Hộp GF 18001","<p><strong>RƯỢU - TÁO</strong></p>
<p>Táo biểu hiện cho sự hòa bình, đem lại sức khỏe và sự hòa hợp kết hợp với rượu vang mang ý nghĩa của sự may mắn như những lời chúc tuyệt vời nhất cho người nhận.</p>
<p>Hộp hoa Rượu - Táo là cầu nối tình cảm hiệu quả cho những dịp lễ quan trọng như Quốc tế Phụ nữ, Tri ân, Thăng chức, Sinh nhật,...Chẳng mấy ai nỡ lòng từ chối một món quà đầy ý nghĩa như thế vào những dịp lễ Tết đặc biệt cả.</p>
","
<p>Hoa Hộp gồm Địa Lan, Lan Vũ Nữ, Hoa Cát Tường, Hoa Thủy Tiên, 1 chai rượu vang Ý, Táo xanh cùng các loại hoa lá phụ liệu khác.</p>
","Hoa theo chủ đề>Ngày Quốc Tế Phụ Nữ 8/3","https://hoatuoi360.com/contents/images/Products/hoa-hop/GF%2018001.JPG","Lớn hơn (+30%)","Kích thước",3250000
"x7jgr","#GF18005","Hoa Hộp GF 18005","<p><strong>RƯỢU TÌNH</strong></p>
<p>Rượu vang có rất nhiều loại, nên việc lựa chọn sản phẩm cuối cùng sẽ thể hiện được người tặng đã thấu hiểu người nhận đến đâu. Điều này cũng giống như việc lựa chọn một trong hàng trăm ngàn gợi ý quà tặng ở các lĩnh vực. Món quà hoa Rượu Tình được gửi đi như sự quan tâm chân thành đến những người&nbsp;bạn yêu thương.&nbsp;</p>
<p>Hộp hoa thích hợp tặng trong các dịp lễ như Sinh nhật, Thăng chức,&nbsp;Quốc tế Phụ nữ 8/3,.... Đảm bảo rằng, khi nhận được món quà này người thương sẽ nở một nụ cười hạnh phúc.</p>
","
<p>Hoa Hộp <strong>Rượu Tình</strong>&nbsp;gồm Lan Vũ Nữ, Hoa Hướng Dương, Táo đỏ, 1 chai rượu vang Ý cùng các loại hoa lá phụ liệu khác.</p>
","Hoa theo chủ đề>Ngày Quốc Tế Phụ Nữ 8/3","https://hoatuoi360.com/contents/images/Products/hoa-hop/gf%2018005a.jpg","Bình thường","Kích thước",2000000
"x7jgr","#GF18005","Hoa Hộp GF 18005","<p><strong>RƯỢU TÌNH</strong></p>
<p>Rượu vang có rất nhiều loại, nên việc lựa chọn sản phẩm cuối cùng sẽ thể hiện được người tặng đã thấu hiểu người nhận đến đâu. Điều này cũng giống như việc lựa chọn một trong hàng trăm ngàn gợi ý quà tặng ở các lĩnh vực. Món quà hoa Rượu Tình được gửi đi như sự quan tâm chân thành đến những người&nbsp;bạn yêu thương.&nbsp;</p>
<p>Hộp hoa thích hợp tặng trong các dịp lễ như Sinh nhật, Thăng chức,&nbsp;Quốc tế Phụ nữ 8/3,.... Đảm bảo rằng, khi nhận được món quà này người thương sẽ nở một nụ cười hạnh phúc.</p>
","
<p>Hoa Hộp <strong>Rượu Tình</strong>&nbsp;gồm Lan Vũ Nữ, Hoa Hướng Dương, Táo đỏ, 1 chai rượu vang Ý cùng các loại hoa lá phụ liệu khác.</p>
","Hoa theo chủ đề>Ngày Quốc Tế Phụ Nữ 8/3","https://hoatuoi360.com/contents/images/Products/hoa-hop/gf%2018005a.jpg","Lớn hơn (+30%)","Kích thước",2600000
"63k1l","#GF18007","Hoa Hộp GF 18007","<p><b>VỊ NGỌT</b></p>
<p>Bia Corona Extra xuất xứ từ Mexico là một trong những loại bia được uống nhiều nhất thế giới.&nbsp;Sau những ngày làm việc mệt mỏi vất vả&nbsp;có một chút&nbsp;bia Corona sé giúp&nbsp;bạn xua tan đi mệt mỏi, áp lực trong công việc hàng ngày.&nbsp;</p>
<p>Hoa&nbsp;hộp <strong>Vị Ngọt</strong> là&nbsp;món quà không chỉ khiến cho người bạn muốn gửi gắm&nbsp;thích thú ngắm nhìn, mà còn say mê với vị&nbsp;ngon của bia Corona. Sản phẩm thích hợp để tặng trong những dịp lễ đặc biệt như Quốc tế Phụ nữ, sinh nhật, khai trương, chúc mừng...</p>
","
<p>Sản phẩm&nbsp;gồm Lan Vũ Nữ, Hoa Cát Tường, Táo xanh, 2 chai Corona cùng các loại hoa lá phụ liệu khác.</p>
","Hoa theo chủ đề>Ngày Quốc Tế Phụ Nữ 8/3","https://hoatuoi360.com/contents/images/Products/hoa-hop/gf%2018007.jpg","Bình thường","Kích thước",1000000
"63k1l","#GF18007","Hoa Hộp GF 18007","<p><b>VỊ NGỌT</b></p>
<p>Bia Corona Extra xuất xứ từ Mexico là một trong những loại bia được uống nhiều nhất thế giới.&nbsp;Sau những ngày làm việc mệt mỏi vất vả&nbsp;có một chút&nbsp;bia Corona sé giúp&nbsp;bạn xua tan đi mệt mỏi, áp lực trong công việc hàng ngày.&nbsp;</p>
<p>Hoa&nbsp;hộp <strong>Vị Ngọt</strong> là&nbsp;món quà không chỉ khiến cho người bạn muốn gửi gắm&nbsp;thích thú ngắm nhìn, mà còn say mê với vị&nbsp;ngon của bia Corona. Sản phẩm thích hợp để tặng trong những dịp lễ đặc biệt như Quốc tế Phụ nữ, sinh nhật, khai trương, chúc mừng...</p>
","
<p>Sản phẩm&nbsp;gồm Lan Vũ Nữ, Hoa Cát Tường, Táo xanh, 2 chai Corona cùng các loại hoa lá phụ liệu khác.</p>
","Hoa theo chủ đề>Ngày Quốc Tế Phụ Nữ 8/3","https://hoatuoi360.com/contents/images/Products/hoa-hop/gf%2018007.jpg","Lớn hơn (+30%)","Kích thước",1300000
"441ls","#GF18009","Hoa Hộp GF 18009","<p>TƯƠI TẮN</p>
<p>Học tập đơn giản là hạt giống của kiến thức, kiến thức là hạt giống của hạnh phúc. Muốn có được thành công, hạnh phúc chúng ta phải không ngừng nỗ lực, trau dồi. Hộp Hoa với gam màu vàng sang trọng, mang ý nghĩa của sự kiên trì, chính là món quà bạn tìm kiếm trong dịp Khai trương, Chúc mừng, Sinh nhật,...</p>
","
<p>Hoa Hộp gồm Địa Lan, Lan Vũ Nữ, Hoa Cát Tường, Táo xanh cùng các loại hoa lá phụ liệu khác.</p>
","Hoa theo chủ đề>Ngày Quốc Tế Phụ Nữ 8/3","https://hoatuoi360.com/contents/images/Products/hoa-hop/GF%2018009.JPG","Bình thường","Kích thước",2000000
"441ls","#GF18009","Hoa Hộp GF 18009","<p>TƯƠI TẮN</p>
<p>Học tập đơn giản là hạt giống của kiến thức, kiến thức là hạt giống của hạnh phúc. Muốn có được thành công, hạnh phúc chúng ta phải không ngừng nỗ lực, trau dồi. Hộp Hoa với gam màu vàng sang trọng, mang ý nghĩa của sự kiên trì, chính là món quà bạn tìm kiếm trong dịp Khai trương, Chúc mừng, Sinh nhật,...</p>
","
<p>Hoa Hộp gồm Địa Lan, Lan Vũ Nữ, Hoa Cát Tường, Táo xanh cùng các loại hoa lá phụ liệu khác.</p>
","Hoa theo chủ đề>Ngày Quốc Tế Phụ Nữ 8/3","https://hoatuoi360.com/contents/images/Products/hoa-hop/GF%2018009.JPG","Lớn hơn (+30%)","Kích thước",2600000
"5vxzr","#GF18006","Hoa Hộp GF 18006","<p><strong>SAY TÌNH</strong></p>
<p>Làm thế nào gửi gắm hết tâm tư tình cảm vào hết một món quà chắn hẳn làm nhiều người rất phân vân. Hiểu được nỗi lòng ấy, Hoa Hộp Say Tình được thiết kế với Rượu - Lời chúc sức khỏe, Hoa Hướng Dương - Lời Chúc Thành công, may mắn, Lan Vũ Nữ - Lời chúc sắc đẹp, trí tuệ. Đây chính là món quà mà bạn vất vả tìm kiếm để tặng cho người thân, bạn bè, đồng nghiệp,.. Nhất định thông điệp tình cảm của bạn sẽ được truyền tải một cách đầy đủ nhất.</p>
","
<p>Hộp Hoa <strong>Say Tình </strong>được kết hợp từ Lan Vũ Nữ, Hoa Hướng Dương, Táo Xanh, 2 chai Corona cùng các loại hoa lá phụ liệu khác trong một hộp gỗ trang nhã.</p>
","Hoa theo chủ đề>Ngày Quốc Tế Phụ Nữ 8/3","https://hoatuoi360.com/contents/images/Products/hoa-hop/GF%2018006.JPG","Bình thường","Kích thước",1000000
"5vxzr","#GF18006","Hoa Hộp GF 18006","<p><strong>SAY TÌNH</strong></p>
<p>Làm thế nào gửi gắm hết tâm tư tình cảm vào hết một món quà chắn hẳn làm nhiều người rất phân vân. Hiểu được nỗi lòng ấy, Hoa Hộp Say Tình được thiết kế với Rượu - Lời chúc sức khỏe, Hoa Hướng Dương - Lời Chúc Thành công, may mắn, Lan Vũ Nữ - Lời chúc sắc đẹp, trí tuệ. Đây chính là món quà mà bạn vất vả tìm kiếm để tặng cho người thân, bạn bè, đồng nghiệp,.. Nhất định thông điệp tình cảm của bạn sẽ được truyền tải một cách đầy đủ nhất.</p>
","
<p>Hộp Hoa <strong>Say Tình </strong>được kết hợp từ Lan Vũ Nữ, Hoa Hướng Dương, Táo Xanh, 2 chai Corona cùng các loại hoa lá phụ liệu khác trong một hộp gỗ trang nhã.</p>
","Hoa theo chủ đề>Ngày Quốc Tế Phụ Nữ 8/3","https://hoatuoi360.com/contents/images/Products/hoa-hop/GF%2018006.JPG","Lớn hơn (+30%)","Kích thước",1300000
"01l8","#G18006","Hoa Hộp G 18006","<p style=""margin-left:9.0pt;""><strong>THANH CAO</strong></p>
<p style=""margin-left:9.0pt;"">Green Wicky là hoa cẩm chướng Nhật có màu xanh mướt, hình dáng độc đáo và tươi rất lâu. Loài hoa này mang ý nghĩa của hoa cẩm chướng, tượng trưng cho tình bạn, lòng quý mến, tình yêu trong trắng, thanh cao.</p>
<p style=""margin-left:9.0pt;"">Green Wicky kết hợp cùng Hoa hồng da tạo thành hộp&nbsp;hoa với màu sắc trang nhã, tràn đầy sức sống hứa hẹn sẽ mang đến điều tuyệt vời trong những dịp quan trọng.</p>
<p style=""margin-left:9.0pt;"">&nbsp;</p>
","
<p>Hoa Hộp <strong>Thanh Cao </strong>gồm Hoa Hướng Dương, Hoa Hồng, Wicky cùng các loại hoa lá phụ liệu khác.</p>
","Hoa theo chủ đề>Ngày Quốc Tế Phụ Nữ 8/3","https://hoatuoi360.com/contents/images/Products/hoa-hop/G%2018006.jpg","Bình thường","Kích thước",500000
"01l8","#G18006","Hoa Hộp G 18006","<p style=""margin-left:9.0pt;""><strong>THANH CAO</strong></p>
<p style=""margin-left:9.0pt;"">Green Wicky là hoa cẩm chướng Nhật có màu xanh mướt, hình dáng độc đáo và tươi rất lâu. Loài hoa này mang ý nghĩa của hoa cẩm chướng, tượng trưng cho tình bạn, lòng quý mến, tình yêu trong trắng, thanh cao.</p>
<p style=""margin-left:9.0pt;"">Green Wicky kết hợp cùng Hoa hồng da tạo thành hộp&nbsp;hoa với màu sắc trang nhã, tràn đầy sức sống hứa hẹn sẽ mang đến điều tuyệt vời trong những dịp quan trọng.</p>
<p style=""margin-left:9.0pt;"">&nbsp;</p>
","
<p>Hoa Hộp <strong>Thanh Cao </strong>gồm Hoa Hướng Dương, Hoa Hồng, Wicky cùng các loại hoa lá phụ liệu khác.</p>
","Hoa theo chủ đề>Ngày Quốc Tế Phụ Nữ 8/3","https://hoatuoi360.com/contents/images/Products/hoa-hop/G%2018006.jpg","Lớn hơn (+30%)","Kích thước",650000
"fgrwk","#BX102","Hoa hộp BX 102","<p><strong>THÀNH Ý</strong></p>
<p>Hoa hồng phớt đại diện cho vẻ đẹp duyên dáng, tinh tế vì vậy chúng là lựa chọn tuyệt vời để tặng trong những dịp lễ Chúc mừng, Kỷ niệm, Sinh nhật,... Đây không những là món quà sang trọng thể hiện thành ý của bạn đối với người nhận mà còn thể hiện đẳng cấp của chính bạn nữa. Hộp Hoa với ý nghĩa của tình yêu ngây thơ, chân thành này chắc chắn sẽ làm đối phương thích thú.</p>
","
<p>Hoa Hộp gồm Cát Tường, Lan Vũ Nữ, Thanh Môn, Hoa Hồng, Thiên Điểu cùng các loại hoa lá phụ liệu khác.</p>
","Hoa hộp","https://hoatuoi360.com/contents/images/Products/hoa-hop/Hoa-hop-BX-102.jpg","Bình thường","Kích thước",1000000
"fgrwk","#BX102","Hoa hộp BX 102","<p><strong>THÀNH Ý</strong></p>
<p>Hoa hồng phớt đại diện cho vẻ đẹp duyên dáng, tinh tế vì vậy chúng là lựa chọn tuyệt vời để tặng trong những dịp lễ Chúc mừng, Kỷ niệm, Sinh nhật,... Đây không những là món quà sang trọng thể hiện thành ý của bạn đối với người nhận mà còn thể hiện đẳng cấp của chính bạn nữa. Hộp Hoa với ý nghĩa của tình yêu ngây thơ, chân thành này chắc chắn sẽ làm đối phương thích thú.</p>
","
<p>Hoa Hộp gồm Cát Tường, Lan Vũ Nữ, Thanh Môn, Hoa Hồng, Thiên Điểu cùng các loại hoa lá phụ liệu khác.</p>
","Hoa hộp","https://hoatuoi360.com/contents/images/Products/hoa-hop/Hoa-hop-BX-102.jpg","Lớn hơn (+30%)","Kích thước",1300000
"pjj4s","#BX089","Hoa hộp BX 089","<p><strong>TỎA HƯƠNG</strong></p>
<p>Cành Hồng có những cuống lá đầy gai rất đặc trưng, với những lá kép mọc xen kẽ đối nhau, nở ra những đóa hoa nhiều màu sắc, có nhiều nhị hoa và thường tỏa hương thơm. Từ xa xưa, hoa Hồng đã được coi là trượng trưng cho tình yêu. Song, mỗi loại Hồng khác nhau lại mang những ý nghĩa riêng, nếu Hồng Đỏ là biểu tượng muôn đời của tình yêu đam mê, thì Hồng Phớt thể hiện một tình yêu ngây thơ, ngọt ngào. Hoa Hộp thích hợp tặng trong dịp Sinh nhật, Chúc mừng, Kỷ niệm,...</p>
","
<p>Hoa Hộp gồm Hoa Hồng, Phi Yến cùng các loại hoa lá phụ liệu khác.</p>
","Hoa theo chủ đề>Ngày Phụ Nữ Việt Nam 20/10","https://hoatuoi360.com/contents/images/Products/hoa-hop/Hoa-hop-BX-092.jpg","Bình thường","Kích thước",800000
"pjj4s","#BX089","Hoa hộp BX 089","<p><strong>TỎA HƯƠNG</strong></p>
<p>Cành Hồng có những cuống lá đầy gai rất đặc trưng, với những lá kép mọc xen kẽ đối nhau, nở ra những đóa hoa nhiều màu sắc, có nhiều nhị hoa và thường tỏa hương thơm. Từ xa xưa, hoa Hồng đã được coi là trượng trưng cho tình yêu. Song, mỗi loại Hồng khác nhau lại mang những ý nghĩa riêng, nếu Hồng Đỏ là biểu tượng muôn đời của tình yêu đam mê, thì Hồng Phớt thể hiện một tình yêu ngây thơ, ngọt ngào. Hoa Hộp thích hợp tặng trong dịp Sinh nhật, Chúc mừng, Kỷ niệm,...</p>
","
<p>Hoa Hộp gồm Hoa Hồng, Phi Yến cùng các loại hoa lá phụ liệu khác.</p>
","Hoa theo chủ đề>Ngày Phụ Nữ Việt Nam 20/10","https://hoatuoi360.com/contents/images/Products/hoa-hop/Hoa-hop-BX-092.jpg","Lớn hơn (+30%)","Kích thước",1040000
"3qzmr","#BX100","Hoa hộp BX 100","<p><strong>CUỒNG NHIỆT</strong></p>
<p>Màu đỏ của những đóa Hồng môn như một ngọn lửa đang cháy, thật mãnh liệt và cuồng nhiệt, thể hiện một tình yêu đầy đam mê. Hơn thế, Hoa còn&nbsp;thể hiện tình cảm chân thành không gian dối, một tình cảm nồng ấm, một sự thanh lịch và tao nhã. Hộp Hoa <strong>Cuồng Nhiệt </strong>thích hợp dành tặng những dịp như Sinh nhật, Lễ Kỷ niệm, Chúc mừng,...</p>
","
<p>Hoa Hộp gồm Hoa Ly, Hồng Môn, Cúc Camilero, Wicky, Lan thái, Hướng Dương cùng các loại hoa lá phụ liệu khác.</p>
","Hoa hộp","https://hoatuoi360.com/contents/images/Products/hoa-hop/Hoa-hop-BX-100.jpg","Bình thường","Kích thước",700000
"3qzmr","#BX100","Hoa hộp BX 100","<p><strong>CUỒNG NHIỆT</strong></p>
<p>Màu đỏ của những đóa Hồng môn như một ngọn lửa đang cháy, thật mãnh liệt và cuồng nhiệt, thể hiện một tình yêu đầy đam mê. Hơn thế, Hoa còn&nbsp;thể hiện tình cảm chân thành không gian dối, một tình cảm nồng ấm, một sự thanh lịch và tao nhã. Hộp Hoa <strong>Cuồng Nhiệt </strong>thích hợp dành tặng những dịp như Sinh nhật, Lễ Kỷ niệm, Chúc mừng,...</p>
","
<p>Hoa Hộp gồm Hoa Ly, Hồng Môn, Cúc Camilero, Wicky, Lan thái, Hướng Dương cùng các loại hoa lá phụ liệu khác.</p>
","Hoa hộp","https://hoatuoi360.com/contents/images/Products/hoa-hop/Hoa-hop-BX-100.jpg","Lớn hơn (+30%)","Kích thước",910000
"7uzo","#BX099","Hoa hộp BX 099","<p><strong>VUN ĐẮP</strong></p>
<p>Ý nghĩa sâu sắc nhất của Hoa Hồng Phớt&nbsp;là&nbsp;một sự&nbsp;yêu thích, tình cảm cho và nhận. Tình yêu ngây thơ chưa nảy nở những đam mê, một tình cảm sâu sắc nhưng vẫn cần thêm thời gian để&nbsp;đạt tới đỉnh cao. Hoa thích hợp để bày tỏ tình cảm nhẹ nhàng và ước muốn cùng đối phương vun đắp tình cảm. Hộp Hoa <strong>Vun Đắp</strong> thích hợp tặng trong những dịp Sinh nhật, Chúc mừng, Ngày Phụ nữ,...</p>
","
<p>Hoa Hộp gồm Hoa Hồng, Hướng Dương, Ping Pong, Cúc&nbsp;Camilero cùng các loại hoa lá phụ liệu khác.</p>
","Hoa hộp","https://hoatuoi360.com/contents/images/Products/hoa-hop/Hoa-hop-BX-099.jpg","Bình thường","Kích thước",500000
"7uzo","#BX099","Hoa hộp BX 099","<p><strong>VUN ĐẮP</strong></p>
<p>Ý nghĩa sâu sắc nhất của Hoa Hồng Phớt&nbsp;là&nbsp;một sự&nbsp;yêu thích, tình cảm cho và nhận. Tình yêu ngây thơ chưa nảy nở những đam mê, một tình cảm sâu sắc nhưng vẫn cần thêm thời gian để&nbsp;đạt tới đỉnh cao. Hoa thích hợp để bày tỏ tình cảm nhẹ nhàng và ước muốn cùng đối phương vun đắp tình cảm. Hộp Hoa <strong>Vun Đắp</strong> thích hợp tặng trong những dịp Sinh nhật, Chúc mừng, Ngày Phụ nữ,...</p>
","
<p>Hoa Hộp gồm Hoa Hồng, Hướng Dương, Ping Pong, Cúc&nbsp;Camilero cùng các loại hoa lá phụ liệu khác.</p>
","Hoa hộp","https://hoatuoi360.com/contents/images/Products/hoa-hop/Hoa-hop-BX-099.jpg","Lớn hơn (+30%)","Kích thước",650000