﻿"id","sku","name","short_description","breadcrumb","images","attribute_0_value","attribute_0_name","regular_price","description"
"9auyuh","#W140","Hoa cưới W 140","
","Hoa cưới>Hoa cầm tay cô dâu","https://hoatuoi360.com/contents/images/Products/hoa-cam-tay/Hoa-cuoi-W-114.jpg","Bình thường","Kích thước",990000,
"9auyuh","#W140","Hoa cưới W 140","
","Hoa cưới>Hoa cầm tay cô dâu","https://hoatuoi360.com/contents/images/Products/hoa-cam-tay/Hoa-cuoi-W-114.jpg","Lớn hơn (+30%)","Kích thước",1287000,
"ffjbb","#W149","Hoa cưới W 149","
","Hoa cưới>Hoa cầm tay cô dâu","https://hoatuoi360.com/contents/images/Products/hoa-cam-tay/Hoa-cuoi-W-113.jpg","Bình thường","Kích thước",990000,
"ffjbb","#W149","Hoa cưới W 149","
","Hoa cưới>Hoa cầm tay cô dâu","https://hoatuoi360.com/contents/images/Products/hoa-cam-tay/Hoa-cuoi-W-113.jpg","Lớn hơn (+30%)","Kích thước",1287000,
"2bj8p","#W148","Hoa cưới W 148","
","Hoa cưới>Hoa cầm tay cô dâu","https://hoatuoi360.com/contents/images/Products/hoa-cam-tay/Hoa-cuoi-W-111.jpg","Bình thường","Kích thước",990000,
"2bj8p","#W148","Hoa cưới W 148","
","Hoa cưới>Hoa cầm tay cô dâu","https://hoatuoi360.com/contents/images/Products/hoa-cam-tay/Hoa-cuoi-W-111.jpg","Lớn hơn (+30%)","Kích thước",1287000,
"4rw0w","#W141","Hoa cưới W 141","
","Hoa cưới>Hoa cầm tay cô dâu","https://hoatuoi360.com/contents/images/Products/hoa-cam-tay/Hoa-cuoi-W-115.jpg","Bình thường","Kích thước",3000000,
"4rw0w","#W141","Hoa cưới W 141","
","Hoa cưới>Hoa cầm tay cô dâu","https://hoatuoi360.com/contents/images/Products/hoa-cam-tay/Hoa-cuoi-W-115.jpg","Lớn hơn (+30%)","Kích thước",3900000,
"81n6","#W-147","Hoa Cuoi W-147","
","Hoa cưới>Hoa cầm tay cô dâu","https://hoatuoi360.com/contents/images/Products/hoa-cam-tay/Hoa-Cuoi-W-147.jpg","Bình thường","Kích thước",900000,
"81n6","#W-147","Hoa Cuoi W-147","
","Hoa cưới>Hoa cầm tay cô dâu","https://hoatuoi360.com/contents/images/Products/hoa-cam-tay/Hoa-Cuoi-W-147.jpg","Lớn hơn (+30%)","Kích thước",1170000,
"8dn6","#W-146","Hoa Cưới W-146","
","Hoa cưới>Hoa cầm tay cô dâu","https://hoatuoi360.com/contents/images/Products/hoa-cam-tay/Hoa-Cuoi-W-146.jpg","Bình thường","Kích thước",1900000,
"8dn6","#W-146","Hoa Cưới W-146","
","Hoa cưới>Hoa cầm tay cô dâu","https://hoatuoi360.com/contents/images/Products/hoa-cam-tay/Hoa-Cuoi-W-146.jpg","Lớn hơn (+30%)","Kích thước",2470000,
"kgl29","#W-145","Hoa Cưới W-145","
","Hoa cưới>Hoa cầm tay cô dâu","https://hoatuoi360.com/contents/images/Products/hoa-cam-tay/Hoa-Cuoi-W-145.jpg","Bình thường","Kích thước",600000,
"kgl29","#W-145","Hoa Cưới W-145","
","Hoa cưới>Hoa cầm tay cô dâu","https://hoatuoi360.com/contents/images/Products/hoa-cam-tay/Hoa-Cuoi-W-145.jpg","Lớn hơn (+30%)","Kích thước",780000,
"1klkd","#W-144","Hoa Cưới W-144","
","Hoa cưới>Hoa cầm tay cô dâu","https://hoatuoi360.com/contents/images/Products/hoa-cam-tay/Hoa-Cuoi-W-144.jpg","Bình thường","Kích thước",1900000,
"1klkd","#W-144","Hoa Cưới W-144","
","Hoa cưới>Hoa cầm tay cô dâu","https://hoatuoi360.com/contents/images/Products/hoa-cam-tay/Hoa-Cuoi-W-144.jpg","Lớn hơn (+30%)","Kích thước",2470000,
"dzkif","#W-143","Hoa Cưới W-143","
","Hoa cưới>Hoa cầm tay cô dâu","https://hoatuoi360.com/contents/images/Products/hoa-cam-tay/Hoa-Cuoi-W-143.jpg","Bình thường","Kích thước",2000000,
"dzkif","#W-143","Hoa Cưới W-143","
","Hoa cưới>Hoa cầm tay cô dâu","https://hoatuoi360.com/contents/images/Products/hoa-cam-tay/Hoa-Cuoi-W-143.jpg","Lớn hơn (+30%)","Kích thước",2600000,
"yeiih","#W-142","Hoa Cưới W-142","
","Hoa cưới>Hoa cầm tay cô dâu","https://hoatuoi360.com/contents/images/Products/hoa-cam-tay/Hoa-Cuoi-W-142.jpg","Bình thường","Kích thước",900000,
"yeiih","#W-142","Hoa Cưới W-142","
","Hoa cưới>Hoa cầm tay cô dâu","https://hoatuoi360.com/contents/images/Products/hoa-cam-tay/Hoa-Cuoi-W-142.jpg","Lớn hơn (+30%)","Kích thước",1170000,
"oompd","#W-141","Hoa Cưới W-141","
","Hoa cưới>Hoa cầm tay cô dâu","https://hoatuoi360.com/contents/images/Products/hoa-cam-tay/Hoa-Cuoi-W-141.jpg","Bình thường","Kích thước",900000,
"oompd","#W-141","Hoa Cưới W-141","
","Hoa cưới>Hoa cầm tay cô dâu","https://hoatuoi360.com/contents/images/Products/hoa-cam-tay/Hoa-Cuoi-W-141.jpg","Lớn hơn (+30%)","Kích thước",1170000,
"1z8g","#W-140","Hoa Cưới W-140","
","Hoa cưới>Hoa cầm tay cô dâu","https://hoatuoi360.com/contents/images/Products/hoa-cam-tay/Hoa-Cuoi-W-140.jpg","Bình thường","Kích thước",3000000,
"1z8g","#W-140","Hoa Cưới W-140","
","Hoa cưới>Hoa cầm tay cô dâu","https://hoatuoi360.com/contents/images/Products/hoa-cam-tay/Hoa-Cuoi-W-140.jpg","Lớn hơn (+30%)","Kích thước",3900000,
"rodcr","#W-139","Hoa Cưới W-139","
","Hoa cưới>Hoa cầm tay cô dâu","https://hoatuoi360.com/contents/images/Products/hoa-cam-tay/Hoa-Cuoi-W-139.jpg","Bình thường","Kích thước",3000000,
"rodcr","#W-139","Hoa Cưới W-139","
","Hoa cưới>Hoa cầm tay cô dâu","https://hoatuoi360.com/contents/images/Products/hoa-cam-tay/Hoa-Cuoi-W-139.jpg","Lớn hơn (+30%)","Kích thước",3900000,
"i0lfd","#W001","Hoa cầm tay cô dâu W 001","
<p>Hoa Cầm Tây diễm lệ với Hoa Hồng Trắng, Hoa Hồng Cam cùng các loại hoa lá phụ liệu khác.</p>
","Hoa cưới>Hoa cầm tay cô dâu","https://hoatuoi360.com/contents/images/Products/hoa-cam-tay/hoa-cam-tay-co-dau-W-(L)-001.jpg","Bình thường","Kích thước",700000,"<p><strong>ĐỜI SỐNG MỚI</strong></p>
<p>Cuộc sống&nbsp;thiếu tình yêu không phải là sống mà chỉ là sự tồn tại. Không thể sống thiếu tình yêu vì con người sinh ra có một tâm hồn để mà yêu. M.Gorki. Vì thế, để sống đúng nghĩa ta luôn luôn phải sống với tình yêu của mình. Hoa Cầm Tay với Hoa Hồng Cam - biểu tượng của sự khởi đầu là lời chúc cho cặp tình nhân sắp bước vào một đời sống mới.</p>
"
"i0lfd","#W001","Hoa cầm tay cô dâu W 001","
<p>Hoa Cầm Tây diễm lệ với Hoa Hồng Trắng, Hoa Hồng Cam cùng các loại hoa lá phụ liệu khác.</p>
","Hoa cưới>Hoa cầm tay cô dâu","https://hoatuoi360.com/contents/images/Products/hoa-cam-tay/hoa-cam-tay-co-dau-W-(L)-001.jpg","Lớn hơn (+30%)","Kích thước",910000,"<p><strong>ĐỜI SỐNG MỚI</strong></p>
<p>Cuộc sống&nbsp;thiếu tình yêu không phải là sống mà chỉ là sự tồn tại. Không thể sống thiếu tình yêu vì con người sinh ra có một tâm hồn để mà yêu. M.Gorki. Vì thế, để sống đúng nghĩa ta luôn luôn phải sống với tình yêu của mình. Hoa Cầm Tay với Hoa Hồng Cam - biểu tượng của sự khởi đầu là lời chúc cho cặp tình nhân sắp bước vào một đời sống mới.</p>
"
"a5s6j","#W002","Hoa cầm tay cô dâu W 002","
<p>Hoa Cầm Tay gồm Hoa Hồng cùng các loại hoa lá phụ liệu khác.</p>
","Hoa cưới>Hoa cầm tay cô dâu","https://hoatuoi360.com/contents/images/Products/hoa-cam-tay/hoa-cam-tay-co-dau-W-(L)-002.jpg","Bình thường","Kích thước",500000,"<p><strong>NGỌN LỬA</strong></p>
<p>Xa cách đối với tình yêu như gió đối với lửa, nó thổi tắt ngọn lửa nhỏ nhưng thổi bùng ngọn lửa lớn. R. Bussy Rabutin. Sau những sóng gió, thử thách, ""ngọn lửa"" ấy không những không tắt đi mà còn mãi mãi bừng cháy,&nbsp;gói gọn lại trong một đám cưới thật hoành tráng và tràn đầy tình thương. Bó hoa cưới với Hoa Hồng Đỏ như những ngọn lửa cháy sáng là lời chúc cho một đám cưới viên mãn, thích hợp để cô dâu cầm trên tay, cùng người bạn đời bước vào lễ đường.</p>
"
"a5s6j","#W002","Hoa cầm tay cô dâu W 002","
<p>Hoa Cầm Tay gồm Hoa Hồng cùng các loại hoa lá phụ liệu khác.</p>
","Hoa cưới>Hoa cầm tay cô dâu","https://hoatuoi360.com/contents/images/Products/hoa-cam-tay/hoa-cam-tay-co-dau-W-(L)-002.jpg","Lớn hơn (+30%)","Kích thước",650000,"<p><strong>NGỌN LỬA</strong></p>
<p>Xa cách đối với tình yêu như gió đối với lửa, nó thổi tắt ngọn lửa nhỏ nhưng thổi bùng ngọn lửa lớn. R. Bussy Rabutin. Sau những sóng gió, thử thách, ""ngọn lửa"" ấy không những không tắt đi mà còn mãi mãi bừng cháy,&nbsp;gói gọn lại trong một đám cưới thật hoành tráng và tràn đầy tình thương. Bó hoa cưới với Hoa Hồng Đỏ như những ngọn lửa cháy sáng là lời chúc cho một đám cưới viên mãn, thích hợp để cô dâu cầm trên tay, cùng người bạn đời bước vào lễ đường.</p>
"
"sy4vj","#W003","Hoa cầm tay cô dâu W 003","
<p>Hoa cầm tay trang nhã với Hoa Hồng trắng cùng các loại hoa lá phụ liệu khác.</p>
","Hoa cưới>Hoa cầm tay cô dâu","https://hoatuoi360.com/contents/images/Products/hoa-cam-tay/hoa-cam-tay-co-dau-W-(L)-003.jpg","Bình thường","Kích thước",990000,"<p><strong>&nbsp;DÀNH TRỌN</strong></p>
<p>Tình yêu của các chàng trai không nằm ở trái tim mà nằm ở đôi mắt.&nbsp;Shakespear. Cùng với chiếc váy cưới lộng lẫy, Hoa Cầm Tay là vật dụng mà bất cứ cô dâu nào cũng không thế thiếu trong ngày cưới, chọn một bó hoa cưới đẹp không những tôn lên vẻ đẹp của bản thân, mà còn thu hút ánh mắt của người bạn đời của mình, bởi lẽ đây là ngày tuyệt vời nhất, ngày dành trọn những điều hoàn hảo nhất cho người mình yêu thương. Hoa Cầm Tay với Hoa Hồng trắng là biểu tượng của sự thuẩn khiết, trong sáng và đức hạnh là sự lựa chọn phù hợp nhất.</p>
"
"sy4vj","#W003","Hoa cầm tay cô dâu W 003","
<p>Hoa cầm tay trang nhã với Hoa Hồng trắng cùng các loại hoa lá phụ liệu khác.</p>
","Hoa cưới>Hoa cầm tay cô dâu","https://hoatuoi360.com/contents/images/Products/hoa-cam-tay/hoa-cam-tay-co-dau-W-(L)-003.jpg","Lớn hơn (+30%)","Kích thước",1287000,"<p><strong>&nbsp;DÀNH TRỌN</strong></p>
<p>Tình yêu của các chàng trai không nằm ở trái tim mà nằm ở đôi mắt.&nbsp;Shakespear. Cùng với chiếc váy cưới lộng lẫy, Hoa Cầm Tay là vật dụng mà bất cứ cô dâu nào cũng không thế thiếu trong ngày cưới, chọn một bó hoa cưới đẹp không những tôn lên vẻ đẹp của bản thân, mà còn thu hút ánh mắt của người bạn đời của mình, bởi lẽ đây là ngày tuyệt vời nhất, ngày dành trọn những điều hoàn hảo nhất cho người mình yêu thương. Hoa Cầm Tay với Hoa Hồng trắng là biểu tượng của sự thuẩn khiết, trong sáng và đức hạnh là sự lựa chọn phù hợp nhất.</p>
"
"vtgsb","#W004","Hoa cầm tay cô dâu W 004","
<p>Hoa Cầm Tay nhẹ nhàng với Hoa Hồng, Lan Hồ Điệp, Cát Tường cùng các loại hoa lá phụ liệu khác.</p>
","Hoa cưới>Hoa cầm tay cô dâu","https://hoatuoi360.com/contents/images/Products/hoa-cam-tay/hoa-cam-tay-co-dau-W-(L)-004.jpg","Bình thường","Kích thước",700000,"<p><strong>SÁNH ĐÔI</strong></p>
<p>Cuộc đời ngắn ngủi và chúng ta không bao giờ có đủ thời gian cho những con tim đồng cảm. Ôi! Hãy nhanh chóng yêu đi! Hãy nhanh chóng kết tình thân ái.&nbsp;Henry F. Amiel. Thật tuyệt vời khi được sánh duyên với người mình yêu thương bước vào lễ đường, cuộc đời có bao nhiêu, hãy cứ yêu và hãy cưới. Hoa Cầm Tay dịu dàng với tông màu Pastel rất thích hợp với vẻ đẹp đằm thắm và quý phái của cô dâu trong lễ cưới.</p>
"
"vtgsb","#W004","Hoa cầm tay cô dâu W 004","
<p>Hoa Cầm Tay nhẹ nhàng với Hoa Hồng, Lan Hồ Điệp, Cát Tường cùng các loại hoa lá phụ liệu khác.</p>
","Hoa cưới>Hoa cầm tay cô dâu","https://hoatuoi360.com/contents/images/Products/hoa-cam-tay/hoa-cam-tay-co-dau-W-(L)-004.jpg","Lớn hơn (+30%)","Kích thước",910000,"<p><strong>SÁNH ĐÔI</strong></p>
<p>Cuộc đời ngắn ngủi và chúng ta không bao giờ có đủ thời gian cho những con tim đồng cảm. Ôi! Hãy nhanh chóng yêu đi! Hãy nhanh chóng kết tình thân ái.&nbsp;Henry F. Amiel. Thật tuyệt vời khi được sánh duyên với người mình yêu thương bước vào lễ đường, cuộc đời có bao nhiêu, hãy cứ yêu và hãy cưới. Hoa Cầm Tay dịu dàng với tông màu Pastel rất thích hợp với vẻ đẹp đằm thắm và quý phái của cô dâu trong lễ cưới.</p>
"
"45ukp","#W005","Hoa cầm tay cô dâu W 005","
<p>Hoa Cầm Tay xinh xắn với Hoa Ly Hồng cùng các loại hoa lá phụ liệu khác.</p>
","Hoa cưới>Hoa cầm tay cô dâu","https://hoatuoi360.com/contents/images/Products/hoa-cam-tay/hoa-cam-tay-co-dau-W-(L)-005.jpg","Bình thường","Kích thước",900000,"<p><strong>LÝ TƯỞNG</strong></p>
<p>Khi hai người yêu nhau, họ không nhìn nhau mà họ cùng nhìn về một hướng.&nbsp;Saint Exupery. Hoa Ly là một loại hoa với vẻ đẹp sang trọng và kiều diễm, nó còn có tên&nbsp;gọi khác&nbsp;là Hoa Bách Hợp - trăm năm hòa hợp, do vậy, chọn Hoa Ly để cầm trong tiệc cưới không những làm nổi bật lên vẻ đẹp thanh thoát, lộng lẫy của cô dâu, mà nó còn là một lời cầu chúc lứa đôi, cùng nhau xây dựng một lý tưởng đến trọn đời.</p>
"
"45ukp","#W005","Hoa cầm tay cô dâu W 005","
<p>Hoa Cầm Tay xinh xắn với Hoa Ly Hồng cùng các loại hoa lá phụ liệu khác.</p>
","Hoa cưới>Hoa cầm tay cô dâu","https://hoatuoi360.com/contents/images/Products/hoa-cam-tay/hoa-cam-tay-co-dau-W-(L)-005.jpg","Lớn hơn (+30%)","Kích thước",1170000,"<p><strong>LÝ TƯỞNG</strong></p>
<p>Khi hai người yêu nhau, họ không nhìn nhau mà họ cùng nhìn về một hướng.&nbsp;Saint Exupery. Hoa Ly là một loại hoa với vẻ đẹp sang trọng và kiều diễm, nó còn có tên&nbsp;gọi khác&nbsp;là Hoa Bách Hợp - trăm năm hòa hợp, do vậy, chọn Hoa Ly để cầm trong tiệc cưới không những làm nổi bật lên vẻ đẹp thanh thoát, lộng lẫy của cô dâu, mà nó còn là một lời cầu chúc lứa đôi, cùng nhau xây dựng một lý tưởng đến trọn đời.</p>
"
"5wwxa","#W006","Hoa cầm tay cô dâu W 006","
<p>Hoa Cầm Tay nồng ấm với Hoa Ly Vàng cùng các loại hoa lá phụ liệu khác.</p>
","Hoa cưới>Hoa cầm tay cô dâu","https://hoatuoi360.com/contents/images/Products/hoa-cam-tay/hoa-cam-tay-co-dau-W-(L)-006.jpg","Bình thường","Kích thước",900000,"<p><strong>KẾT TRÁI</strong></p>
<p>Chân lý cuối cùng của ở cuộc đời này là tình yêu có nghĩa là sống và sống là yêu.&nbsp;Voltaire. Còn gì tuyệt vời hơn sự đơm hoa kết trái của tình yêu, tuyệt vời hơn nữa là khoảnh khắc bước vào lễ đường thật hoàn hảo. Sắc đẹp lộng lẫy và nổi bật của Hoa Ly vàng trên tay cô dâu, chắc chắn sẽ mang lại giây phút trọn vẹn, khó quên trong ngày trọng đại.</p>
"
"5wwxa","#W006","Hoa cầm tay cô dâu W 006","
<p>Hoa Cầm Tay nồng ấm với Hoa Ly Vàng cùng các loại hoa lá phụ liệu khác.</p>
","Hoa cưới>Hoa cầm tay cô dâu","https://hoatuoi360.com/contents/images/Products/hoa-cam-tay/hoa-cam-tay-co-dau-W-(L)-006.jpg","Lớn hơn (+30%)","Kích thước",1170000,"<p><strong>KẾT TRÁI</strong></p>
<p>Chân lý cuối cùng của ở cuộc đời này là tình yêu có nghĩa là sống và sống là yêu.&nbsp;Voltaire. Còn gì tuyệt vời hơn sự đơm hoa kết trái của tình yêu, tuyệt vời hơn nữa là khoảnh khắc bước vào lễ đường thật hoàn hảo. Sắc đẹp lộng lẫy và nổi bật của Hoa Ly vàng trên tay cô dâu, chắc chắn sẽ mang lại giây phút trọn vẹn, khó quên trong ngày trọng đại.</p>
"
"p9k9r","#W007","Hoa cầm tay cô dâu W 007","
<p>Hoa Cầm Tay hoành tráng với Địa lan cùng các loại hoa lá phụ liệu khác.</p>
","Hoa cưới>Hoa cầm tay cô dâu","https://hoatuoi360.com/contents/images/Products/hoa-cam-tay/hoa-cam-tay-co-dau-W-(L)-007.jpg","Bình thường","Kích thước",5000000,"<p><strong>CHUNG BƯỚC</strong></p>
<p>Tất cả vẻ đẹp của cuộc sống được tạo nên là nhờ vào sức mạnh của tình yêu đối với người phụ nữ.&nbsp;M.Gorki. Để có thể cùng nhau chung bước đến cuối con đường, tất cả là nhờ sự nỗ lực từ cả hai phía, nhờ sức mạnh của tình yêu. Vì thế, để tình yêu nên trọn vẹn, hãy cầm bó hoa cưới với Hoa Địa Lan sang trọng và quý phái này bước vào lễ đường nhé.</p>
"
"p9k9r","#W007","Hoa cầm tay cô dâu W 007","
<p>Hoa Cầm Tay hoành tráng với Địa lan cùng các loại hoa lá phụ liệu khác.</p>
","Hoa cưới>Hoa cầm tay cô dâu","https://hoatuoi360.com/contents/images/Products/hoa-cam-tay/hoa-cam-tay-co-dau-W-(L)-007.jpg","Lớn hơn (+30%)","Kích thước",6500000,"<p><strong>CHUNG BƯỚC</strong></p>
<p>Tất cả vẻ đẹp của cuộc sống được tạo nên là nhờ vào sức mạnh của tình yêu đối với người phụ nữ.&nbsp;M.Gorki. Để có thể cùng nhau chung bước đến cuối con đường, tất cả là nhờ sự nỗ lực từ cả hai phía, nhờ sức mạnh của tình yêu. Vì thế, để tình yêu nên trọn vẹn, hãy cầm bó hoa cưới với Hoa Địa Lan sang trọng và quý phái này bước vào lễ đường nhé.</p>
"
"pj7t6","#W008","Hoa cầm tay cô dâu W 008","
<p>Hoa Cầm Tay sang trọng với Lan Hồ Điệp trắng cùng các loại hoa lá phụ liệu khác.</p>
","Hoa cưới>Hoa cầm tay cô dâu","https://hoatuoi360.com/contents/images/Products/hoa-cam-tay/hoa-cam-tay-co-dau-W-(L)-008.jpg","Bình thường","Kích thước",3000000,"<p><strong>TÌNH CUỐI</strong></p>
<p>Thường người ta nói mối tình đầu là mối tình đẹp nhất nhưng mối tình cuối cùng mới thực sự là mối tình bất diệt.&nbsp;J.Paul Sarte. Với sắc trắng tinh khôi, Lan Hồ Điệp là loài hoa vô cùng&nbsp;tinh khiết, thánh thiện và trinh nguyên tượng trưng cho sự thanh khiết, trong sáng. Chính vì lẽ đó, Hoa Cầm Tay với Lan Hồ Điệp kiêu sa và quyến rũ này rất thích hợp cho cô dâu cầm, sánh duyên với người tình cuối cùng&nbsp;trong đại lễ quan trọng nhất đời mình.</p>
"
"pj7t6","#W008","Hoa cầm tay cô dâu W 008","
<p>Hoa Cầm Tay sang trọng với Lan Hồ Điệp trắng cùng các loại hoa lá phụ liệu khác.</p>
","Hoa cưới>Hoa cầm tay cô dâu","https://hoatuoi360.com/contents/images/Products/hoa-cam-tay/hoa-cam-tay-co-dau-W-(L)-008.jpg","Lớn hơn (+30%)","Kích thước",3900000,"<p><strong>TÌNH CUỐI</strong></p>
<p>Thường người ta nói mối tình đầu là mối tình đẹp nhất nhưng mối tình cuối cùng mới thực sự là mối tình bất diệt.&nbsp;J.Paul Sarte. Với sắc trắng tinh khôi, Lan Hồ Điệp là loài hoa vô cùng&nbsp;tinh khiết, thánh thiện và trinh nguyên tượng trưng cho sự thanh khiết, trong sáng. Chính vì lẽ đó, Hoa Cầm Tay với Lan Hồ Điệp kiêu sa và quyến rũ này rất thích hợp cho cô dâu cầm, sánh duyên với người tình cuối cùng&nbsp;trong đại lễ quan trọng nhất đời mình.</p>
"