﻿"id","sku","name","description","short_description","breadcrumb","images","attribute_0_value","attribute_0_name","regular_price"
"com6d","#BK226","Hoa giỏ BK 226","<p style=""margin-left:9.0pt;""><strong>SÓNG - BỜ</strong></p>
<p style=""margin-left:9.0pt;""><strong>Sóng - bờ</strong> là giỏ&nbsp;hoa được lấy cảm hứng từ nỗi nhớ da diết của các cặp đôi yêu xa. Với tông màu đỏ chủ đạo của Hoa Hồng Đỏ, kết hợp cùng những Chuỗi Ngọc nhỏ xinh thầm gửi đi thông điệp đợi chờ ngày hạnh phúc. Tuy mỗi người một nơi, nhưng lúc nào lòng cũng hướng về nhau.&nbsp;Mẫu hoa thích hợp để thể hiện nỗi nhớ vô bờ đối với những người thân yêu trong các dịp lễ.</p>
","
<p>Hoa Giỏ&nbsp;gồm Lan Hồ Điệp, Hoa Hồng, Chuỗi ngọc cùng các loại hoa lá phụ liệu khác.</p>
","Hoa giỏ","https://hoatuoi360.com/contents/images/Products/hoa-gio/hoa-gio-bk-226.jpg","Bình thường","Kích thước",1900000
"com6d","#BK226","Hoa giỏ BK 226","<p style=""margin-left:9.0pt;""><strong>SÓNG - BỜ</strong></p>
<p style=""margin-left:9.0pt;""><strong>Sóng - bờ</strong> là giỏ&nbsp;hoa được lấy cảm hứng từ nỗi nhớ da diết của các cặp đôi yêu xa. Với tông màu đỏ chủ đạo của Hoa Hồng Đỏ, kết hợp cùng những Chuỗi Ngọc nhỏ xinh thầm gửi đi thông điệp đợi chờ ngày hạnh phúc. Tuy mỗi người một nơi, nhưng lúc nào lòng cũng hướng về nhau.&nbsp;Mẫu hoa thích hợp để thể hiện nỗi nhớ vô bờ đối với những người thân yêu trong các dịp lễ.</p>
","
<p>Hoa Giỏ&nbsp;gồm Lan Hồ Điệp, Hoa Hồng, Chuỗi ngọc cùng các loại hoa lá phụ liệu khác.</p>
","Hoa giỏ","https://hoatuoi360.com/contents/images/Products/hoa-gio/hoa-gio-bk-226.jpg","Lớn hơn (+30%)","Kích thước",2470000
"g2joj","#V120","Hoa bình V 120","<p><strong>SỨC SỐNG MỚI</strong></p>
<p>Được biến đến là màu của sức khỏe, của sự thư giãn, tông màu xanh luôn luôn mang đến cho người nhìn một cảm giác sảng khoái và thư thái. Chắc chắn, hoa bình với tông xanh tươi mát này sẽ làm không gian của bạn tràn đầy sức sống.</p>
","
<p>Hoa Bình có chút phá cách với Táo xanh, Wicky, Cúc Tia xanh, Cát tường, Phi yến cùng các loại hoa lá phụ liệu khác.</p>
","Hoa bình","https://hoatuoi360.com/contents/images/Products/hoa-binh/hoa-binh-v-120.jpg","Bình thường","Kích thước",2250000
"g2joj","#V120","Hoa bình V 120","<p><strong>SỨC SỐNG MỚI</strong></p>
<p>Được biến đến là màu của sức khỏe, của sự thư giãn, tông màu xanh luôn luôn mang đến cho người nhìn một cảm giác sảng khoái và thư thái. Chắc chắn, hoa bình với tông xanh tươi mát này sẽ làm không gian của bạn tràn đầy sức sống.</p>
","
<p>Hoa Bình có chút phá cách với Táo xanh, Wicky, Cúc Tia xanh, Cát tường, Phi yến cùng các loại hoa lá phụ liệu khác.</p>
","Hoa bình","https://hoatuoi360.com/contents/images/Products/hoa-binh/hoa-binh-v-120.jpg","Lớn hơn (+30%)","Kích thước",2925000
"4p94","#BK234","Hoa giỏ BK 234",,"
","Hoa giỏ","https://hoatuoi360.com/contents/images/Products/hoa-gio/hoa-gio-bk-234.jpg","Bình thường","Kích thước",1000000
"4p94","#BK234","Hoa giỏ BK 234",,"
","Hoa giỏ","https://hoatuoi360.com/contents/images/Products/hoa-gio/hoa-gio-bk-234.jpg","Lớn hơn (+30%)","Kích thước",1300000
"xllf","#BX093","Hoa hộp BX 093","<p><strong>BẤT HỦ</strong></p>
<p>Tặng Hoa Hồng Đỏ là cách phổ biến nhất để nói ""Anh yêu em"" với một ai đó đặc biệt.&nbsp;Hoa là biểu tượng xác định cho tình cảm lãng mạn, thể hiện cho tình yêu chân thật, mạnh mẽ bất chấp mọi chông gai. Hộp Hoa <strong>Bất Hủ</strong> với Hoa hồng đỏ là một món quà có ý nghĩa, hoàn hảo để thể hiện tình cảm với một người thân yêu vào ngày Valentine, ngày kỷ niệm hoặc đơn giản chỉ vì muốn gửi hoa.</p>
","
<p>Tình yêu lớn với 99 bông hồng.</p>
","Hoa hộp","https://hoatuoi360.com/contents/images/Products/hoa-hop/hoa-hop-bx-093.jpg","Bình thường","Kích thước",2700000
"xllf","#BX093","Hoa hộp BX 093","<p><strong>BẤT HỦ</strong></p>
<p>Tặng Hoa Hồng Đỏ là cách phổ biến nhất để nói ""Anh yêu em"" với một ai đó đặc biệt.&nbsp;Hoa là biểu tượng xác định cho tình cảm lãng mạn, thể hiện cho tình yêu chân thật, mạnh mẽ bất chấp mọi chông gai. Hộp Hoa <strong>Bất Hủ</strong> với Hoa hồng đỏ là một món quà có ý nghĩa, hoàn hảo để thể hiện tình cảm với một người thân yêu vào ngày Valentine, ngày kỷ niệm hoặc đơn giản chỉ vì muốn gửi hoa.</p>
","
<p>Tình yêu lớn với 99 bông hồng.</p>
","Hoa hộp","https://hoatuoi360.com/contents/images/Products/hoa-hop/hoa-hop-bx-093.jpg","Lớn hơn (+30%)","Kích thước",3510000
"ti5qo6","#G18010","Hoa Hộp G 18010","<p style=""margin-left:9.0pt;""><strong>HUYỀN THOẠI</strong></p>
<p style=""margin-left:9.0pt;"">Hoa ly vàng từ lâu đã tượng trưng cho lòng biết ơn, vui vẻ. Những&nbsp;bông hoa ly được đặt ngay vị trí trung tâm của hộp&nbsp;hoa, nổi bật trên nền đỏ, vàng của Hoa lan và Hoa hồng. Hoa ly đã làm tròn nghĩa vụ của nó là làm bật lên sự tinh khiết, quý phái của hộp&nbsp;hoa rực rỡ.</p>
<p style=""margin-left:9.0pt;"">Nếu bạn muốn thể hiện sự cảm kích với ai đó đã giúp bạn, món quà hoa này sẽ là sự lựa chọn phù hợp nhất, đây là món quà đã đi vào huyền thoại trong những dịp lễ, dịp kỷ niệm quan trọng như Quốc tế Phụ nữ, sinh nhật,...</p>
","
<p>Hoa Hộp <strong>Huyền Thoại</strong>&nbsp;gồm Lan Mokara, Hoa Lily, Hoa Hồng cùng các loại hoa lá phụ liệu khác.</p>
","Hoa cưới>Cổng hoa","https://hoatuoi360.com/contents/images/Products/hoa-hop/G%2018010.jpg","Bình thường","Kích thước",500000
"ti5qo6","#G18010","Hoa Hộp G 18010","<p style=""margin-left:9.0pt;""><strong>HUYỀN THOẠI</strong></p>
<p style=""margin-left:9.0pt;"">Hoa ly vàng từ lâu đã tượng trưng cho lòng biết ơn, vui vẻ. Những&nbsp;bông hoa ly được đặt ngay vị trí trung tâm của hộp&nbsp;hoa, nổi bật trên nền đỏ, vàng của Hoa lan và Hoa hồng. Hoa ly đã làm tròn nghĩa vụ của nó là làm bật lên sự tinh khiết, quý phái của hộp&nbsp;hoa rực rỡ.</p>
<p style=""margin-left:9.0pt;"">Nếu bạn muốn thể hiện sự cảm kích với ai đó đã giúp bạn, món quà hoa này sẽ là sự lựa chọn phù hợp nhất, đây là món quà đã đi vào huyền thoại trong những dịp lễ, dịp kỷ niệm quan trọng như Quốc tế Phụ nữ, sinh nhật,...</p>
","
<p>Hoa Hộp <strong>Huyền Thoại</strong>&nbsp;gồm Lan Mokara, Hoa Lily, Hoa Hồng cùng các loại hoa lá phụ liệu khác.</p>
","Hoa cưới>Cổng hoa","https://hoatuoi360.com/contents/images/Products/hoa-hop/G%2018010.jpg","Lớn hơn (+30%)","Kích thước",650000
"5rnzk","#B120","Hoa Bó B 120",,"
","Hoa theo chủ đề>Ngày Quốc Tế Phụ Nữ 8/3","https://hoatuoi360.com/contents/images/Products/hoa-bo/lkjkhhgf.jpg","Bình thường","Kích thước",1900000
"5rnzk","#B120","Hoa Bó B 120",,"
","Hoa theo chủ đề>Ngày Quốc Tế Phụ Nữ 8/3","https://hoatuoi360.com/contents/images/Products/hoa-bo/lkjkhhgf.jpg","Lớn hơn (+30%)","Kích thước",2470000
"l1irm","#BK233","Hoa Giỏ BK 233",,"
","Hoa giỏ","https://hoatuoi360.com/contents/images/Products/hoa-gio/hoa-gio-bk-233.jpg","Bình thường","Kích thước",2000000
"l1irm","#BK233","Hoa Giỏ BK 233",,"
","Hoa giỏ","https://hoatuoi360.com/contents/images/Products/hoa-gio/hoa-gio-bk-233.jpg","Lớn hơn (+30%)","Kích thước",2600000
"11avr","#BK230","Hoa giỏ BK 230",,"
","Hoa giỏ","https://hoatuoi360.com/contents/images/Products/Hoa%20Gio/hoa-gio-bk-230.jpg","Bình thường","Kích thước",3000000
"11avr","#BK230","Hoa giỏ BK 230",,"
","Hoa giỏ","https://hoatuoi360.com/contents/images/Products/Hoa%20Gio/hoa-gio-bk-230.jpg","Lớn hơn (+30%)","Kích thước",3900000
"jzjf","#GF18008","Hoa Hộp GF 18008","<p><strong>RƯỢU THƠ</strong></p>
<p>Những dịp lễ quan trọng như Quốc tế Phụ nữ, sinh nhật, khai trương,... là cơ hội để gặp gỡ nhau, cũng như là dịp để thể hiện tình cảm tự đáy lòng tới đối phương. Món quà <strong>Rượu Thơ </strong>là bữa tiệc rượu tráng lệ với hai chai Corona, Hoa Cát tường, Lan Vũ nữ khơi gợi lại những kỷ niệm, những hồi ức khi xưa, là chất xúc tác, gia vị để tình cảm thêm khăng khít.</p>
","
<p>Sản phẩm <strong>Rượu Thơ</strong>&nbsp;gồm Lan Vũ Nữ, Hoa Cát Tường, Táo xanh, 2 chai Corona cùng các loại hoa lá phụ liệu khác.</p>
","Hoa theo chủ đề>Ngày Quốc Tế Phụ Nữ 8/3","https://hoatuoi360.com/contents/images/Products/hoa-hop/gf%2018008.JPG","Bình thường","Kích thước",1000000
"jzjf","#GF18008","Hoa Hộp GF 18008","<p><strong>RƯỢU THƠ</strong></p>
<p>Những dịp lễ quan trọng như Quốc tế Phụ nữ, sinh nhật, khai trương,... là cơ hội để gặp gỡ nhau, cũng như là dịp để thể hiện tình cảm tự đáy lòng tới đối phương. Món quà <strong>Rượu Thơ </strong>là bữa tiệc rượu tráng lệ với hai chai Corona, Hoa Cát tường, Lan Vũ nữ khơi gợi lại những kỷ niệm, những hồi ức khi xưa, là chất xúc tác, gia vị để tình cảm thêm khăng khít.</p>
","
<p>Sản phẩm <strong>Rượu Thơ</strong>&nbsp;gồm Lan Vũ Nữ, Hoa Cát Tường, Táo xanh, 2 chai Corona cùng các loại hoa lá phụ liệu khác.</p>
","Hoa theo chủ đề>Ngày Quốc Tế Phụ Nữ 8/3","https://hoatuoi360.com/contents/images/Products/hoa-hop/gf%2018008.JPG","Lớn hơn (+30%)","Kích thước",1300000
"t2j9j","#G18003","Hoa Hộp G 18003","<p><b>TAN CHẢY</b></p>
<p>Mang tông màu của ánh nắng ấm áp, Hộp Hoa khiến cho trái tim băng giá nhất cũng phải tan chảy. Với ý nghĩa chúc người nhận luôn luôn vui vẻ, nhiệt tình với công việc, món quà là sự lựa chọn hoàn hảo cho những dịp lễ Khai trương, Thăng chức, Sinh nhật, Quốc tế phụ nữ,...</p>
","
<p>Hoa Hộp gồm Lan Vũ Nữ, Hoa Hướng Dương, Táo cùng các loại hoa lá phụ liệu khác.</p>
","Hoa theo chủ đề>Ngày Quốc Tế Phụ Nữ 8/3","https://hoatuoi360.com/contents/images/Products/hoa-hop/G%2018003.JPG","Bình thường","Kích thước",1000000
"t2j9j","#G18003","Hoa Hộp G 18003","<p><b>TAN CHẢY</b></p>
<p>Mang tông màu của ánh nắng ấm áp, Hộp Hoa khiến cho trái tim băng giá nhất cũng phải tan chảy. Với ý nghĩa chúc người nhận luôn luôn vui vẻ, nhiệt tình với công việc, món quà là sự lựa chọn hoàn hảo cho những dịp lễ Khai trương, Thăng chức, Sinh nhật, Quốc tế phụ nữ,...</p>
","
<p>Hoa Hộp gồm Lan Vũ Nữ, Hoa Hướng Dương, Táo cùng các loại hoa lá phụ liệu khác.</p>
","Hoa theo chủ đề>Ngày Quốc Tế Phụ Nữ 8/3","https://hoatuoi360.com/contents/images/Products/hoa-hop/G%2018003.JPG","Lớn hơn (+30%)","Kích thước",1300000
"s5szk","#B104","Hoa Bó B 104",,"
","Hoa bó","https://hoatuoi360.com/contents/images/Products/hoa-bo/hoa-bo-ht-111.jpg","Bình thường","Kích thước",3000000
"s5szk","#B104","Hoa Bó B 104",,"
","Hoa bó","https://hoatuoi360.com/contents/images/Products/hoa-bo/hoa-bo-ht-111.jpg","Lớn hơn (+30%)","Kích thước",3900000
"9kbeb","#G18004","Hoa Hộp G 18004","<p><strong>TƯƠI MÁT</strong></p>
<p>Với tông màu xanh chủ đạo, hộp hoa mang đến một cảm giác thư giãn và thoải mái khi ngắm nhìn như một lời chúc sức khỏe gửi đến những người mà ta quý mến. Chắc chắn rằng, mọi căng thẳng, lo âu của người thân, bạn bè, đồng nghiệp, ... sẽ tan biến khi nhận được món quà ý nghĩa và đầy tâm lý này.</p>
","
<p>Hộp Hoa <strong>Tươi Mát</strong> sử dụng Hoa Cát Tường, Cúc Xanh, Thanh Liễu, Hồng Trắng và các loại hoa lá phụ khác.</p>
","Hoa theo chủ đề>Ngày Quốc Tế Phụ Nữ 8/3","https://hoatuoi360.com/contents/images/Products/hoa-hop/G%2018004.JPG","Bình thường","Kích thước",1000000
"9kbeb","#G18004","Hoa Hộp G 18004","<p><strong>TƯƠI MÁT</strong></p>
<p>Với tông màu xanh chủ đạo, hộp hoa mang đến một cảm giác thư giãn và thoải mái khi ngắm nhìn như một lời chúc sức khỏe gửi đến những người mà ta quý mến. Chắc chắn rằng, mọi căng thẳng, lo âu của người thân, bạn bè, đồng nghiệp, ... sẽ tan biến khi nhận được món quà ý nghĩa và đầy tâm lý này.</p>
","
<p>Hộp Hoa <strong>Tươi Mát</strong> sử dụng Hoa Cát Tường, Cúc Xanh, Thanh Liễu, Hồng Trắng và các loại hoa lá phụ khác.</p>
","Hoa theo chủ đề>Ngày Quốc Tế Phụ Nữ 8/3","https://hoatuoi360.com/contents/images/Products/hoa-hop/G%2018004.JPG","Lớn hơn (+30%)","Kích thước",1300000
"98kqe","#G18007","Hoa Hộp G 18007","<p style=""margin-left:9.0pt;""><strong>SẮC TÍM</strong></p>
<p style=""margin-left:9.0pt;"">Sự hòa trộn&nbsp;của Hoa Cát Tường, Hoa Cúc, Hoa Hồng và Địa Lan&nbsp;quyện thành bức tranh&nbsp;huyền ảo với sắc tím lãng mạn&nbsp;mang đến niềm vui, sự chân thành và may mắn. Chắc chắn hộp&nbsp;hoa thanh lịch và tao nhã này sẽ làm hài lòng những người bạn thương yêu trong những dịp lễ đặc biệt như Sinh nhật, Ngày phụ nữ,...</p>
","
<p>Hộp Hoa <strong>Sắc Tím</strong> gồm Hoa Cát Tường, Hoa Cúc, Hoa Hồng, Địa lan cùng các loại hoa lá và phụ liệu khác tạo thành món quà hoa với màu sắc thanh nhã và sang trọng.</p>
","Hoa theo chủ đề>Ngày Quốc Tế Phụ Nữ 8/3","https://hoatuoi360.com/contents/images/Products/hoa-hop/G%2018007.JPG","Bình thường","Kích thước",1000000
"98kqe","#G18007","Hoa Hộp G 18007","<p style=""margin-left:9.0pt;""><strong>SẮC TÍM</strong></p>
<p style=""margin-left:9.0pt;"">Sự hòa trộn&nbsp;của Hoa Cát Tường, Hoa Cúc, Hoa Hồng và Địa Lan&nbsp;quyện thành bức tranh&nbsp;huyền ảo với sắc tím lãng mạn&nbsp;mang đến niềm vui, sự chân thành và may mắn. Chắc chắn hộp&nbsp;hoa thanh lịch và tao nhã này sẽ làm hài lòng những người bạn thương yêu trong những dịp lễ đặc biệt như Sinh nhật, Ngày phụ nữ,...</p>
","
<p>Hộp Hoa <strong>Sắc Tím</strong> gồm Hoa Cát Tường, Hoa Cúc, Hoa Hồng, Địa lan cùng các loại hoa lá và phụ liệu khác tạo thành món quà hoa với màu sắc thanh nhã và sang trọng.</p>
","Hoa theo chủ đề>Ngày Quốc Tế Phụ Nữ 8/3","https://hoatuoi360.com/contents/images/Products/hoa-hop/G%2018007.JPG","Lớn hơn (+30%)","Kích thước",1300000
"fb76r","#G18013","Hoa Bình G 18013","<p><strong>THÂN THUỘC</strong></p>
<p>Hoa Hồng Sa Mạc có&nbsp;tên gọi khác là Hoa Bắp Cải. Từ sự kết hợp của Hoa Bắp Cải, Hoa Hồng và Lan Vũ,&nbsp;Bình Hoa vừa lạ lẫm, vừa quen thuộc với thông điệp ""Hạnh phúc ở quanh đây"".</p>
<p>Trong những dịp lễ như Quốc tế Phụ nữ, sinh nhật,... Món quà được sử dụng như một lời nói yêu thương chân thành gửi đến những người phụ nữ. Bình hoa thích hợp để tô điểm cho những&nbsp;cô nàng công sở thêm nữ tính, điệu đà.</p>
","
<p>Hoa Bình <strong>Thân Thuộc </strong>gồm Lan Vũ Nữ, Hoa Hồng, Hồng Sa mạc, Táo cùng các loại hoa lá phụ liệu khác.</p>
","Hoa theo chủ đề>Ngày Quốc Tế Phụ Nữ 8/3","https://hoatuoi360.com/contents/images/Products/hoa-binh/G%2018013.JPG","Bình thường","Kích thước",1000000
"fb76r","#G18013","Hoa Bình G 18013","<p><strong>THÂN THUỘC</strong></p>
<p>Hoa Hồng Sa Mạc có&nbsp;tên gọi khác là Hoa Bắp Cải. Từ sự kết hợp của Hoa Bắp Cải, Hoa Hồng và Lan Vũ,&nbsp;Bình Hoa vừa lạ lẫm, vừa quen thuộc với thông điệp ""Hạnh phúc ở quanh đây"".</p>
<p>Trong những dịp lễ như Quốc tế Phụ nữ, sinh nhật,... Món quà được sử dụng như một lời nói yêu thương chân thành gửi đến những người phụ nữ. Bình hoa thích hợp để tô điểm cho những&nbsp;cô nàng công sở thêm nữ tính, điệu đà.</p>
","
<p>Hoa Bình <strong>Thân Thuộc </strong>gồm Lan Vũ Nữ, Hoa Hồng, Hồng Sa mạc, Táo cùng các loại hoa lá phụ liệu khác.</p>
","Hoa theo chủ đề>Ngày Quốc Tế Phụ Nữ 8/3","https://hoatuoi360.com/contents/images/Products/hoa-binh/G%2018013.JPG","Lớn hơn (+30%)","Kích thước",1300000
"2adzp","#G18015","Hoa Bình G 18015","<p style=""margin-left:9.0pt;""><strong>THÂN THIẾT</strong></p>
<p style=""margin-left:9.0pt;"">Từ ngàn đời nay, người Việt luôn đặt hòa khí lên đầu “Dĩ hòa vi quý”. Trong tiếng Hoa, quả táo phát âm là “bình”, có nghĩa là hòa bình. Vì thế, việc chưng hay tặng quả táo như cầu nối tình cảm, mang lại không khí tươi vui, mong muốn hợp tác bền lâu.</p>
<p style=""margin-left:9.0pt;"">Quả táo kết hợp với hoa hồng cùng các hoa, lá phụ chắc chắn sẽ mang đến niềm vui cho nửa kia của thế giới khi nhận được trong những dịp lễ đặc biệt như Quốc tế Phụ nữ, sinh nhật,...</p>
","
<p>Hoa Bình <strong>Thân Thiết </strong>gồm Lan Hồ Điệp, Hoa Hồng, Hoa Tú Cầu, Bi cùng các loại hoa lá phụ liệu khác được đặt trong 1 bình thiên thần xinh xắn.</p>
","Hoa theo chủ đề>Ngày Quốc Tế Phụ Nữ 8/3","https://hoatuoi360.com/contents/images/Products/hoa-binh/G%2018015.jpg","Bình thường","Kích thước",1000000
"2adzp","#G18015","Hoa Bình G 18015","<p style=""margin-left:9.0pt;""><strong>THÂN THIẾT</strong></p>
<p style=""margin-left:9.0pt;"">Từ ngàn đời nay, người Việt luôn đặt hòa khí lên đầu “Dĩ hòa vi quý”. Trong tiếng Hoa, quả táo phát âm là “bình”, có nghĩa là hòa bình. Vì thế, việc chưng hay tặng quả táo như cầu nối tình cảm, mang lại không khí tươi vui, mong muốn hợp tác bền lâu.</p>
<p style=""margin-left:9.0pt;"">Quả táo kết hợp với hoa hồng cùng các hoa, lá phụ chắc chắn sẽ mang đến niềm vui cho nửa kia của thế giới khi nhận được trong những dịp lễ đặc biệt như Quốc tế Phụ nữ, sinh nhật,...</p>
","
<p>Hoa Bình <strong>Thân Thiết </strong>gồm Lan Hồ Điệp, Hoa Hồng, Hoa Tú Cầu, Bi cùng các loại hoa lá phụ liệu khác được đặt trong 1 bình thiên thần xinh xắn.</p>
","Hoa theo chủ đề>Ngày Quốc Tế Phụ Nữ 8/3","https://hoatuoi360.com/contents/images/Products/hoa-binh/G%2018015.jpg","Lớn hơn (+30%)","Kích thước",1300000
"bmras","#GF18001","Hoa Hộp GF 18001","<p><strong>RƯỢU - TÁO</strong></p>
<p>Táo biểu hiện cho sự hòa bình, đem lại sức khỏe và sự hòa hợp kết hợp với rượu vang mang ý nghĩa của sự may mắn như những lời chúc tuyệt vời nhất cho người nhận.</p>
<p>Hộp hoa Rượu - Táo là cầu nối tình cảm hiệu quả cho những dịp lễ quan trọng như Quốc tế Phụ nữ, Tri ân, Thăng chức, Sinh nhật,...Chẳng mấy ai nỡ lòng từ chối một món quà đầy ý nghĩa như thế vào những dịp lễ Tết đặc biệt cả.</p>
","
<p>Hoa Hộp gồm Địa Lan, Lan Vũ Nữ, Hoa Cát Tường, Hoa Thủy Tiên, 1 chai rượu vang Ý, Táo xanh cùng các loại hoa lá phụ liệu khác.</p>
","Hoa theo chủ đề>Ngày Quốc Tế Phụ Nữ 8/3","https://hoatuoi360.com/contents/images/Products/hoa-hop/GF%2018001.JPG","Bình thường","Kích thước",2500000
"bmras","#GF18001","Hoa Hộp GF 18001","<p><strong>RƯỢU - TÁO</strong></p>
<p>Táo biểu hiện cho sự hòa bình, đem lại sức khỏe và sự hòa hợp kết hợp với rượu vang mang ý nghĩa của sự may mắn như những lời chúc tuyệt vời nhất cho người nhận.</p>
<p>Hộp hoa Rượu - Táo là cầu nối tình cảm hiệu quả cho những dịp lễ quan trọng như Quốc tế Phụ nữ, Tri ân, Thăng chức, Sinh nhật,...Chẳng mấy ai nỡ lòng từ chối một món quà đầy ý nghĩa như thế vào những dịp lễ Tết đặc biệt cả.</p>
","
<p>Hoa Hộp gồm Địa Lan, Lan Vũ Nữ, Hoa Cát Tường, Hoa Thủy Tiên, 1 chai rượu vang Ý, Táo xanh cùng các loại hoa lá phụ liệu khác.</p>
","Hoa theo chủ đề>Ngày Quốc Tế Phụ Nữ 8/3","https://hoatuoi360.com/contents/images/Products/hoa-hop/GF%2018001.JPG","Lớn hơn (+30%)","Kích thước",3250000
"euwc7","#GF18005","Hoa Hộp GF 18005","<p><strong>RƯỢU TÌNH</strong></p>
<p>Rượu vang có rất nhiều loại, nên việc lựa chọn sản phẩm cuối cùng sẽ thể hiện được người tặng đã thấu hiểu người nhận đến đâu. Điều này cũng giống như việc lựa chọn một trong hàng trăm ngàn gợi ý quà tặng ở các lĩnh vực. Món quà hoa Rượu Tình được gửi đi như sự quan tâm chân thành đến những người&nbsp;bạn yêu thương.&nbsp;</p>
<p>Hộp hoa thích hợp tặng trong các dịp lễ như Sinh nhật, Thăng chức,&nbsp;Quốc tế Phụ nữ 8/3,.... Đảm bảo rằng, khi nhận được món quà này người thương sẽ nở một nụ cười hạnh phúc.</p>
","
<p>Hoa Hộp <strong>Rượu Tình</strong>&nbsp;gồm Lan Vũ Nữ, Hoa Hướng Dương, Táo đỏ, 1 chai rượu vang Ý cùng các loại hoa lá phụ liệu khác.</p>
","Hoa theo chủ đề>Ngày Quốc Tế Phụ Nữ 8/3","https://hoatuoi360.com/contents/images/Products/hoa-hop/gf%2018005a.jpg","Bình thường","Kích thước",2000000
"euwc7","#GF18005","Hoa Hộp GF 18005","<p><strong>RƯỢU TÌNH</strong></p>
<p>Rượu vang có rất nhiều loại, nên việc lựa chọn sản phẩm cuối cùng sẽ thể hiện được người tặng đã thấu hiểu người nhận đến đâu. Điều này cũng giống như việc lựa chọn một trong hàng trăm ngàn gợi ý quà tặng ở các lĩnh vực. Món quà hoa Rượu Tình được gửi đi như sự quan tâm chân thành đến những người&nbsp;bạn yêu thương.&nbsp;</p>
<p>Hộp hoa thích hợp tặng trong các dịp lễ như Sinh nhật, Thăng chức,&nbsp;Quốc tế Phụ nữ 8/3,.... Đảm bảo rằng, khi nhận được món quà này người thương sẽ nở một nụ cười hạnh phúc.</p>
","
<p>Hoa Hộp <strong>Rượu Tình</strong>&nbsp;gồm Lan Vũ Nữ, Hoa Hướng Dương, Táo đỏ, 1 chai rượu vang Ý cùng các loại hoa lá phụ liệu khác.</p>
","Hoa theo chủ đề>Ngày Quốc Tế Phụ Nữ 8/3","https://hoatuoi360.com/contents/images/Products/hoa-hop/gf%2018005a.jpg","Lớn hơn (+30%)","Kích thước",2600000
"bi9t5","#BK231","Hoa Giỏ BK 231",,"
","Hoa giỏ","https://hoatuoi360.com/contents/images/Products/hoa-gio/Hoa-gio-BK-231.jpg","Bình thường","Kích thước",700000
"bi9t5","#BK231","Hoa Giỏ BK 231",,"
","Hoa giỏ","https://hoatuoi360.com/contents/images/Products/hoa-gio/Hoa-gio-BK-231.jpg","Lớn hơn (+30%)","Kích thước",910000
"i4uxq","#GF18007","Hoa Hộp GF 18007","<p><b>VỊ NGỌT</b></p>
<p>Bia Corona Extra xuất xứ từ Mexico là một trong những loại bia được uống nhiều nhất thế giới.&nbsp;Sau những ngày làm việc mệt mỏi vất vả&nbsp;có một chút&nbsp;bia Corona sé giúp&nbsp;bạn xua tan đi mệt mỏi, áp lực trong công việc hàng ngày.&nbsp;</p>
<p>Hoa&nbsp;hộp <strong>Vị Ngọt</strong> là&nbsp;món quà không chỉ khiến cho người bạn muốn gửi gắm&nbsp;thích thú ngắm nhìn, mà còn say mê với vị&nbsp;ngon của bia Corona. Sản phẩm thích hợp để tặng trong những dịp lễ đặc biệt như Quốc tế Phụ nữ, sinh nhật, khai trương, chúc mừng...</p>
","
<p>Sản phẩm&nbsp;gồm Lan Vũ Nữ, Hoa Cát Tường, Táo xanh, 2 chai Corona cùng các loại hoa lá phụ liệu khác.</p>
","Hoa theo chủ đề>Ngày Quốc Tế Phụ Nữ 8/3","https://hoatuoi360.com/contents/images/Products/hoa-hop/gf%2018007.jpg","Bình thường","Kích thước",1000000
"i4uxq","#GF18007","Hoa Hộp GF 18007","<p><b>VỊ NGỌT</b></p>
<p>Bia Corona Extra xuất xứ từ Mexico là một trong những loại bia được uống nhiều nhất thế giới.&nbsp;Sau những ngày làm việc mệt mỏi vất vả&nbsp;có một chút&nbsp;bia Corona sé giúp&nbsp;bạn xua tan đi mệt mỏi, áp lực trong công việc hàng ngày.&nbsp;</p>
<p>Hoa&nbsp;hộp <strong>Vị Ngọt</strong> là&nbsp;món quà không chỉ khiến cho người bạn muốn gửi gắm&nbsp;thích thú ngắm nhìn, mà còn say mê với vị&nbsp;ngon của bia Corona. Sản phẩm thích hợp để tặng trong những dịp lễ đặc biệt như Quốc tế Phụ nữ, sinh nhật, khai trương, chúc mừng...</p>
","
<p>Sản phẩm&nbsp;gồm Lan Vũ Nữ, Hoa Cát Tường, Táo xanh, 2 chai Corona cùng các loại hoa lá phụ liệu khác.</p>
","Hoa theo chủ đề>Ngày Quốc Tế Phụ Nữ 8/3","https://hoatuoi360.com/contents/images/Products/hoa-hop/gf%2018007.jpg","Lớn hơn (+30%)","Kích thước",1300000
"2d9nl","#GF18009","Hoa Hộp GF 18009","<p>TƯƠI TẮN</p>
<p>Học tập đơn giản là hạt giống của kiến thức, kiến thức là hạt giống của hạnh phúc. Muốn có được thành công, hạnh phúc chúng ta phải không ngừng nỗ lực, trau dồi. Hộp Hoa với gam màu vàng sang trọng, mang ý nghĩa của sự kiên trì, chính là món quà bạn tìm kiếm trong dịp Khai trương, Chúc mừng, Sinh nhật,...</p>
","
<p>Hoa Hộp gồm Địa Lan, Lan Vũ Nữ, Hoa Cát Tường, Táo xanh cùng các loại hoa lá phụ liệu khác.</p>
","Hoa theo chủ đề>Ngày Quốc Tế Phụ Nữ 8/3","https://hoatuoi360.com/contents/images/Products/hoa-hop/GF%2018009.JPG","Bình thường","Kích thước",2000000
"2d9nl","#GF18009","Hoa Hộp GF 18009","<p>TƯƠI TẮN</p>
<p>Học tập đơn giản là hạt giống của kiến thức, kiến thức là hạt giống của hạnh phúc. Muốn có được thành công, hạnh phúc chúng ta phải không ngừng nỗ lực, trau dồi. Hộp Hoa với gam màu vàng sang trọng, mang ý nghĩa của sự kiên trì, chính là món quà bạn tìm kiếm trong dịp Khai trương, Chúc mừng, Sinh nhật,...</p>
","
<p>Hoa Hộp gồm Địa Lan, Lan Vũ Nữ, Hoa Cát Tường, Táo xanh cùng các loại hoa lá phụ liệu khác.</p>
","Hoa theo chủ đề>Ngày Quốc Tế Phụ Nữ 8/3","https://hoatuoi360.com/contents/images/Products/hoa-hop/GF%2018009.JPG","Lớn hơn (+30%)","Kích thước",2600000
"qqw14","#B18101","Hoa Bó B 18101","<p style=""margin-left:9.0pt;""><strong>HY VỌNG</strong></p>
<p style=""margin-left:9.0pt;"">Hoa Hướng Dương là loài hoa luôn quay theo hướng mặt trời, khi đạt đến chiều cao bằng người, các cây luôn hướng về phía đông cho một khởi đầu mới, để được sưởi ấm từ mặt trời nhằm thu hút các côn trùng thụ phấn.</p>
<p style=""margin-left:9.0pt;"">Vì thế, bó hoa Hướng Dương luôn mang ý nghĩa của niềm tin và hy&nbsp;vọng. Đây chính là món quà ý nghĩa dành cho những người bạn trân trọng vào dịp Quốc tế phụ nữ, Sinh nhật, ....</p>
<p style=""margin-left:9.0pt;"">Lưu ý: Tối thiểu 5 bó hoa cho 1 đơn hàng.</p>
","
<p>Bó hoa <strong>Hy Vọng</strong> gồm 1 Hoa Hướng Dương to tròn cùng các hoa lá phụ liệu khác.</p>
","Hoa theo chủ đề>Ngày Quốc Tế Phụ Nữ 8/3","https://hoatuoi360.com/contents/images/Products/hoa-bo/112a.JPG","Bình thường","Kích thước",70000
"qqw14","#B18101","Hoa Bó B 18101","<p style=""margin-left:9.0pt;""><strong>HY VỌNG</strong></p>
<p style=""margin-left:9.0pt;"">Hoa Hướng Dương là loài hoa luôn quay theo hướng mặt trời, khi đạt đến chiều cao bằng người, các cây luôn hướng về phía đông cho một khởi đầu mới, để được sưởi ấm từ mặt trời nhằm thu hút các côn trùng thụ phấn.</p>
<p style=""margin-left:9.0pt;"">Vì thế, bó hoa Hướng Dương luôn mang ý nghĩa của niềm tin và hy&nbsp;vọng. Đây chính là món quà ý nghĩa dành cho những người bạn trân trọng vào dịp Quốc tế phụ nữ, Sinh nhật, ....</p>
<p style=""margin-left:9.0pt;"">Lưu ý: Tối thiểu 5 bó hoa cho 1 đơn hàng.</p>
","
<p>Bó hoa <strong>Hy Vọng</strong> gồm 1 Hoa Hướng Dương to tròn cùng các hoa lá phụ liệu khác.</p>
","Hoa theo chủ đề>Ngày Quốc Tế Phụ Nữ 8/3","https://hoatuoi360.com/contents/images/Products/hoa-bo/112a.JPG","Lớn hơn (+30%)","Kích thước",91000