﻿"id","sku","name","short_description","breadcrumb","images","attribute_0_value","attribute_0_name","regular_price"
"w21c","#E001","Hoa sự kiện E 001","
","Hoa cưới>Xe hoa","https://hoatuoi360.com/contents/images/Products/hoa-su-kien-E-001.jpg","Bình thường","Kích thước",5000000
"w21c","#E001","Hoa sự kiện E 001","
","Hoa cưới>Xe hoa","https://hoatuoi360.com/contents/images/Products/hoa-su-kien-E-001.jpg","Lớn hơn (+30%)","Kích thước",6500000
"izml","#E003","Hoa sự kiện E 003","
","Hoa sự kiện","https://hoatuoi360.com/contents/images/Products/hoa-su-kien-E-003.jpg","Bình thường","Kích thước",16000000
"izml","#E003","Hoa sự kiện E 003","
","Hoa sự kiện","https://hoatuoi360.com/contents/images/Products/hoa-su-kien-E-003.jpg","Lớn hơn (+30%)","Kích thước",20800000
"1oz9","#E004","Hoa sự kiện E 004","
","Hoa sự kiện","https://hoatuoi360.com/contents/images/Products/hoa-su-kien-E-004.jpg","Bình thường","Kích thước",3000000
"1oz9","#E004","Hoa sự kiện E 004","
","Hoa sự kiện","https://hoatuoi360.com/contents/images/Products/hoa-su-kien-E-004.jpg","Lớn hơn (+30%)","Kích thước",3900000
"ct2","#E005","Hoa sự kiện E 005","
","Hoa sự kiện","https://hoatuoi360.com/contents/images/Products/hoa-su-kien-E-005.jpg","Bình thường","Kích thước",6000000
"ct2","#E005","Hoa sự kiện E 005","
","Hoa sự kiện","https://hoatuoi360.com/contents/images/Products/hoa-su-kien-E-005.jpg","Lớn hơn (+30%)","Kích thước",7800000
"r410c","#E006","Hoa sự kiện E 006","
","Hoa sự kiện","https://hoatuoi360.com/contents/images/Products/hoa-su-kien-E-006.jpg","Bình thường","Kích thước",6000000
"r410c","#E006","Hoa sự kiện E 006","
","Hoa sự kiện","https://hoatuoi360.com/contents/images/Products/hoa-su-kien-E-006.jpg","Lớn hơn (+30%)","Kích thước",7800000
"5sda7","#E007","Hoa sự kiện E 007","
","Hoa sự kiện","https://hoatuoi360.com/contents/images/Products/hoa-su-kien-E-007.jpg","Bình thường","Kích thước",1000000
"5sda7","#E007","Hoa sự kiện E 007","
","Hoa sự kiện","https://hoatuoi360.com/contents/images/Products/hoa-su-kien-E-007.jpg","Lớn hơn (+30%)","Kích thước",1300000
"17gl","#E008","Hoa sự kiện E 008","
<p>Hoa sự kiện, tối thiểu 10 bó hoa</p>
","Hoa sự kiện","https://hoatuoi360.com/contents/images/Products/hoa-su-kien-E-008.jpg","Bình thường","Kích thước",200000
"17gl","#E008","Hoa sự kiện E 008","
<p>Hoa sự kiện, tối thiểu 10 bó hoa</p>
","Hoa sự kiện","https://hoatuoi360.com/contents/images/Products/hoa-su-kien-E-008.jpg","Lớn hơn (+30%)","Kích thước",260000
"7oopq","#E009","Hoa sự kiện E 009","
","Hoa sự kiện","https://hoatuoi360.com/contents/images/Products/hoa-su-kien-E-009.jpg","Bình thường","Kích thước",9000000
"7oopq","#E009","Hoa sự kiện E 009","
","Hoa sự kiện","https://hoatuoi360.com/contents/images/Products/hoa-su-kien-E-009.jpg","Lớn hơn (+30%)","Kích thước",11700000
"oi397","#E010","Hoa sự kiện E 010","
","Hoa sự kiện","https://hoatuoi360.com/contents/images/Products/hoa-su-kien-E-010.jpg","Bình thường","Kích thước",500000
"oi397","#E010","Hoa sự kiện E 010","
","Hoa sự kiện","https://hoatuoi360.com/contents/images/Products/hoa-su-kien-E-010.jpg","Lớn hơn (+30%)","Kích thước",650000
"n7jy","#E011","Hoa sự kiện E 011","
","Hoa sự kiện","https://hoatuoi360.com/contents/images/Products/hoa-su-kien-E-011.jpg","Bình thường","Kích thước",5000000
"n7jy","#E011","Hoa sự kiện E 011","
","Hoa sự kiện","https://hoatuoi360.com/contents/images/Products/hoa-su-kien-E-011.jpg","Lớn hơn (+30%)","Kích thước",6500000
"mwop9","#E012","Hoa sự kiện E 012","
","Hoa sự kiện","https://hoatuoi360.com/contents/images/Products/hoa-su-kien-E-012.jpg","Bình thường","Kích thước",1500000
"mwop9","#E012","Hoa sự kiện E 012","
","Hoa sự kiện","https://hoatuoi360.com/contents/images/Products/hoa-su-kien-E-012.jpg","Lớn hơn (+30%)","Kích thước",1950000
"jday","#E013","Hoa sự kiện E 013","
","Hoa sự kiện","https://hoatuoi360.com/contents/images/Products/hoa-su-kien-E-013.jpg","Bình thường","Kích thước",200000
"jday","#E013","Hoa sự kiện E 013","
","Hoa sự kiện","https://hoatuoi360.com/contents/images/Products/hoa-su-kien-E-013.jpg","Lớn hơn (+30%)","Kích thước",260000
"ea6l8","#E014","Hoa sự kiện E 014","
","Hoa sự kiện","https://hoatuoi360.com/contents/images/Products/hoa-su-kien-E-014.jpg","Bình thường","Kích thước",50000
"ea6l8","#E014","Hoa sự kiện E 014","
","Hoa sự kiện","https://hoatuoi360.com/contents/images/Products/hoa-su-kien-E-014.jpg","Lớn hơn (+30%)","Kích thước",65000
"292fc","#E015","Hoa sự kiện E 015","
","Hoa sự kiện","https://hoatuoi360.com/contents/images/Products/hoa-su-kien-E-015.jpg","Bình thường","Kích thước",100000
"292fc","#E015","Hoa sự kiện E 015","
","Hoa sự kiện","https://hoatuoi360.com/contents/images/Products/hoa-su-kien-E-015.jpg","Lớn hơn (+30%)","Kích thước",130000
"ck9bf","#E016","Hoa sự kiện E 016","
","Hoa sự kiện","https://hoatuoi360.com/contents/images/Products/hoa-su-kien-E-016.jpg","Bình thường","Kích thước",100000
"ck9bf","#E016","Hoa sự kiện E 016","
","Hoa sự kiện","https://hoatuoi360.com/contents/images/Products/hoa-su-kien-E-016.jpg","Lớn hơn (+30%)","Kích thước",130000
"3uefg","#E020","Hoa sự kiện E 020","
","Hoa sự kiện","https://hoatuoi360.com/contents/images/Products/hoa-su-kien-E-020.jpg","Bình thường","Kích thước",1000000
"3uefg","#E020","Hoa sự kiện E 020","
","Hoa sự kiện","https://hoatuoi360.com/contents/images/Products/hoa-su-kien-E-020.jpg","Lớn hơn (+30%)","Kích thước",1300000
"lug4m","#E021","Hoa sự kiện E 021","
<p>Đơn vị tính bằng met, tối thiểu 4m</p>
","Hoa sự kiện","https://hoatuoi360.com/contents/images/Products/hoa-su-kien-E-021.jpg","Bình thường","Kích thước",1500000
"lug4m","#E021","Hoa sự kiện E 021","
<p>Đơn vị tính bằng met, tối thiểu 4m</p>
","Hoa sự kiện","https://hoatuoi360.com/contents/images/Products/hoa-su-kien-E-021.jpg","Lớn hơn (+30%)","Kích thước",1950000
"i9y6","#undefined","Hoa sự kiện E-023","
<p>Hoa sự kiện đơn vị tính tru.(trụ thủy tinh )</p>
","Hoa sự kiện","https://hoatuoi360.com/contents/images/Products/hoa-su-kien-E-023.jpg","Bình thường","Kích thước",1000000
"i9y6","#undefined","Hoa sự kiện E-023","
<p>Hoa sự kiện đơn vị tính tru.(trụ thủy tinh )</p>
","Hoa sự kiện","https://hoatuoi360.com/contents/images/Products/hoa-su-kien-E-023.jpg","Lớn hơn (+30%)","Kích thước",1300000
"30g2","#undefined","Hoa sự kiện E-024","
<p>Oval bàn hợp tối thiểu 4Oval</p>
","Hoa sự kiện","https://hoatuoi360.com/contents/images/Products/hoa-su-kien-E-024.jpg","Bình thường","Kích thước",200000
"30g2","#undefined","Hoa sự kiện E-024","
<p>Oval bàn hợp tối thiểu 4Oval</p>
","Hoa sự kiện","https://hoatuoi360.com/contents/images/Products/hoa-su-kien-E-024.jpg","Lớn hơn (+30%)","Kích thước",260000