﻿"id","sku","name","description","short_description","breadcrumb","images","attribute_0_value","attribute_0_name","regular_price"
"6r31h","#GF18008","Hoa Hộp GF 18008","<p><strong>RƯỢU THƠ</strong></p>
<p>Những dịp lễ quan trọng như Quốc tế Phụ nữ, sinh nhật, khai trương,... là cơ hội để gặp gỡ nhau, cũng như là dịp để thể hiện tình cảm tự đáy lòng tới đối phương. Món quà <strong>Rượu Thơ </strong>là bữa tiệc rượu tráng lệ với hai chai Corona, Hoa Cát tường, Lan Vũ nữ khơi gợi lại những kỷ niệm, những hồi ức khi xưa, là chất xúc tác, gia vị để tình cảm thêm khăng khít.</p>
","
<p>Sản phẩm <strong>Rượu Thơ</strong>&nbsp;gồm Lan Vũ Nữ, Hoa Cát Tường, Táo xanh, 2 chai Corona cùng các loại hoa lá phụ liệu khác.</p>
","Hoa theo chủ đề>Ngày Quốc Tế Phụ Nữ 8/3","https://hoatuoi360.com/contents/images/Products/hoa-hop/gf%2018008.JPG","Bình thường","Kích thước",1000000
"6r31h","#GF18008","Hoa Hộp GF 18008","<p><strong>RƯỢU THƠ</strong></p>
<p>Những dịp lễ quan trọng như Quốc tế Phụ nữ, sinh nhật, khai trương,... là cơ hội để gặp gỡ nhau, cũng như là dịp để thể hiện tình cảm tự đáy lòng tới đối phương. Món quà <strong>Rượu Thơ </strong>là bữa tiệc rượu tráng lệ với hai chai Corona, Hoa Cát tường, Lan Vũ nữ khơi gợi lại những kỷ niệm, những hồi ức khi xưa, là chất xúc tác, gia vị để tình cảm thêm khăng khít.</p>
","
<p>Sản phẩm <strong>Rượu Thơ</strong>&nbsp;gồm Lan Vũ Nữ, Hoa Cát Tường, Táo xanh, 2 chai Corona cùng các loại hoa lá phụ liệu khác.</p>
","Hoa theo chủ đề>Ngày Quốc Tế Phụ Nữ 8/3","https://hoatuoi360.com/contents/images/Products/hoa-hop/gf%2018008.JPG","Lớn hơn (+30%)","Kích thước",1300000
"1y17t","#G18003","Hoa Hộp G 18003","<p><b>TAN CHẢY</b></p>
<p>Mang tông màu của ánh nắng ấm áp, Hộp Hoa khiến cho trái tim băng giá nhất cũng phải tan chảy. Với ý nghĩa chúc người nhận luôn luôn vui vẻ, nhiệt tình với công việc, món quà là sự lựa chọn hoàn hảo cho những dịp lễ Khai trương, Thăng chức, Sinh nhật, Quốc tế phụ nữ,...</p>
","
<p>Hoa Hộp gồm Lan Vũ Nữ, Hoa Hướng Dương, Táo cùng các loại hoa lá phụ liệu khác.</p>
","Hoa theo chủ đề>Ngày Quốc Tế Phụ Nữ 8/3","https://hoatuoi360.com/contents/images/Products/hoa-hop/G%2018003.JPG","Bình thường","Kích thước",1000000
"1y17t","#G18003","Hoa Hộp G 18003","<p><b>TAN CHẢY</b></p>
<p>Mang tông màu của ánh nắng ấm áp, Hộp Hoa khiến cho trái tim băng giá nhất cũng phải tan chảy. Với ý nghĩa chúc người nhận luôn luôn vui vẻ, nhiệt tình với công việc, món quà là sự lựa chọn hoàn hảo cho những dịp lễ Khai trương, Thăng chức, Sinh nhật, Quốc tế phụ nữ,...</p>
","
<p>Hoa Hộp gồm Lan Vũ Nữ, Hoa Hướng Dương, Táo cùng các loại hoa lá phụ liệu khác.</p>
","Hoa theo chủ đề>Ngày Quốc Tế Phụ Nữ 8/3","https://hoatuoi360.com/contents/images/Products/hoa-hop/G%2018003.JPG","Lớn hơn (+30%)","Kích thước",1300000
"e6oto","#GF18001","Hoa Hộp GF 18001","<p><strong>RƯỢU - TÁO</strong></p>
<p>Táo biểu hiện cho sự hòa bình, đem lại sức khỏe và sự hòa hợp kết hợp với rượu vang mang ý nghĩa của sự may mắn như những lời chúc tuyệt vời nhất cho người nhận.</p>
<p>Hộp hoa Rượu - Táo là cầu nối tình cảm hiệu quả cho những dịp lễ quan trọng như Quốc tế Phụ nữ, Tri ân, Thăng chức, Sinh nhật,...Chẳng mấy ai nỡ lòng từ chối một món quà đầy ý nghĩa như thế vào những dịp lễ Tết đặc biệt cả.</p>
","
<p>Hoa Hộp gồm Địa Lan, Lan Vũ Nữ, Hoa Cát Tường, Hoa Thủy Tiên, 1 chai rượu vang Ý, Táo xanh cùng các loại hoa lá phụ liệu khác.</p>
","Hoa theo chủ đề>Ngày Quốc Tế Phụ Nữ 8/3","https://hoatuoi360.com/contents/images/Products/hoa-hop/GF%2018001.JPG","Bình thường","Kích thước",2500000
"e6oto","#GF18001","Hoa Hộp GF 18001","<p><strong>RƯỢU - TÁO</strong></p>
<p>Táo biểu hiện cho sự hòa bình, đem lại sức khỏe và sự hòa hợp kết hợp với rượu vang mang ý nghĩa của sự may mắn như những lời chúc tuyệt vời nhất cho người nhận.</p>
<p>Hộp hoa Rượu - Táo là cầu nối tình cảm hiệu quả cho những dịp lễ quan trọng như Quốc tế Phụ nữ, Tri ân, Thăng chức, Sinh nhật,...Chẳng mấy ai nỡ lòng từ chối một món quà đầy ý nghĩa như thế vào những dịp lễ Tết đặc biệt cả.</p>
","
<p>Hoa Hộp gồm Địa Lan, Lan Vũ Nữ, Hoa Cát Tường, Hoa Thủy Tiên, 1 chai rượu vang Ý, Táo xanh cùng các loại hoa lá phụ liệu khác.</p>
","Hoa theo chủ đề>Ngày Quốc Tế Phụ Nữ 8/3","https://hoatuoi360.com/contents/images/Products/hoa-hop/GF%2018001.JPG","Lớn hơn (+30%)","Kích thước",3250000
"gcoug","#GF18007","Hoa Hộp GF 18007","<p><b>VỊ NGỌT</b></p>
<p>Bia Corona Extra xuất xứ từ Mexico là một trong những loại bia được uống nhiều nhất thế giới.&nbsp;Sau những ngày làm việc mệt mỏi vất vả&nbsp;có một chút&nbsp;bia Corona sé giúp&nbsp;bạn xua tan đi mệt mỏi, áp lực trong công việc hàng ngày.&nbsp;</p>
<p>Hoa&nbsp;hộp <strong>Vị Ngọt</strong> là&nbsp;món quà không chỉ khiến cho người bạn muốn gửi gắm&nbsp;thích thú ngắm nhìn, mà còn say mê với vị&nbsp;ngon của bia Corona. Sản phẩm thích hợp để tặng trong những dịp lễ đặc biệt như Quốc tế Phụ nữ, sinh nhật, khai trương, chúc mừng...</p>
","
<p>Sản phẩm&nbsp;gồm Lan Vũ Nữ, Hoa Cát Tường, Táo xanh, 2 chai Corona cùng các loại hoa lá phụ liệu khác.</p>
","Hoa theo chủ đề>Ngày Quốc Tế Phụ Nữ 8/3","https://hoatuoi360.com/contents/images/Products/hoa-hop/gf%2018007.jpg","Bình thường","Kích thước",1000000
"gcoug","#GF18007","Hoa Hộp GF 18007","<p><b>VỊ NGỌT</b></p>
<p>Bia Corona Extra xuất xứ từ Mexico là một trong những loại bia được uống nhiều nhất thế giới.&nbsp;Sau những ngày làm việc mệt mỏi vất vả&nbsp;có một chút&nbsp;bia Corona sé giúp&nbsp;bạn xua tan đi mệt mỏi, áp lực trong công việc hàng ngày.&nbsp;</p>
<p>Hoa&nbsp;hộp <strong>Vị Ngọt</strong> là&nbsp;món quà không chỉ khiến cho người bạn muốn gửi gắm&nbsp;thích thú ngắm nhìn, mà còn say mê với vị&nbsp;ngon của bia Corona. Sản phẩm thích hợp để tặng trong những dịp lễ đặc biệt như Quốc tế Phụ nữ, sinh nhật, khai trương, chúc mừng...</p>
","
<p>Sản phẩm&nbsp;gồm Lan Vũ Nữ, Hoa Cát Tường, Táo xanh, 2 chai Corona cùng các loại hoa lá phụ liệu khác.</p>
","Hoa theo chủ đề>Ngày Quốc Tế Phụ Nữ 8/3","https://hoatuoi360.com/contents/images/Products/hoa-hop/gf%2018007.jpg","Lớn hơn (+30%)","Kích thước",1300000
"i1lm","#SF18002","Hoa Chúc Mừng SF 18002","<p><strong>LẠC QUAN</strong></p>
<p>Theo Khoa học về Phong thủy, màu&nbsp;vàng nghĩa là vui vẻ và phấn khởi. Màu vàng kích thích trí tuệ, kích thích tinh thần để làm việc và học tập. Kệ hoa Chúc mừng với tông màu vàng chủ đạo của Hoa Đồng Tiền, Lily và Lan Mokara sẽ giúp tinh thần của người nhận trở nên phấn chấn và đầy lạc quan, tiếp thêm sức mạnh để thành công trong mọi công việc. Những dịp như khai trương, chúc mừng thăng chức, Chúc mừng... chắn chắn không thể thiếu kệ hoa ý nghĩa này.</p>
","
<p>Kệ Hoa Chúc Mừng gồm Lan Bò Cạp, Hoa Đồng Tiền, Hồng Môn, Lan Mokara cùng các loại hoa lá phụ liệu khác.</p>
","Hoa theo chủ đề>Ngày Quốc Tế Phụ Nữ 8/3","https://hoatuoi360.com/contents/images/Products/hoa-khai-truong/SF%2018002.JPG","Bình thường","Kích thước",1000000
"i1lm","#SF18002","Hoa Chúc Mừng SF 18002","<p><strong>LẠC QUAN</strong></p>
<p>Theo Khoa học về Phong thủy, màu&nbsp;vàng nghĩa là vui vẻ và phấn khởi. Màu vàng kích thích trí tuệ, kích thích tinh thần để làm việc và học tập. Kệ hoa Chúc mừng với tông màu vàng chủ đạo của Hoa Đồng Tiền, Lily và Lan Mokara sẽ giúp tinh thần của người nhận trở nên phấn chấn và đầy lạc quan, tiếp thêm sức mạnh để thành công trong mọi công việc. Những dịp như khai trương, chúc mừng thăng chức, Chúc mừng... chắn chắn không thể thiếu kệ hoa ý nghĩa này.</p>
","
<p>Kệ Hoa Chúc Mừng gồm Lan Bò Cạp, Hoa Đồng Tiền, Hồng Môn, Lan Mokara cùng các loại hoa lá phụ liệu khác.</p>
","Hoa theo chủ đề>Ngày Quốc Tế Phụ Nữ 8/3","https://hoatuoi360.com/contents/images/Products/hoa-khai-truong/SF%2018002.JPG","Lớn hơn (+30%)","Kích thước",1300000
"3lvux","#SF18006","Hoa Chúc Mừng SF 18006","<p><strong>NHIỆT HUYẾT</strong></p>
<p>Hoa đồng tiền tượng trưng cho sự tin tưởng và sự sôi nổi. Những cánh hoa xòe rộng, màu sắc tươi sáng thể hiện sức sống mãnh liệt, sự nhiệt tình trong công việc. Kệ hoa được gửi đi&nbsp;như lời động viên, khích lệ tinh thần thích hợp dùng tặng trong dịp Khai trương, Tốt nghiệp, Thăng chức, Chúc mừng ... chắc chắn sẽ người nhận được sẽ rất vui mừng, phấn khích.&nbsp;</p>
","
<p>Kệ Hoa Chúc Mừng gồm Hoa Đồng Tiền, Hoa Lily, Lan Mokara cùng các loại hoa lá phụ liệu khác.</p>
","Hoa theo chủ đề>Ngày Quốc Tế Phụ Nữ 8/3","https://hoatuoi360.com/contents/images/Products/hoa-khai-truong/SF%2018006.JPG","Bình thường","Kích thước",700000
"3lvux","#SF18006","Hoa Chúc Mừng SF 18006","<p><strong>NHIỆT HUYẾT</strong></p>
<p>Hoa đồng tiền tượng trưng cho sự tin tưởng và sự sôi nổi. Những cánh hoa xòe rộng, màu sắc tươi sáng thể hiện sức sống mãnh liệt, sự nhiệt tình trong công việc. Kệ hoa được gửi đi&nbsp;như lời động viên, khích lệ tinh thần thích hợp dùng tặng trong dịp Khai trương, Tốt nghiệp, Thăng chức, Chúc mừng ... chắc chắn sẽ người nhận được sẽ rất vui mừng, phấn khích.&nbsp;</p>
","
<p>Kệ Hoa Chúc Mừng gồm Hoa Đồng Tiền, Hoa Lily, Lan Mokara cùng các loại hoa lá phụ liệu khác.</p>
","Hoa theo chủ đề>Ngày Quốc Tế Phụ Nữ 8/3","https://hoatuoi360.com/contents/images/Products/hoa-khai-truong/SF%2018006.JPG","Lớn hơn (+30%)","Kích thước",910000
"x49ej","#GF18009","Hoa Hộp GF 18009","<p>TƯƠI TẮN</p>
<p>Học tập đơn giản là hạt giống của kiến thức, kiến thức là hạt giống của hạnh phúc. Muốn có được thành công, hạnh phúc chúng ta phải không ngừng nỗ lực, trau dồi. Hộp Hoa với gam màu vàng sang trọng, mang ý nghĩa của sự kiên trì, chính là món quà bạn tìm kiếm trong dịp Khai trương, Chúc mừng, Sinh nhật,...</p>
","
<p>Hoa Hộp gồm Địa Lan, Lan Vũ Nữ, Hoa Cát Tường, Táo xanh cùng các loại hoa lá phụ liệu khác.</p>
","Hoa theo chủ đề>Ngày Quốc Tế Phụ Nữ 8/3","https://hoatuoi360.com/contents/images/Products/hoa-hop/GF%2018009.JPG","Bình thường","Kích thước",2000000
"x49ej","#GF18009","Hoa Hộp GF 18009","<p>TƯƠI TẮN</p>
<p>Học tập đơn giản là hạt giống của kiến thức, kiến thức là hạt giống của hạnh phúc. Muốn có được thành công, hạnh phúc chúng ta phải không ngừng nỗ lực, trau dồi. Hộp Hoa với gam màu vàng sang trọng, mang ý nghĩa của sự kiên trì, chính là món quà bạn tìm kiếm trong dịp Khai trương, Chúc mừng, Sinh nhật,...</p>
","
<p>Hoa Hộp gồm Địa Lan, Lan Vũ Nữ, Hoa Cát Tường, Táo xanh cùng các loại hoa lá phụ liệu khác.</p>
","Hoa theo chủ đề>Ngày Quốc Tế Phụ Nữ 8/3","https://hoatuoi360.com/contents/images/Products/hoa-hop/GF%2018009.JPG","Lớn hơn (+30%)","Kích thước",2600000
"twe5","#SF130","Hoa chúc mừng SF 130","<p><strong>KHỞI ĐẦU</strong></p>
<p>Mẫu hoa rất sang trọng với những bông hoa lan hồ điệp trắng, hoa hồng, hoa phi yến. Kệ hoa cắm theo phong cách hiện đại trẻ trung và rất trang nhã với sắc trắng là sự chúc mừng chân thành, mong muốn một khởi đầu tốt đẹp . Nếu bạn bè, đồng nghiệp của bạn thích hoa lan thì mẫu hoa chúc mừng này sẽ rất phù hợp trong dịp Khai Trương, Thăng chức, Tốt nghiệp, Tân gia,...</p>
","
<p>Kệ Hoa Chúc Mừng gồm Hoa Lan Hồ Điệp, Hoa Phi Yến, Hoa Cát Tường, Hoa Hồng cùng các loại hoa lá phụ liệu khác.</p>
","Hoa khai trương","https://hoatuoi360.com/contents/images/Products/hoa-khai-truong/hoa-ke(1).jpg","Bình thường","Kích thước",2000000
"twe5","#SF130","Hoa chúc mừng SF 130","<p><strong>KHỞI ĐẦU</strong></p>
<p>Mẫu hoa rất sang trọng với những bông hoa lan hồ điệp trắng, hoa hồng, hoa phi yến. Kệ hoa cắm theo phong cách hiện đại trẻ trung và rất trang nhã với sắc trắng là sự chúc mừng chân thành, mong muốn một khởi đầu tốt đẹp . Nếu bạn bè, đồng nghiệp của bạn thích hoa lan thì mẫu hoa chúc mừng này sẽ rất phù hợp trong dịp Khai Trương, Thăng chức, Tốt nghiệp, Tân gia,...</p>
","
<p>Kệ Hoa Chúc Mừng gồm Hoa Lan Hồ Điệp, Hoa Phi Yến, Hoa Cát Tường, Hoa Hồng cùng các loại hoa lá phụ liệu khác.</p>
","Hoa khai trương","https://hoatuoi360.com/contents/images/Products/hoa-khai-truong/hoa-ke(1).jpg","Lớn hơn (+30%)","Kích thước",2600000
"qcm5o","#SF121","Hoa Chuc Mung SF 121","<p><strong>PHÁT ĐẠT</strong></p>
<p>Tông màu đỏ từ lâu đã gắn liền với quyền lực, màu vàng gắn với sự thành công, giàu sang. Kệ Hoa với sự kết hợp của hai tông màu đỏ - vàng không những thu hút mọi ánh nhìn, mà còn mang đến thông điệp thật ý nghĩa, chúc người nhận làm ăn phát tài, tấn tới. Hoa Kệ Chúc Mừng thích hợp dành tặng trong những dịp Khai Trương, Chúc mừng,...</p>
","
<p>Hoa Kệ Chúc Mừng gồm Hoa Lily, Hồng Môn, Lan Mokara, Lan Vũ Nữ, Hoa Hồng cùng các loại hoa lá phụ liệu khác.</p>
","Hoa khai trương","https://hoatuoi360.com/contents/images/Products/hoa-khai-truong/DSC_0226.jpg","Bình thường","Kích thước",2000000
"qcm5o","#SF121","Hoa Chuc Mung SF 121","<p><strong>PHÁT ĐẠT</strong></p>
<p>Tông màu đỏ từ lâu đã gắn liền với quyền lực, màu vàng gắn với sự thành công, giàu sang. Kệ Hoa với sự kết hợp của hai tông màu đỏ - vàng không những thu hút mọi ánh nhìn, mà còn mang đến thông điệp thật ý nghĩa, chúc người nhận làm ăn phát tài, tấn tới. Hoa Kệ Chúc Mừng thích hợp dành tặng trong những dịp Khai Trương, Chúc mừng,...</p>
","
<p>Hoa Kệ Chúc Mừng gồm Hoa Lily, Hồng Môn, Lan Mokara, Lan Vũ Nữ, Hoa Hồng cùng các loại hoa lá phụ liệu khác.</p>
","Hoa khai trương","https://hoatuoi360.com/contents/images/Products/hoa-khai-truong/DSC_0226.jpg","Lớn hơn (+30%)","Kích thước",2600000
"ktx7g","#SF129","Hoa Chúc Mừng SF 129","<p><strong>LÒNG BIẾT ƠN</strong></p>
<p>Trong những dịp quan trọng như Chúc mừng, Khai Trương, Thăng chức,... Hoa Ly Vàng&nbsp;thường được sử dụng rất nhiều, không chỉ bởi vì vẻ đẹp kiêu sa, quý phái của loài hoa nay mà còn bởi vì hoa Ly Vàng bày tỏ lòng biết ơn, mong ước mọi điều tốt sẽ đến của người gửi. Kệ hoa thích hợp tặng những người luôn giúp đỡ bạn trong công việc.</p>
","
<p>Kệ Hoa Chúc Mừng gồm Hoa Hạnh Phúc, Lan Mokara, Hồng Môn, Hoa Lily cùng các hoa lá phụ liệu khác.</p>
","Hoa khai trương","https://hoatuoi360.com/contents/images/Products/hoa-khai-truong/Hoa-khai-truong-SSF-221.jpg","Bình thường","Kích thước",1500000
"ktx7g","#SF129","Hoa Chúc Mừng SF 129","<p><strong>LÒNG BIẾT ƠN</strong></p>
<p>Trong những dịp quan trọng như Chúc mừng, Khai Trương, Thăng chức,... Hoa Ly Vàng&nbsp;thường được sử dụng rất nhiều, không chỉ bởi vì vẻ đẹp kiêu sa, quý phái của loài hoa nay mà còn bởi vì hoa Ly Vàng bày tỏ lòng biết ơn, mong ước mọi điều tốt sẽ đến của người gửi. Kệ hoa thích hợp tặng những người luôn giúp đỡ bạn trong công việc.</p>
","
<p>Kệ Hoa Chúc Mừng gồm Hoa Hạnh Phúc, Lan Mokara, Hồng Môn, Hoa Lily cùng các hoa lá phụ liệu khác.</p>
","Hoa khai trương","https://hoatuoi360.com/contents/images/Products/hoa-khai-truong/Hoa-khai-truong-SSF-221.jpg","Lớn hơn (+30%)","Kích thước",1950000
"ahwpc","#SF118","Hoa Chúc Mừng SF 118","<p><strong>ỔN ĐỊNH</strong></p>
<p>Số 3 là con số vững chắc, phong thủy dùng nhiều lĩnh vực số học trong việc bài trí các đồ vật, và con số 3 là số đặc biệt hữu dụng cho việc tăng thêm vẻ vững chắc và sự hài hòa. Việc đặt 3 bông Ly ở vị trí trung tâm của Hoa Kệ Chúc Mừng với ngụ ý ""Chúc cho công việc đều ổn định, vững chãi"" là món quà đặc biệt nhất trong ngày Khai Trương, Tân gia, Thăng chức,...</p>
","
<p>Kệ Hoa Chúc Mừng gồm Lan Mokara, Hoa Đồng Tiền, Hoa Lily cùng các loại hoa lá phụ liệu khác.</p>
","Hoa theo chủ đề>Ngày Nhà Giáo Việt Nam 20/11","https://hoatuoi360.com/contents/images/Products/hoa-khai-truong/DSC_0464.JPG","Bình thường","Kích thước",700000
"ahwpc","#SF118","Hoa Chúc Mừng SF 118","<p><strong>ỔN ĐỊNH</strong></p>
<p>Số 3 là con số vững chắc, phong thủy dùng nhiều lĩnh vực số học trong việc bài trí các đồ vật, và con số 3 là số đặc biệt hữu dụng cho việc tăng thêm vẻ vững chắc và sự hài hòa. Việc đặt 3 bông Ly ở vị trí trung tâm của Hoa Kệ Chúc Mừng với ngụ ý ""Chúc cho công việc đều ổn định, vững chãi"" là món quà đặc biệt nhất trong ngày Khai Trương, Tân gia, Thăng chức,...</p>
","
<p>Kệ Hoa Chúc Mừng gồm Lan Mokara, Hoa Đồng Tiền, Hoa Lily cùng các loại hoa lá phụ liệu khác.</p>
","Hoa theo chủ đề>Ngày Nhà Giáo Việt Nam 20/11","https://hoatuoi360.com/contents/images/Products/hoa-khai-truong/DSC_0464.JPG","Lớn hơn (+30%)","Kích thước",910000
"wzar2","#SF127","Hoa Khai Trương SF 127","<p>NỖ LỰC</p>
<p>Sự vĩ đại không tự nhiên sinh ra mà được ươm trồng, sự thành công chỉ đến được với người nỗ lực và luôn có ý chí vươn lên trong công việc, cuộc sống.&nbsp;Hoa Thiên Điểu với thân thẳng và cứng cáp mang nét mạnh mẽ, kiên định&nbsp;nên thường được sử dụng cho các kệ lớn và đặc biệt thích hợp làm hoa tặng cho phái nam trong những dịp lễ quan trọng.</p>
","
<p>Hoa Kệ Chúc Mừng được thiết kế từ Thiên Điểu, Thanh Môn, Hoa Lily, Đồng Tiền, Lan Bò Cạp cùng các hoa lá phụ liệu khác.</p>
","Hoa khai trương","https://hoatuoi360.com/contents/images/Products/hoa-khai-truong/DSC_0218.jpg","Bình thường","Kích thước",1000000
"wzar2","#SF127","Hoa Khai Trương SF 127","<p>NỖ LỰC</p>
<p>Sự vĩ đại không tự nhiên sinh ra mà được ươm trồng, sự thành công chỉ đến được với người nỗ lực và luôn có ý chí vươn lên trong công việc, cuộc sống.&nbsp;Hoa Thiên Điểu với thân thẳng và cứng cáp mang nét mạnh mẽ, kiên định&nbsp;nên thường được sử dụng cho các kệ lớn và đặc biệt thích hợp làm hoa tặng cho phái nam trong những dịp lễ quan trọng.</p>
","
<p>Hoa Kệ Chúc Mừng được thiết kế từ Thiên Điểu, Thanh Môn, Hoa Lily, Đồng Tiền, Lan Bò Cạp cùng các hoa lá phụ liệu khác.</p>
","Hoa khai trương","https://hoatuoi360.com/contents/images/Products/hoa-khai-truong/DSC_0218.jpg","Lớn hơn (+30%)","Kích thước",1300000
"acjes","#V128","Hoa bình V 128","<p><strong>HƯNG PHẤN</strong></p>
<p>Sự kết hợp của các tông màu nóng luôn luôn tạo cảm giác bắt mắt, vui tươi khiến người nhận có thêm niềm hưng phấn trong công việc. Với sắc vàng của Hoa Lily, Lan Mokara, sắc đỏ của Hồng Môn và Hoa Hồng, nhờ bàn tay khéo léo của các nghệ nhân, Hoa Bình&nbsp;mang&nbsp;trở nên tráng lệ phù&nbsp;hợp với các dịp lễ Khai Trương, Thăng chức,...&nbsp;</p>
","
<p>Hoành tráng với Lan Vũ Nũ, Mokara, Hồng Môn, Hồng ...và các hoa lá phụ.</p>
","Hoa bình","https://hoatuoi360.com/contents/images/Products/hoa-binh/Hoa-binhV-125.jpg","Bình thường","Kích thước",3000000
"acjes","#V128","Hoa bình V 128","<p><strong>HƯNG PHẤN</strong></p>
<p>Sự kết hợp của các tông màu nóng luôn luôn tạo cảm giác bắt mắt, vui tươi khiến người nhận có thêm niềm hưng phấn trong công việc. Với sắc vàng của Hoa Lily, Lan Mokara, sắc đỏ của Hồng Môn và Hoa Hồng, nhờ bàn tay khéo léo của các nghệ nhân, Hoa Bình&nbsp;mang&nbsp;trở nên tráng lệ phù&nbsp;hợp với các dịp lễ Khai Trương, Thăng chức,...&nbsp;</p>
","
<p>Hoành tráng với Lan Vũ Nũ, Mokara, Hồng Môn, Hồng ...và các hoa lá phụ.</p>
","Hoa bình","https://hoatuoi360.com/contents/images/Products/hoa-binh/Hoa-binhV-125.jpg","Lớn hơn (+30%)","Kích thước",3900000
"9nu0d","#GF18006","Hoa Hộp GF 18006","<p><strong>SAY TÌNH</strong></p>
<p>Làm thế nào gửi gắm hết tâm tư tình cảm vào hết một món quà chắn hẳn làm nhiều người rất phân vân. Hiểu được nỗi lòng ấy, Hoa Hộp Say Tình được thiết kế với Rượu - Lời chúc sức khỏe, Hoa Hướng Dương - Lời Chúc Thành công, may mắn, Lan Vũ Nữ - Lời chúc sắc đẹp, trí tuệ. Đây chính là món quà mà bạn vất vả tìm kiếm để tặng cho người thân, bạn bè, đồng nghiệp,.. Nhất định thông điệp tình cảm của bạn sẽ được truyền tải một cách đầy đủ nhất.</p>
","
<p>Hộp Hoa <strong>Say Tình </strong>được kết hợp từ Lan Vũ Nữ, Hoa Hướng Dương, Táo Xanh, 2 chai Corona cùng các loại hoa lá phụ liệu khác trong một hộp gỗ trang nhã.</p>
","Hoa theo chủ đề>Ngày Quốc Tế Phụ Nữ 8/3","https://hoatuoi360.com/contents/images/Products/hoa-hop/GF%2018006.JPG","Bình thường","Kích thước",1000000
"9nu0d","#GF18006","Hoa Hộp GF 18006","<p><strong>SAY TÌNH</strong></p>
<p>Làm thế nào gửi gắm hết tâm tư tình cảm vào hết một món quà chắn hẳn làm nhiều người rất phân vân. Hiểu được nỗi lòng ấy, Hoa Hộp Say Tình được thiết kế với Rượu - Lời chúc sức khỏe, Hoa Hướng Dương - Lời Chúc Thành công, may mắn, Lan Vũ Nữ - Lời chúc sắc đẹp, trí tuệ. Đây chính là món quà mà bạn vất vả tìm kiếm để tặng cho người thân, bạn bè, đồng nghiệp,.. Nhất định thông điệp tình cảm của bạn sẽ được truyền tải một cách đầy đủ nhất.</p>
","
<p>Hộp Hoa <strong>Say Tình </strong>được kết hợp từ Lan Vũ Nữ, Hoa Hướng Dương, Táo Xanh, 2 chai Corona cùng các loại hoa lá phụ liệu khác trong một hộp gỗ trang nhã.</p>
","Hoa theo chủ đề>Ngày Quốc Tế Phụ Nữ 8/3","https://hoatuoi360.com/contents/images/Products/hoa-hop/GF%2018006.JPG","Lớn hơn (+30%)","Kích thước",1300000
"1f53r","#GF18010","Hoa Hộp GF 18010","<p><strong>HẠNH PHÚC</strong></p>
<p>Mọi người nói rằng trong cuộc sống mỗi người cần 3 điều để trở nên thực sự hạnh phúc: một ai đó để yêu thương, một công việc để làm và quan trọng là một cái gì đó để hy vọng - Tom Bodett.&nbsp;Chúc cho những ai nhận được món quà với Hoa Hạnh Phúc&nbsp;này sẽ luôn luôn mỉm cười và có nhiều niềm vui trong cuộc sống. Sản phẩm thích hợp dành tặng trong ngày Sinh nhật, Khai trương, Quốc tế Phụ Nữ,...</p>
","
<p>Hoa Hộp gồm Lan Vũ Nữ, Hướng Dương, Hoa Hạnh Phúc, Tú Cầu, Táo đỏ, Nho, 2 chai Corona cùng các loại hoa lá phụ liệu khác.</p>
","Hoa theo chủ đề>Ngày Quốc Tế Phụ Nữ 8/3","https://hoatuoi360.com/contents/images/Products/hoa-hop/gf%2018010.jpg","Bình thường","Kích thước",2000000
"1f53r","#GF18010","Hoa Hộp GF 18010","<p><strong>HẠNH PHÚC</strong></p>
<p>Mọi người nói rằng trong cuộc sống mỗi người cần 3 điều để trở nên thực sự hạnh phúc: một ai đó để yêu thương, một công việc để làm và quan trọng là một cái gì đó để hy vọng - Tom Bodett.&nbsp;Chúc cho những ai nhận được món quà với Hoa Hạnh Phúc&nbsp;này sẽ luôn luôn mỉm cười và có nhiều niềm vui trong cuộc sống. Sản phẩm thích hợp dành tặng trong ngày Sinh nhật, Khai trương, Quốc tế Phụ Nữ,...</p>
","
<p>Hoa Hộp gồm Lan Vũ Nữ, Hướng Dương, Hoa Hạnh Phúc, Tú Cầu, Táo đỏ, Nho, 2 chai Corona cùng các loại hoa lá phụ liệu khác.</p>
","Hoa theo chủ đề>Ngày Quốc Tế Phụ Nữ 8/3","https://hoatuoi360.com/contents/images/Products/hoa-hop/gf%2018010.jpg","Lớn hơn (+30%)","Kích thước",2600000
"rtlw7","#G18012","Hoa Hộp G 18012","<p><strong>KIÊU HÃNH</strong></p>
<p>Hoa Ly Hồng là biểu trưng cho sự giàu sang, kiêu hãnh. Trong phong thủy, số 8 là số biểu trưng cho việc bất khả xâm phạm. 8 bông Ly với ngụ ý, chúc cho người nhận luôn luôn phát tài, phú quý. Món quà thích hợp tặng trong các dịp lễ đặc biệt như Khai Trương, Thăng chức, Sinh nhật, ....</p>
","
<p>Hoa Hộp gồm Lan Bò Cạp, Lan Hồ Điệp, Bạch Môn, Hoa Hồng, Trái cây cùng các loại hoa lá phụ liệu khác.</p>
","Hoa theo chủ đề>Ngày Quốc Tế Phụ Nữ 8/3","https://hoatuoi360.com/contents/images/Products/hoa-hop/G%2018012.JPG","Bình thường","Kích thước",2000000
"rtlw7","#G18012","Hoa Hộp G 18012","<p><strong>KIÊU HÃNH</strong></p>
<p>Hoa Ly Hồng là biểu trưng cho sự giàu sang, kiêu hãnh. Trong phong thủy, số 8 là số biểu trưng cho việc bất khả xâm phạm. 8 bông Ly với ngụ ý, chúc cho người nhận luôn luôn phát tài, phú quý. Món quà thích hợp tặng trong các dịp lễ đặc biệt như Khai Trương, Thăng chức, Sinh nhật, ....</p>
","
<p>Hoa Hộp gồm Lan Bò Cạp, Lan Hồ Điệp, Bạch Môn, Hoa Hồng, Trái cây cùng các loại hoa lá phụ liệu khác.</p>
","Hoa theo chủ đề>Ngày Quốc Tế Phụ Nữ 8/3","https://hoatuoi360.com/contents/images/Products/hoa-hop/G%2018012.JPG","Lớn hơn (+30%)","Kích thước",2600000
"5rach","#G18011","Hoa Bình G 18011","<p><b>TINH KHÔI</b></p>
<p>Một tình yêu ban sơ - một tình yêu xuất phát từ một tình bạn thân thiết, trong sáng, hồn nhiên và mơ mộng, cũng chính là ý nghĩa của những bông hoa hồng cam ngọt ngào. Điểm thêm sắc trắng của những đóa Lan Hồ Điệp, Cẩm Tú, bó hoa như thay lời nhắn nhủ rằng người ấy vô cùng quan trọng, bạn luôn lo lắng, quan tâm và cổ vũ cho người ấy.</p>
<p>Hoa Bình thích hợp để tặng cho phái yếu trong những dịp đặc biệt như Quốc tế Phụ nữ, sinh nhật,... Chắc chắn người ấy sẽ rất bất ngờ và vui sướng khi nhận được món quà độc đáo này.</p>
<p style=""margin-left:9.0pt;"">&nbsp;</p>
<p style=""margin-left:9.0pt;"">&nbsp;</p>
","
<p>Hoa Bình <strong>Thuần Khiết </strong>gồm Lan Hồ Điệp, Hoa Hồng, Phi Yến, Táo xanh cùng các loại hoa lá phụ liệu khác trên bình cổ điển.</p>
","Hoa theo chủ đề>Ngày Quốc Tế Phụ Nữ 8/3","https://hoatuoi360.com/contents/images/Products/hoa-binh/G%2018011.jpg","Bình thường","Kích thước",2500000
"5rach","#G18011","Hoa Bình G 18011","<p><b>TINH KHÔI</b></p>
<p>Một tình yêu ban sơ - một tình yêu xuất phát từ một tình bạn thân thiết, trong sáng, hồn nhiên và mơ mộng, cũng chính là ý nghĩa của những bông hoa hồng cam ngọt ngào. Điểm thêm sắc trắng của những đóa Lan Hồ Điệp, Cẩm Tú, bó hoa như thay lời nhắn nhủ rằng người ấy vô cùng quan trọng, bạn luôn lo lắng, quan tâm và cổ vũ cho người ấy.</p>
<p>Hoa Bình thích hợp để tặng cho phái yếu trong những dịp đặc biệt như Quốc tế Phụ nữ, sinh nhật,... Chắc chắn người ấy sẽ rất bất ngờ và vui sướng khi nhận được món quà độc đáo này.</p>
<p style=""margin-left:9.0pt;"">&nbsp;</p>
<p style=""margin-left:9.0pt;"">&nbsp;</p>
","
<p>Hoa Bình <strong>Thuần Khiết </strong>gồm Lan Hồ Điệp, Hoa Hồng, Phi Yến, Táo xanh cùng các loại hoa lá phụ liệu khác trên bình cổ điển.</p>
","Hoa theo chủ đề>Ngày Quốc Tế Phụ Nữ 8/3","https://hoatuoi360.com/contents/images/Products/hoa-binh/G%2018011.jpg","Lớn hơn (+30%)","Kích thước",3250000
"jlm7s","#G18014","Hoa Bình G 18014","<p><strong>MỚI MẺ </strong></p>
<p>Hoa hồng vàng là loài hoa dành cho sự khởi đầu mới trong công việc và cuộc sống thường ngày. Vì vậy trong những dịp lễ như Quốc tế Phụ nữ, sinh nhật chúc mừng, khai trương,...bạn có thể tặng hồng vàng như một cách thể hiện tình cảm yêu quý, hơn thế là một lời khen ngợi, chúc mừng cho khởi đầu tốt đẹp, thuận lợi của họ.</p>
<p>&nbsp;</p>
","
<p>Hoa Bình <strong>Mới Mẻ</strong> gồm Lan Vũ Nữ, Hoa Hồng, Táo cùng các loại hoa lá phụ liệu khác.</p>
","Hoa theo chủ đề>Ngày Quốc Tế Phụ Nữ 8/3","https://hoatuoi360.com/contents/images/Products/hoa-binh/G%2018014.JPG","Bình thường","Kích thước",1000000
"jlm7s","#G18014","Hoa Bình G 18014","<p><strong>MỚI MẺ </strong></p>
<p>Hoa hồng vàng là loài hoa dành cho sự khởi đầu mới trong công việc và cuộc sống thường ngày. Vì vậy trong những dịp lễ như Quốc tế Phụ nữ, sinh nhật chúc mừng, khai trương,...bạn có thể tặng hồng vàng như một cách thể hiện tình cảm yêu quý, hơn thế là một lời khen ngợi, chúc mừng cho khởi đầu tốt đẹp, thuận lợi của họ.</p>
<p>&nbsp;</p>
","
<p>Hoa Bình <strong>Mới Mẻ</strong> gồm Lan Vũ Nữ, Hoa Hồng, Táo cùng các loại hoa lá phụ liệu khác.</p>
","Hoa theo chủ đề>Ngày Quốc Tế Phụ Nữ 8/3","https://hoatuoi360.com/contents/images/Products/hoa-binh/G%2018014.JPG","Lớn hơn (+30%)","Kích thước",1300000
"rko4y","#GF18004","Hoa Hộp GF 18004","<p><span style=""color:#008000;""><strong>MEN&nbsp;TÌNH</strong></span></p>
<p>Đối với các nước Châu Âu, rượu vang luôn được coi là đồ uống truyền thống&nbsp;có mặt trong tất cả các bữa ăn, bữa tiệc. Uống rượu vang rất tốt cho sức khỏe, vì thế, tặng rượu vang cho nhau như một lời chúc cho sức khỏe dồi dào, tràn đầy năng lượng.&nbsp;</p>
<p>Hộp hoa Men Tình như một bữa tiệc Rượu - Hoa&nbsp;thu nhỏ trong một hộp vuông kiều diễm. Đây là món quà vừa độc đáo, vừa tâm lý đầy tế nhị dành tặng nửa kia của thế giới trong những dịp lễ tết, Khai trương, Sinh nhật, Quốc tế Phụ nữ,...</p>
","
<p>Món quà&nbsp;hoa gồm 4 cụm Hoa Hồng đỏ, Địa Lan, Thủy Tiên, Táo đỏ, 1 chai rượu vang Ý cùng các loại hoa lá phụ khác.</p>
","Hoa theo chủ đề>Ngày Quốc Tế Phụ Nữ 8/3","https://hoatuoi360.com/contents/images/Products/hoa-hop/gf%2018004.jpg","Bình thường","Kích thước",5000000
"rko4y","#GF18004","Hoa Hộp GF 18004","<p><span style=""color:#008000;""><strong>MEN&nbsp;TÌNH</strong></span></p>
<p>Đối với các nước Châu Âu, rượu vang luôn được coi là đồ uống truyền thống&nbsp;có mặt trong tất cả các bữa ăn, bữa tiệc. Uống rượu vang rất tốt cho sức khỏe, vì thế, tặng rượu vang cho nhau như một lời chúc cho sức khỏe dồi dào, tràn đầy năng lượng.&nbsp;</p>
<p>Hộp hoa Men Tình như một bữa tiệc Rượu - Hoa&nbsp;thu nhỏ trong một hộp vuông kiều diễm. Đây là món quà vừa độc đáo, vừa tâm lý đầy tế nhị dành tặng nửa kia của thế giới trong những dịp lễ tết, Khai trương, Sinh nhật, Quốc tế Phụ nữ,...</p>
","
<p>Món quà&nbsp;hoa gồm 4 cụm Hoa Hồng đỏ, Địa Lan, Thủy Tiên, Táo đỏ, 1 chai rượu vang Ý cùng các loại hoa lá phụ khác.</p>
","Hoa theo chủ đề>Ngày Quốc Tế Phụ Nữ 8/3","https://hoatuoi360.com/contents/images/Products/hoa-hop/gf%2018004.jpg","Lớn hơn (+30%)","Kích thước",6500000
"evji","#SF125","Hoa Khai Trương SF 125","<p><strong>TRỌN VẸN</strong></p>
<p>Làm sao để bày tỏ tấm lòng chân thành của mình đối với đối phương luôn là điều mà mọi người quan tâm nhất. Với Hoa Kệ hai tầng, tấm lòng dường như được nhân lên gấp bội cùng sự kết hợp của Hoa Ly - lòng biết ơn, Hoa Đồng Tiền Hồng - sự khích lệ. Đây chính là món quà thể hiện trọn vẹn nhất lời chúc của bạn dành cho đồng nghiệp, bạn bè,... trong dịp lễ Chúc mừng, Khai trương,...</p>
","
<p>Hoa Kệ Chúc Mừng hai tầng được thiết kế đặc biệt với Hoa Lily, Đồng Tiền, Hồng Môn, Thiên Điểu, Lan Mokara cùng các loại hoa lá phụ liệu khác.</p>
","Hoa khai trương","https://hoatuoi360.com/contents/images/Products/hoa-khai-truong/Hoa-khai-truong-SF-222.jpg","Bình thường","Kích thước",1500000
"evji","#SF125","Hoa Khai Trương SF 125","<p><strong>TRỌN VẸN</strong></p>
<p>Làm sao để bày tỏ tấm lòng chân thành của mình đối với đối phương luôn là điều mà mọi người quan tâm nhất. Với Hoa Kệ hai tầng, tấm lòng dường như được nhân lên gấp bội cùng sự kết hợp của Hoa Ly - lòng biết ơn, Hoa Đồng Tiền Hồng - sự khích lệ. Đây chính là món quà thể hiện trọn vẹn nhất lời chúc của bạn dành cho đồng nghiệp, bạn bè,... trong dịp lễ Chúc mừng, Khai trương,...</p>
","
<p>Hoa Kệ Chúc Mừng hai tầng được thiết kế đặc biệt với Hoa Lily, Đồng Tiền, Hồng Môn, Thiên Điểu, Lan Mokara cùng các loại hoa lá phụ liệu khác.</p>
","Hoa khai trương","https://hoatuoi360.com/contents/images/Products/hoa-khai-truong/Hoa-khai-truong-SF-222.jpg","Lớn hơn (+30%)","Kích thước",1950000
"2j3y6","#SF124","Hoa Khai Trương SF 124","<p><strong>PHÚ QUÝ</strong></p>
<p>Theo phong thủy, màu vàng là màu của sự thành công và sự giàu sang. Hoa Kệ Chúc Mừng hai tầng với sắc&nbsp;vàng chủ đạo&nbsp;của Hoa Hướng Dương&nbsp;chắc chắn sẽ mang đến sự giàu sang, phú quý cho người nhận nó.&nbsp;Món quà thích hợp chúc mừng người thân, bạn bè, đồng nghiệp&nbsp;trong những dịp&nbsp; như Khai trương, Tân niên,..</p>
","
<p>Hoa Kệ Chúc Mừng hai tầng&nbsp;gồm Hoa Hướng Dương, Lan Vũ Nữ cùng các loại hoa lá phụ liệu khác.</p>
","Hoa khai trương","https://hoatuoi360.com/contents/images/Products/hoa-khai-truong/DSC_0267.jpg","Bình thường","Kích thước",1900000
"2j3y6","#SF124","Hoa Khai Trương SF 124","<p><strong>PHÚ QUÝ</strong></p>
<p>Theo phong thủy, màu vàng là màu của sự thành công và sự giàu sang. Hoa Kệ Chúc Mừng hai tầng với sắc&nbsp;vàng chủ đạo&nbsp;của Hoa Hướng Dương&nbsp;chắc chắn sẽ mang đến sự giàu sang, phú quý cho người nhận nó.&nbsp;Món quà thích hợp chúc mừng người thân, bạn bè, đồng nghiệp&nbsp;trong những dịp&nbsp; như Khai trương, Tân niên,..</p>
","
<p>Hoa Kệ Chúc Mừng hai tầng&nbsp;gồm Hoa Hướng Dương, Lan Vũ Nữ cùng các loại hoa lá phụ liệu khác.</p>
","Hoa khai trương","https://hoatuoi360.com/contents/images/Products/hoa-khai-truong/DSC_0267.jpg","Lớn hơn (+30%)","Kích thước",2470000