﻿"id","sku","name","description","short_description","breadcrumb","images","attribute_0_value","attribute_0_name","regular_price"
"vq6r","#SSF056","Hoa Chia Buồn SSF 056","<p><strong>VÔ TÂM</strong></p>
<p>Để chống lại cái chết, bạn không cần quá nhiều ở cuộc sống, chỉ một cuộc sống chưa kết thúc là đủ rồi.&nbsp;Herta Müller. Trên đời này bạn không cần phải có quá nhiều thứ, bởi vì khi nhắm mắt xuôi tay, những thứ ấy cũng không thể mang đi hết được. Để chống lại cái chết, sống mãi trên thế gian nay, việc bạn cần làm là xây dựng một cuốc sống tràn ngậy yêu thương. Hoa Chia Buồn với tông màu tím chủ đạo là lời tiễn đưa sau hết dành cho người quá cố và đó cũng là lời cảnh tỉnh cho những ai đang vô tâm&nbsp; hời hợt với cuộc sống của mình.</p>
","
<p>Hoa Chia Buồn gồm Hoa Hồng, Cẩm Tú cầu, Hoa Cát Trường, Cúc Camilero cùng các loại hoa lá phụ liệu khác.</p>
","Hoa chia buồn","https://hoatuoi360.com/contents/images/Products/hoa-chia-buon/%3Bljhkhkgcnxc.jpg","Bình thường","Kích thước",1500000
"vq6r","#SSF056","Hoa Chia Buồn SSF 056","<p><strong>VÔ TÂM</strong></p>
<p>Để chống lại cái chết, bạn không cần quá nhiều ở cuộc sống, chỉ một cuộc sống chưa kết thúc là đủ rồi.&nbsp;Herta Müller. Trên đời này bạn không cần phải có quá nhiều thứ, bởi vì khi nhắm mắt xuôi tay, những thứ ấy cũng không thể mang đi hết được. Để chống lại cái chết, sống mãi trên thế gian nay, việc bạn cần làm là xây dựng một cuốc sống tràn ngậy yêu thương. Hoa Chia Buồn với tông màu tím chủ đạo là lời tiễn đưa sau hết dành cho người quá cố và đó cũng là lời cảnh tỉnh cho những ai đang vô tâm&nbsp; hời hợt với cuộc sống của mình.</p>
","
<p>Hoa Chia Buồn gồm Hoa Hồng, Cẩm Tú cầu, Hoa Cát Trường, Cúc Camilero cùng các loại hoa lá phụ liệu khác.</p>
","Hoa chia buồn","https://hoatuoi360.com/contents/images/Products/hoa-chia-buon/%3Bljhkhkgcnxc.jpg","Lớn hơn (+30%)","Kích thước",1950000
"hsgfd","#SSF72","Hoa chia buồn SSF 72",,"
","Hoa chia buồn","https://hoatuoi360.com/contents/images/Products/hoa-chia-buon/Hoa-chia-buon-SSF-(1).jpg","Bình thường","Kích thước",2000000
"hsgfd","#SSF72","Hoa chia buồn SSF 72",,"
","Hoa chia buồn","https://hoatuoi360.com/contents/images/Products/hoa-chia-buon/Hoa-chia-buon-SSF-(1).jpg","Lớn hơn (+30%)","Kích thước",2600000
"ueqd8","#SSF071","Hoa chia buồn SSF 071","<p><strong>CHIA LY</strong></p>
<p>Khi cuộc đời cho bạn cả trăm lý do để khóc, hãy cho đời thấy bạn có cả ngàn lý do để cười.&nbsp;Khuyết danh. Mất đi một người thân là nỗi đau cực kỳ to lớn, tuy nhiên đừng vì vậy mà&nbsp;những người ở lại đừng quá đau buồn, chắc chắn người đã khuất sẽ mong muốn những người thân yêu của họ hãy cố gắng vượt qua sự chia ly đau buồn mà sống tiếp tục sống tốt. Hoa Chia Buồn trang nhã với màu trắng làm chủ đâọ là lời chia buồn gửi đến thân nhân người quá cố, an ủi họ sớm vượt qua.</p>
","
<p>Hoa Chia Buồn gồm Hoa Ly, Lan Tím, Lan Thái, Hoa Cúc, Phi Yến, Hoa Hồng cùng các loại hoa lá phụ liệu khác.</p>
","Hoa chia buồn","https://hoatuoi360.com/contents/images/Products/hoa-chia-buon/hoa-chia%20buon-SSF-071.jpg","Bình thường","Kích thước",1000000
"ueqd8","#SSF071","Hoa chia buồn SSF 071","<p><strong>CHIA LY</strong></p>
<p>Khi cuộc đời cho bạn cả trăm lý do để khóc, hãy cho đời thấy bạn có cả ngàn lý do để cười.&nbsp;Khuyết danh. Mất đi một người thân là nỗi đau cực kỳ to lớn, tuy nhiên đừng vì vậy mà&nbsp;những người ở lại đừng quá đau buồn, chắc chắn người đã khuất sẽ mong muốn những người thân yêu của họ hãy cố gắng vượt qua sự chia ly đau buồn mà sống tiếp tục sống tốt. Hoa Chia Buồn trang nhã với màu trắng làm chủ đâọ là lời chia buồn gửi đến thân nhân người quá cố, an ủi họ sớm vượt qua.</p>
","
<p>Hoa Chia Buồn gồm Hoa Ly, Lan Tím, Lan Thái, Hoa Cúc, Phi Yến, Hoa Hồng cùng các loại hoa lá phụ liệu khác.</p>
","Hoa chia buồn","https://hoatuoi360.com/contents/images/Products/hoa-chia-buon/hoa-chia%20buon-SSF-071.jpg","Lớn hơn (+30%)","Kích thước",1300000
"b9hf","#SSF070","Hoa chia buồn SSF 070","<p><strong>HÀN GẮN&nbsp;</strong></p>
<p>Cuộc sống được tạo nên từ vô vàn cuộc chia ly hàn gắn lại với nhau.&nbsp;Charles Dickens. Từ những mất mát, từ những cuộc chia ly, chúng ta nhận ra được những giá trị của cuộc sống mà sống tốt hơn, có nghĩa hơn. Hoa Chia Buồn với màu trắng - tím chủ đạo là lời động viên, khích lệ tinh thần cho những người ở lại sau sự mất mát to lớn.</p>
","
<p>Hoa Chia Buồn gồm Hoa Ly, Phi Yến, Lan Tím, Hoa Hồng cùng các loại hoa lá phụ liệu khác.</p>
","Hoa chia buồn","https://hoatuoi360.com/contents/images/Products/hoa-chia-buon/hoa-chia%20buon-SSF-070.jpg","Bình thường","Kích thước",1900000
"b9hf","#SSF070","Hoa chia buồn SSF 070","<p><strong>HÀN GẮN&nbsp;</strong></p>
<p>Cuộc sống được tạo nên từ vô vàn cuộc chia ly hàn gắn lại với nhau.&nbsp;Charles Dickens. Từ những mất mát, từ những cuộc chia ly, chúng ta nhận ra được những giá trị của cuộc sống mà sống tốt hơn, có nghĩa hơn. Hoa Chia Buồn với màu trắng - tím chủ đạo là lời động viên, khích lệ tinh thần cho những người ở lại sau sự mất mát to lớn.</p>
","
<p>Hoa Chia Buồn gồm Hoa Ly, Phi Yến, Lan Tím, Hoa Hồng cùng các loại hoa lá phụ liệu khác.</p>
","Hoa chia buồn","https://hoatuoi360.com/contents/images/Products/hoa-chia-buon/hoa-chia%20buon-SSF-070.jpg","Lớn hơn (+30%)","Kích thước",2470000
"s0spc","#SSF069","Hoa Chia Buồn SSF 069","<p><strong>ĐÁY LÒNG</strong></p>
<p>Cuộc đời có đáng sống không? Tất cả phụ thuộc vào người sống nó.&nbsp;William James. Có lẽ rằng, người quá cố đã có một cuộc sống rất có ý nghĩa, vì thế mà người đã được những người xung quanh yêu mến và kính trọng với trọn tấm&nbsp;lòng. Hoa Chia Buồn với tông trắng 2 tầng thật hoàng tráng gửi đến cố nhân như tấm lòng thành kính tiễn đưa người quá cố và an ủi gia quyến.</p>
","
<p>Hoa Chia Buồn gồm Hoa Hồng, Lan Thái cùng các loại hoa lá phụ liệu khác.</p>
","Hoa chia buồn","https://hoatuoi360.com/contents/images/Products/hoa-chia-buon/Hoa-Chia-Buon-SSF-070.jpg","Bình thường","Kích thước",2000000
"s0spc","#SSF069","Hoa Chia Buồn SSF 069","<p><strong>ĐÁY LÒNG</strong></p>
<p>Cuộc đời có đáng sống không? Tất cả phụ thuộc vào người sống nó.&nbsp;William James. Có lẽ rằng, người quá cố đã có một cuộc sống rất có ý nghĩa, vì thế mà người đã được những người xung quanh yêu mến và kính trọng với trọn tấm&nbsp;lòng. Hoa Chia Buồn với tông trắng 2 tầng thật hoàng tráng gửi đến cố nhân như tấm lòng thành kính tiễn đưa người quá cố và an ủi gia quyến.</p>
","
<p>Hoa Chia Buồn gồm Hoa Hồng, Lan Thái cùng các loại hoa lá phụ liệu khác.</p>
","Hoa chia buồn","https://hoatuoi360.com/contents/images/Products/hoa-chia-buon/Hoa-Chia-Buon-SSF-070.jpg","Lớn hơn (+30%)","Kích thước",2600000
"jf01v","#SSF066","Hoa chia buồn SSF 066","<p><strong>CỐNG HIẾN</strong></p>
<p>Thước đo của cuộc đời không phải thời gian, mà là cống hiến.&nbsp;Peter Marshall. Chính những cống hiến ấy đã khiến cố nhân được lưu danh, và được nhiều người biết đến. Hoa Chia Buồn với tông màu trắng và kiểu cắm tròn là lời biết ơn sâu sắc đến người quá cố với những thành tựu, cống hiến mà họ đã gầy dựng cả đời, và cũng là lời chia buôn gửi đến gia quyến.</p>
","
<p>Hoa Chia Buồn gồm Hoa Ly, Hồng Môn, Lan Thái, Phi Yến, Hoa Hồng cùng các loại hoa lá phụ liệu khác.</p>
","Hoa chia buồn","https://hoatuoi360.com/contents/images/Products/hoa-chia-buon/Hoa-Chia-Buon-SSF-066.jpg","Bình thường","Kích thước",1900000
"jf01v","#SSF066","Hoa chia buồn SSF 066","<p><strong>CỐNG HIẾN</strong></p>
<p>Thước đo của cuộc đời không phải thời gian, mà là cống hiến.&nbsp;Peter Marshall. Chính những cống hiến ấy đã khiến cố nhân được lưu danh, và được nhiều người biết đến. Hoa Chia Buồn với tông màu trắng và kiểu cắm tròn là lời biết ơn sâu sắc đến người quá cố với những thành tựu, cống hiến mà họ đã gầy dựng cả đời, và cũng là lời chia buôn gửi đến gia quyến.</p>
","
<p>Hoa Chia Buồn gồm Hoa Ly, Hồng Môn, Lan Thái, Phi Yến, Hoa Hồng cùng các loại hoa lá phụ liệu khác.</p>
","Hoa chia buồn","https://hoatuoi360.com/contents/images/Products/hoa-chia-buon/Hoa-Chia-Buon-SSF-066.jpg","Lớn hơn (+30%)","Kích thước",2470000
"2nvca","#SSF068","Hoa chia buồn SSF 068","<p><strong>TÍCH GÓP</strong></p>
<p>Hãy đếm tuổi của bạn bằng số bạn bè chứ không phải số năm. Hãy đếm cuộc đời bạn bằng nụ cười chứ không phải bằng nước mắt.&nbsp;John Lennon. Sự tích góp bạn bè và nụ cười ở đời này cũng là tích góp số năm tuổi mà ta&nbsp;sống trong lòng họ. Mặc dù không còn trên cõi dương gian nữa, những hình ảnh của người đã khuất vẫn mãi mãi in đậm trong những người xung quanh. Hoa Chia Buồn với tông màu dịu dàng là lời tiễn đưa cuối cùng dành cho người quá cố, và lời thẩm hứa rằng, dù bất cứ nơi nào, lúc nào bạn sẽ mãi nhớ đến họ.</p>
","
<p>Hoa Chia Buồn gồm Hoa Cúc, Cẩm Tú cầu, Thanh Môn, Hoa Hồng cùng các loại hoa lá phụ liệu khác.</p>
","Hoa chia buồn","https://hoatuoi360.com/contents/images/Products/hoa-chia-buon/Hoa-Chia-Buon-SSF-069.jpg","Bình thường","Kích thước",1900000
"2nvca","#SSF068","Hoa chia buồn SSF 068","<p><strong>TÍCH GÓP</strong></p>
<p>Hãy đếm tuổi của bạn bằng số bạn bè chứ không phải số năm. Hãy đếm cuộc đời bạn bằng nụ cười chứ không phải bằng nước mắt.&nbsp;John Lennon. Sự tích góp bạn bè và nụ cười ở đời này cũng là tích góp số năm tuổi mà ta&nbsp;sống trong lòng họ. Mặc dù không còn trên cõi dương gian nữa, những hình ảnh của người đã khuất vẫn mãi mãi in đậm trong những người xung quanh. Hoa Chia Buồn với tông màu dịu dàng là lời tiễn đưa cuối cùng dành cho người quá cố, và lời thẩm hứa rằng, dù bất cứ nơi nào, lúc nào bạn sẽ mãi nhớ đến họ.</p>
","
<p>Hoa Chia Buồn gồm Hoa Cúc, Cẩm Tú cầu, Thanh Môn, Hoa Hồng cùng các loại hoa lá phụ liệu khác.</p>
","Hoa chia buồn","https://hoatuoi360.com/contents/images/Products/hoa-chia-buon/Hoa-Chia-Buon-SSF-069.jpg","Lớn hơn (+30%)","Kích thước",2470000
"jckt9","#SSF067","Hoa chia buồn SSF 067","<p><strong>ĐÁNG GIÁ</strong></p>
<p>Tôi càng sống lâu, đọc nhiều, kiên nhẫn hơn và lo lắng tìm hiểu nhiều hơn, tôi dường như càng biết ít đi… Hãy biết vừa phải. Có lòng khoan dung. Sống nhún nhường. Như thế là đủ.&nbsp;John Adams. Chắc hẳn rằng, cố nhân luôn mong muốn những người thân của mình sống tốt, sống xứng đáng, bởi thế những lời nhắn nhủ trước lúc ra đi là những lời đáng giá nhất.&nbsp;Hoa Chia Buồn với tông trắng của sự chân thật. chất phác là tấm lòng thành kính đưa tiễn cố nhân lần cuối cùng và cùng là lời an ủi, động viên dành cho gia quyến.</p>
<p>&nbsp;</p>
","
<p>Hoa Chia Buồn gồm Lan Hồ Điệp, Cẩm Tú cầu, Hoa Hồng, Lan Thái cùng các loại hoa lá phụ liệu khác.</p>
","Hoa chia buồn","https://hoatuoi360.com/contents/images/Products/hoa-chia-buon/Hoa-Chia-Buon-SSF-067.jpg","Bình thường","Kích thước",1500000
"jckt9","#SSF067","Hoa chia buồn SSF 067","<p><strong>ĐÁNG GIÁ</strong></p>
<p>Tôi càng sống lâu, đọc nhiều, kiên nhẫn hơn và lo lắng tìm hiểu nhiều hơn, tôi dường như càng biết ít đi… Hãy biết vừa phải. Có lòng khoan dung. Sống nhún nhường. Như thế là đủ.&nbsp;John Adams. Chắc hẳn rằng, cố nhân luôn mong muốn những người thân của mình sống tốt, sống xứng đáng, bởi thế những lời nhắn nhủ trước lúc ra đi là những lời đáng giá nhất.&nbsp;Hoa Chia Buồn với tông trắng của sự chân thật. chất phác là tấm lòng thành kính đưa tiễn cố nhân lần cuối cùng và cùng là lời an ủi, động viên dành cho gia quyến.</p>
<p>&nbsp;</p>
","
<p>Hoa Chia Buồn gồm Lan Hồ Điệp, Cẩm Tú cầu, Hoa Hồng, Lan Thái cùng các loại hoa lá phụ liệu khác.</p>
","Hoa chia buồn","https://hoatuoi360.com/contents/images/Products/hoa-chia-buon/Hoa-Chia-Buon-SSF-067.jpg","Lớn hơn (+30%)","Kích thước",1950000
"fb1hf","#SSF058","Hoa Chia Buồn SSF 058","<p><strong>TƯỞNG NHỚ</strong></p>
<p>Sống giàu có vẫn hay hơn là chết giàu có. Samuel Johnson. Cả đời chạy theo danh vọng, vật chất mà quên đi việc hưởng thụ cuộc sống, trau dồi tình yêu thương để đến lúc nằm ở dưới mồ sâu ôm một đống tiền tài nhưng không một ai nhớ đến, không một ai tưởng nhớ. Hoa Chia Buồn với tông màu trắng - vàng như thể hiện sự ""giàu có"" về tình yêu thương của người trên dương thế dành cho người quá cố.</p>
","
<p>Hoa Chia Buồn gồm Lan Mokara, Lan Vũ Nữ,&nbsp;Phi Yến, Wicky, Hoa Hồng, Hoa Cúc cùng các loại hoa lá phụ liệu khác.</p>
","Hoa chia buồn","https://hoatuoi360.com/contents/files/hoa-chia%20buon-SSF-57.jpg","Bình thường","Kích thước",1500000
"fb1hf","#SSF058","Hoa Chia Buồn SSF 058","<p><strong>TƯỞNG NHỚ</strong></p>
<p>Sống giàu có vẫn hay hơn là chết giàu có. Samuel Johnson. Cả đời chạy theo danh vọng, vật chất mà quên đi việc hưởng thụ cuộc sống, trau dồi tình yêu thương để đến lúc nằm ở dưới mồ sâu ôm một đống tiền tài nhưng không một ai nhớ đến, không một ai tưởng nhớ. Hoa Chia Buồn với tông màu trắng - vàng như thể hiện sự ""giàu có"" về tình yêu thương của người trên dương thế dành cho người quá cố.</p>
","
<p>Hoa Chia Buồn gồm Lan Mokara, Lan Vũ Nữ,&nbsp;Phi Yến, Wicky, Hoa Hồng, Hoa Cúc cùng các loại hoa lá phụ liệu khác.</p>
","Hoa chia buồn","https://hoatuoi360.com/contents/files/hoa-chia%20buon-SSF-57.jpg","Lớn hơn (+30%)","Kích thước",1950000
"6r71o","#SSF-057","Hoa Chia Buồn SSF 057","<p><strong>KHẮC SÂU</strong></p>
<p>Người ta nói rằng bạn chết hai lần trong đời. Lần thức nhất khi bạn ngừng thở, lần&nbsp;thứ 2 là khi tên bạn đươc nhắc đến lần cuối cùng. Banksy. Dù người đã chết, nhưng ai ai cũng đều nhớ đến tình thương của người, người vẫn còn sống mãi. Chỉ đến khi trên thế gian không còn nhớ rõ những hình ảnh, kỷ niệm về người quá cố thì lúc đó họ mới thực sự chết. Hoa Chia Buồn cắm theo kiểu hình tròn như muốn nói rằng, hình ảnh người quá cố sẽ luôn in sâu vào tâm trí của những người xung quanh, đồng thời đây cũng là lời chia buồn yêu kính dành cho gia quyến.</p>
","
<p>Hoa Chia Buồn gồm Lan Tím, Hoa Cúc, Hoa Hồng, Lan Hồ Điệp, Lan háo cùng các loại hoa lá phụ liệu khác.</p>
","Hoa chia buồn","https://hoatuoi360.com/contents/images/Products/hoa-chia-buon/Hoa-Chia-Buon-SSF-061.jpg","Bình thường","Kích thước",1500000
"6r71o","#SSF-057","Hoa Chia Buồn SSF 057","<p><strong>KHẮC SÂU</strong></p>
<p>Người ta nói rằng bạn chết hai lần trong đời. Lần thức nhất khi bạn ngừng thở, lần&nbsp;thứ 2 là khi tên bạn đươc nhắc đến lần cuối cùng. Banksy. Dù người đã chết, nhưng ai ai cũng đều nhớ đến tình thương của người, người vẫn còn sống mãi. Chỉ đến khi trên thế gian không còn nhớ rõ những hình ảnh, kỷ niệm về người quá cố thì lúc đó họ mới thực sự chết. Hoa Chia Buồn cắm theo kiểu hình tròn như muốn nói rằng, hình ảnh người quá cố sẽ luôn in sâu vào tâm trí của những người xung quanh, đồng thời đây cũng là lời chia buồn yêu kính dành cho gia quyến.</p>
","
<p>Hoa Chia Buồn gồm Lan Tím, Hoa Cúc, Hoa Hồng, Lan Hồ Điệp, Lan háo cùng các loại hoa lá phụ liệu khác.</p>
","Hoa chia buồn","https://hoatuoi360.com/contents/images/Products/hoa-chia-buon/Hoa-Chia-Buon-SSF-061.jpg","Lớn hơn (+30%)","Kích thước",1950000
"3cg9","#SSF064","Hoa Chia Buồn SSF 064","<p><strong>TRÔI QUA</strong></p>
<p>Cái ngày đen tối nhất rồi cũng sẽ trôi qua nếu bạn sống tới ngày mai. William Cowper. Điều mà trước lúc ra di, người đã khuất lo lắng nhất chắc có lẽ là tình trạng của những người thân của họ, bởi nỗi đau mất mát là nỗi đau thực sự rất to lớn. Hoa Chia Buồn với tông trắng - tím là lời động viên, khích lệ gia đình cố nhân hãy cố gắng sống vì tương lai phía trước.</p>
","
<p>Hoa Chia Buồn gồm Lan Mokara, Hoa Hồng, Lan Thái Lan Tím cùng các loai hoa lá phụ liệu khác.</p>
","Hoa chia buồn","https://hoatuoi360.com/contents/images/Products/hoa-chia-buon/Hoa-Chia-Buon-SSF-060.jpg","Bình thường","Kích thước",900000
"3cg9","#SSF064","Hoa Chia Buồn SSF 064","<p><strong>TRÔI QUA</strong></p>
<p>Cái ngày đen tối nhất rồi cũng sẽ trôi qua nếu bạn sống tới ngày mai. William Cowper. Điều mà trước lúc ra di, người đã khuất lo lắng nhất chắc có lẽ là tình trạng của những người thân của họ, bởi nỗi đau mất mát là nỗi đau thực sự rất to lớn. Hoa Chia Buồn với tông trắng - tím là lời động viên, khích lệ gia đình cố nhân hãy cố gắng sống vì tương lai phía trước.</p>
","
<p>Hoa Chia Buồn gồm Lan Mokara, Hoa Hồng, Lan Thái Lan Tím cùng các loai hoa lá phụ liệu khác.</p>
","Hoa chia buồn","https://hoatuoi360.com/contents/images/Products/hoa-chia-buon/Hoa-Chia-Buon-SSF-060.jpg","Lớn hơn (+30%)","Kích thước",1170000
"babh","#SSF055","Hoa Chia Buồn SSF 055","<p><strong>CHẤP NHẬN</strong></p>
<p>Tiếng gọi của cái chết cũng là tiếng gọi của tình yêu. Cái chết có thể ngọt ngào, nếu chúng ta đáp lại bằng sự quả quyết, nếu chúng ta chấp nhận nó như một trong những hình thức vĩnh cửu vĩ đại nhất của cuộc sống và sự biến đổi. Hermann Hesse. Ai ai trong chúng ta cũng đều sẽ chết, nhưng chỉ khác ở chỗ, có người đấu tranh, chống lại đến khi chỉ còn xót lại ít hơi tàn, có người lại chấp nhận nó cách nhẹ nhàng và thanh thản, như một sự kỳ diệu của cuốc sống. Hoa Chia Buồn mang màu trắng của sự thanh thoát, yên bình như một lời đưa tiễn dịu dành dành cho sự ra đi thanh thản của cố nhân, và cũng là lời chia buồn thầm lặng dành cho gia quyến.</p>
","
<p>Hoa Chia Buồn gồm Hoa Ly, Hoa Hồng, Cúc mắt ngọc, Cẩm Tú cầu, Phi Yến cùng các loại hoa lá phụ liệu khác.</p>
","Hoa chia buồn","https://hoatuoi360.com/contents/images/Products/hoa-chia-buon/Hoa-Chia-Buon-SSF-057.jpg","Bình thường","Kích thước",1900000
"babh","#SSF055","Hoa Chia Buồn SSF 055","<p><strong>CHẤP NHẬN</strong></p>
<p>Tiếng gọi của cái chết cũng là tiếng gọi của tình yêu. Cái chết có thể ngọt ngào, nếu chúng ta đáp lại bằng sự quả quyết, nếu chúng ta chấp nhận nó như một trong những hình thức vĩnh cửu vĩ đại nhất của cuộc sống và sự biến đổi. Hermann Hesse. Ai ai trong chúng ta cũng đều sẽ chết, nhưng chỉ khác ở chỗ, có người đấu tranh, chống lại đến khi chỉ còn xót lại ít hơi tàn, có người lại chấp nhận nó cách nhẹ nhàng và thanh thản, như một sự kỳ diệu của cuốc sống. Hoa Chia Buồn mang màu trắng của sự thanh thoát, yên bình như một lời đưa tiễn dịu dành dành cho sự ra đi thanh thản của cố nhân, và cũng là lời chia buồn thầm lặng dành cho gia quyến.</p>
","
<p>Hoa Chia Buồn gồm Hoa Ly, Hoa Hồng, Cúc mắt ngọc, Cẩm Tú cầu, Phi Yến cùng các loại hoa lá phụ liệu khác.</p>
","Hoa chia buồn","https://hoatuoi360.com/contents/images/Products/hoa-chia-buon/Hoa-Chia-Buon-SSF-057.jpg","Lớn hơn (+30%)","Kích thước",2470000
"rqave","#SSF054","Hoa Chia Buồn SSF 054","<p><strong>SỐNG SÂU</strong></p>
<p>Quan trọng không phải là sống lâu thế nào, mà là sống sâu thế nào. Ralph Waldo Emerson. Có những người sống cả trăm tuổi nhưng tự cô lập với thế giới bên ngoài, thế gian dường như cũng không hề biết đến sự tồn tại của họ, nhưng có những người chỉ sống vài chục năm ngắn ngủi, nhưng khi họ ra đi, cả thế giới phải cúi đầu. Hoa Chia Buồn với tông Tây sang trọng là lời tiễn đưa gửi đến những người đã sống hết mình, sống thật ""sâu"" ấy, song song đó cũng chính là lời yên ủi, động viên dành cho gia đình, người thân của họ.</p>
<p><br>
<br>
&nbsp;</p>
","
<p>Hoa Chia Buồn gồm Hoa Hồng, Wicky, Cẩm Tú cầu,&nbsp;Cúc mắt ngọc cùng các loại hoa lá phụ liệu khác.</p>
","Hoa chia buồn","https://hoatuoi360.com/contents/images/Products/hoa-chia-buon/Hoa-Chia-Buon-SSF-056.jpg","Bình thường","Kích thước",1900000
"rqave","#SSF054","Hoa Chia Buồn SSF 054","<p><strong>SỐNG SÂU</strong></p>
<p>Quan trọng không phải là sống lâu thế nào, mà là sống sâu thế nào. Ralph Waldo Emerson. Có những người sống cả trăm tuổi nhưng tự cô lập với thế giới bên ngoài, thế gian dường như cũng không hề biết đến sự tồn tại của họ, nhưng có những người chỉ sống vài chục năm ngắn ngủi, nhưng khi họ ra đi, cả thế giới phải cúi đầu. Hoa Chia Buồn với tông Tây sang trọng là lời tiễn đưa gửi đến những người đã sống hết mình, sống thật ""sâu"" ấy, song song đó cũng chính là lời yên ủi, động viên dành cho gia đình, người thân của họ.</p>
<p><br>
<br>
&nbsp;</p>
","
<p>Hoa Chia Buồn gồm Hoa Hồng, Wicky, Cẩm Tú cầu,&nbsp;Cúc mắt ngọc cùng các loại hoa lá phụ liệu khác.</p>
","Hoa chia buồn","https://hoatuoi360.com/contents/images/Products/hoa-chia-buon/Hoa-Chia-Buon-SSF-056.jpg","Lớn hơn (+30%)","Kích thước",2470000
"wldh","#SSF053","Hoa Chia Buồn SSF 053","<p><strong>ĐỊA NGỤC</strong></p>
<p>Với nhiều người trong chúng ta cái chết là cánh cửa địa ngục; nhưng chúng ta từ bên trong bước ra chứ không phải từ bên ngoài bước vào.&nbsp;George Bernard Shaw. Đối với người này, cái chết có thể là sự chấm hết, là kết thúc của mọi thứ, nhưng đối với một số người khác, cái chết lại là sự giải thoát cho cuộc đời đầy bất hạnh, khổ ải hay địa ngục trần gian. Hoa Chia Buồn với tông màu trắng của sự thanh thản là lời tiễn đưa cố nhân về bến an vui, mắt khác là lời chia buồn dành cho những người ở lại.</p>
","
<p>Hoa Kệ Chia Buồn gồm Lan Thái, Bạch Môn, Hoa Hồng cùng các loại hoa lá phụ liệu khác.</p>
","Hoa chia buồn","https://hoatuoi360.com/contents/images/Products/hoa-chia-buon/Hoa-Chia-Buon-SSF-055.jpg","Bình thường","Kích thước",1500000
"wldh","#SSF053","Hoa Chia Buồn SSF 053","<p><strong>ĐỊA NGỤC</strong></p>
<p>Với nhiều người trong chúng ta cái chết là cánh cửa địa ngục; nhưng chúng ta từ bên trong bước ra chứ không phải từ bên ngoài bước vào.&nbsp;George Bernard Shaw. Đối với người này, cái chết có thể là sự chấm hết, là kết thúc của mọi thứ, nhưng đối với một số người khác, cái chết lại là sự giải thoát cho cuộc đời đầy bất hạnh, khổ ải hay địa ngục trần gian. Hoa Chia Buồn với tông màu trắng của sự thanh thản là lời tiễn đưa cố nhân về bến an vui, mắt khác là lời chia buồn dành cho những người ở lại.</p>
","
<p>Hoa Kệ Chia Buồn gồm Lan Thái, Bạch Môn, Hoa Hồng cùng các loại hoa lá phụ liệu khác.</p>
","Hoa chia buồn","https://hoatuoi360.com/contents/images/Products/hoa-chia-buon/Hoa-Chia-Buon-SSF-055.jpg","Lớn hơn (+30%)","Kích thước",1950000
"eu1go","#SSF052","Hoa Chia Buồn SSF 052","<p><strong>THẤM</strong></p>
<p>Chúng ta lần đầu tiên hiểu cái chết khi nó chạm tay lên người chúng ta yêu thương.&nbsp;Madame de Stael. Đứng trước cảnh tang tóc, chia ly, nhất là khi chứng kiến người thân mình qua đời, ai ai cũng đều thấm được nỗi đau ấy đến tận xương tủy. Hoa Chia Buồn với tông màu trắng - tím là nỗi tiếc thương sâu sắc dành cho những người thân yêu đã qua đời, và cũng là lời tiễn đưa cuối cùng dành cho họ.</p>
","
<p>Hoa Kệ Chia Buồn gồm Lan Tím, Lan Thái, Hoa Hồng cùng các loại hoa lá phụ liệu khác.</p>
","Hoa chia buồn","https://hoatuoi360.com/contents/images/Products/hoa-chia-buon/Hoa-Chia-Buon-SSF-054.jpg","Bình thường","Kích thước",1500000
"eu1go","#SSF052","Hoa Chia Buồn SSF 052","<p><strong>THẤM</strong></p>
<p>Chúng ta lần đầu tiên hiểu cái chết khi nó chạm tay lên người chúng ta yêu thương.&nbsp;Madame de Stael. Đứng trước cảnh tang tóc, chia ly, nhất là khi chứng kiến người thân mình qua đời, ai ai cũng đều thấm được nỗi đau ấy đến tận xương tủy. Hoa Chia Buồn với tông màu trắng - tím là nỗi tiếc thương sâu sắc dành cho những người thân yêu đã qua đời, và cũng là lời tiễn đưa cuối cùng dành cho họ.</p>
","
<p>Hoa Kệ Chia Buồn gồm Lan Tím, Lan Thái, Hoa Hồng cùng các loại hoa lá phụ liệu khác.</p>
","Hoa chia buồn","https://hoatuoi360.com/contents/images/Products/hoa-chia-buon/Hoa-Chia-Buon-SSF-054.jpg","Lớn hơn (+30%)","Kích thước",1950000
"xlxt","#SSF051","Hoa Chia Buồn SSF 051","<p><strong>ĐỐI MỚI</strong></p>
<p>Thà một phút huy hoàng rồi chợt tắt; còn hơn le lói suốt trăm năm. Xuân Diệu. Người ta chỉ sống có một lần trên cuộc đời này vì thế phải sống làm sao cho xứng đáng, chứ đừng sợ chết mà sống một cuộc sống tẻ nhạt, buồn bã. Hoa Kệ Chia Buồn với Hoa Huệ là biểu tượng của sự đổi mới là là lời tiễn biệt người quá cố, nhưng đồng thời nhắc nhở chúng ta cách mạnh mẽ, phải đổi mới bản thân để từ bây giờ cuộc sống có thêm nhiều giá trị, ý nghĩa.</p>
","
<p>Hoa Kệ Chia Buồn gồm Hồng Môn, Hoa Huệ, Hoa Cúc, Hoa Hồng, Hoa Ly, Lan Hồ Điệp, Lan Thái cùng các loại hoa lá phụ liệu khác.</p>
","Hoa chia buồn","https://hoatuoi360.com/contents/images/Products/hoa-chia-buon/Hoa-Chia-Buon-SSF-053.jpg","Bình thường","Kích thước",2900000
"xlxt","#SSF051","Hoa Chia Buồn SSF 051","<p><strong>ĐỐI MỚI</strong></p>
<p>Thà một phút huy hoàng rồi chợt tắt; còn hơn le lói suốt trăm năm. Xuân Diệu. Người ta chỉ sống có một lần trên cuộc đời này vì thế phải sống làm sao cho xứng đáng, chứ đừng sợ chết mà sống một cuộc sống tẻ nhạt, buồn bã. Hoa Kệ Chia Buồn với Hoa Huệ là biểu tượng của sự đổi mới là là lời tiễn biệt người quá cố, nhưng đồng thời nhắc nhở chúng ta cách mạnh mẽ, phải đổi mới bản thân để từ bây giờ cuộc sống có thêm nhiều giá trị, ý nghĩa.</p>
","
<p>Hoa Kệ Chia Buồn gồm Hồng Môn, Hoa Huệ, Hoa Cúc, Hoa Hồng, Hoa Ly, Lan Hồ Điệp, Lan Thái cùng các loại hoa lá phụ liệu khác.</p>
","Hoa chia buồn","https://hoatuoi360.com/contents/images/Products/hoa-chia-buon/Hoa-Chia-Buon-SSF-053.jpg","Lớn hơn (+30%)","Kích thước",3770000
"2rm5","#SSF050","Hoa Chia Buồn SSF 050","<p><strong>TAN BIẾN</strong></p>
<p>Cái chết đi nhanh hơn gió&nbsp;và không bao giờ trả lại thứ gì mình đã lấy đi.&nbsp;Hans Christian Andersen. Người đã mất không thể tìm lại được, mặc dù thể xác không còn trên dương thế, nhưng hình ảnh của người mãi mãi luôn tồn tại trong lòng mỗi người, những khoảnh khắc yêu thương đã có được sẽ không tan biến. Hoa Kệ Chia Buồn với Hoa Huệ tinh khiết là lời tiễn đưa trong sự yêu thương dành cho người quá cố, đồng thời&nbsp;cũng là lời chia buồn, động viên gia quyến sớm vượt qua và có một khởi đầu mới.</p>
","
<p>Hoa Kệ Chia Buồn gồm Hoa Huệ, Hoa Ly, Hoa Hồng, Cẩm Tú cùng các loại hoa lá phụ liệu khác.</p>
","Hoa chia buồn","https://hoatuoi360.com/contents/images/Products/hoa-chia-buon/Hoa-Chia-Buon-SSF-052.jpg","Bình thường","Kích thước",1900000
"2rm5","#SSF050","Hoa Chia Buồn SSF 050","<p><strong>TAN BIẾN</strong></p>
<p>Cái chết đi nhanh hơn gió&nbsp;và không bao giờ trả lại thứ gì mình đã lấy đi.&nbsp;Hans Christian Andersen. Người đã mất không thể tìm lại được, mặc dù thể xác không còn trên dương thế, nhưng hình ảnh của người mãi mãi luôn tồn tại trong lòng mỗi người, những khoảnh khắc yêu thương đã có được sẽ không tan biến. Hoa Kệ Chia Buồn với Hoa Huệ tinh khiết là lời tiễn đưa trong sự yêu thương dành cho người quá cố, đồng thời&nbsp;cũng là lời chia buồn, động viên gia quyến sớm vượt qua và có một khởi đầu mới.</p>
","
<p>Hoa Kệ Chia Buồn gồm Hoa Huệ, Hoa Ly, Hoa Hồng, Cẩm Tú cùng các loại hoa lá phụ liệu khác.</p>
","Hoa chia buồn","https://hoatuoi360.com/contents/images/Products/hoa-chia-buon/Hoa-Chia-Buon-SSF-052.jpg","Lớn hơn (+30%)","Kích thước",2470000
"y7ay3","#SSF049","Hoa Chia Buồn SSF 049","<p><strong>LỰA CHỌN</strong></p>
<p>Chúng ta không có cơ hội làm quá nhiều điều, và mỗi thứ chúng ta làm đều phải thật sự tuyệt vời. Bởi vì đây là cuộc đời của chúng ta. Cuộc đời ngắn ngủi lắm, và rồi bạn chết, bạn biết chứ? Và chúng ta đều được lựa chọn để làm điều này với cuộc đời mình. Vì vậy điều ta làm nên thật tốt. Nên đáng giá.&nbsp;Steve Jobs. Hoa Kệ Chia Buồn được cắm theo hình tròn của sự hoàn hảo, tuyệt vời là lời chia buồn sâu sắc dành cho gia đình, người thân của người đã mất, qua đó cũng là lời thức tỉnh mỗi người chúng ta phải lựa chọn như thế nào cho đúng để làm nên cuộc đời mình.</p>
","
<p>Hoa Kệ Chia Buồn gồm Hoa Ly, Wicky, Lan Vũ Nữ, Cúc Ping Pong cùng các loại hoa lá phụ liệu khác.</p>
","Hoa chia buồn","https://hoatuoi360.com/contents/images/Products/hoa-chia-buon/Hoa-Chia-Buon-SSF-051.jpg","Bình thường","Kích thước",1900000
"y7ay3","#SSF049","Hoa Chia Buồn SSF 049","<p><strong>LỰA CHỌN</strong></p>
<p>Chúng ta không có cơ hội làm quá nhiều điều, và mỗi thứ chúng ta làm đều phải thật sự tuyệt vời. Bởi vì đây là cuộc đời của chúng ta. Cuộc đời ngắn ngủi lắm, và rồi bạn chết, bạn biết chứ? Và chúng ta đều được lựa chọn để làm điều này với cuộc đời mình. Vì vậy điều ta làm nên thật tốt. Nên đáng giá.&nbsp;Steve Jobs. Hoa Kệ Chia Buồn được cắm theo hình tròn của sự hoàn hảo, tuyệt vời là lời chia buồn sâu sắc dành cho gia đình, người thân của người đã mất, qua đó cũng là lời thức tỉnh mỗi người chúng ta phải lựa chọn như thế nào cho đúng để làm nên cuộc đời mình.</p>
","
<p>Hoa Kệ Chia Buồn gồm Hoa Ly, Wicky, Lan Vũ Nữ, Cúc Ping Pong cùng các loại hoa lá phụ liệu khác.</p>
","Hoa chia buồn","https://hoatuoi360.com/contents/images/Products/hoa-chia-buon/Hoa-Chia-Buon-SSF-051.jpg","Lớn hơn (+30%)","Kích thước",2470000
"p73x","#SSF048","Hoa Chia Buồn SSF 048","<p><strong>TIẾP NỐI</strong></p>
<p>Cái chết thực sự là lời chúc phúc lớn lao dành cho nhân loại, không có nó không thể có sự tiến bộ. Những người bất tử sẽ không chỉ ngăn trở và làm thối chí người trẻ tuổi, họ còn thiếu đi sự kích thích cần thiết để sáng tạo.&nbsp;Alfred Adler. Khi mất đi người thân yêu, luôn mang lại cho ta&nbsp;cảm giác đau đớn buồn tột cùng, nhưng sự mất mát là không thể tránh khỏi, vì đó là quy luật của cuộc đời này. Hoa Kệ Chia Buồn được cắm theo kiểu hình tròn như mang tính quy luật sinh - tử ấy, đây là lời chia buồn chân thành gửi đến gia quyến, cũng là lời động viên sâu sắc đến họ, để họ có thể tiếp nối và phát triển những thành tựu mà cố nhân đã để lại.</p>
","
<p>Hoa Kệ Chia Buồn gồm Lan Mokara, Cúc Đại đóa, Cẩm Tú, Phi Yến cùng các loại hoa lá phụ liệu khác.</p>
","Hoa chia buồn","https://hoatuoi360.com/contents/images/Products/hoa-chia-buon/Hoa-Chia-Buon-SSF-050.jpg","Bình thường","Kích thước",1500000
"p73x","#SSF048","Hoa Chia Buồn SSF 048","<p><strong>TIẾP NỐI</strong></p>
<p>Cái chết thực sự là lời chúc phúc lớn lao dành cho nhân loại, không có nó không thể có sự tiến bộ. Những người bất tử sẽ không chỉ ngăn trở và làm thối chí người trẻ tuổi, họ còn thiếu đi sự kích thích cần thiết để sáng tạo.&nbsp;Alfred Adler. Khi mất đi người thân yêu, luôn mang lại cho ta&nbsp;cảm giác đau đớn buồn tột cùng, nhưng sự mất mát là không thể tránh khỏi, vì đó là quy luật của cuộc đời này. Hoa Kệ Chia Buồn được cắm theo kiểu hình tròn như mang tính quy luật sinh - tử ấy, đây là lời chia buồn chân thành gửi đến gia quyến, cũng là lời động viên sâu sắc đến họ, để họ có thể tiếp nối và phát triển những thành tựu mà cố nhân đã để lại.</p>
","
<p>Hoa Kệ Chia Buồn gồm Lan Mokara, Cúc Đại đóa, Cẩm Tú, Phi Yến cùng các loại hoa lá phụ liệu khác.</p>
","Hoa chia buồn","https://hoatuoi360.com/contents/images/Products/hoa-chia-buon/Hoa-Chia-Buon-SSF-050.jpg","Lớn hơn (+30%)","Kích thước",1950000
"q1kx","#SSF047","Hoa Chia Buồn SSF0 47","<p><strong>NÍU GIỮ</strong></p>
<p>Khi sinh, ra chúng ta không mang theo gì cả; chết đi chúng ta cũng không mang theo được cái gì cả. Ngạn Ngữ Trung Quốc. Khi hơi thở cuối cùng đã tắt, chính là lúc cánh tay không thể cầm nắm được gì hết, vì thế, tiền tài vật chất, quyền lực là không thể níu giữ, thứ còn ở lại chỉ là tình thương yêu của những người thân thiết. Hoa Kệ Chia Buồn với gam màu trắng chủ đạo là lời yêu thương chân thành gửi đến cố nhân trong giờ sau hết, và cũng là lời an ủi, động viên gia quyến sớm vượt qua nỗi đau thương, tang tóc.</p>
","
<p>Hoa Kệ Chia Buồn gồm Bạch Môn, Lan Hồ Điệp, Phi Yến, Cẩm Tú, Hoa Hồng cùng các loại hoa lá phụ liệu khác.</p>
","Hoa chia buồn","https://hoatuoi360.com/contents/images/Products/hoa-chia-buon/Hoa-Chia-Buon-SSF-049.jpg","Bình thường","Kích thước",2000000
"q1kx","#SSF047","Hoa Chia Buồn SSF0 47","<p><strong>NÍU GIỮ</strong></p>
<p>Khi sinh, ra chúng ta không mang theo gì cả; chết đi chúng ta cũng không mang theo được cái gì cả. Ngạn Ngữ Trung Quốc. Khi hơi thở cuối cùng đã tắt, chính là lúc cánh tay không thể cầm nắm được gì hết, vì thế, tiền tài vật chất, quyền lực là không thể níu giữ, thứ còn ở lại chỉ là tình thương yêu của những người thân thiết. Hoa Kệ Chia Buồn với gam màu trắng chủ đạo là lời yêu thương chân thành gửi đến cố nhân trong giờ sau hết, và cũng là lời an ủi, động viên gia quyến sớm vượt qua nỗi đau thương, tang tóc.</p>
","
<p>Hoa Kệ Chia Buồn gồm Bạch Môn, Lan Hồ Điệp, Phi Yến, Cẩm Tú, Hoa Hồng cùng các loại hoa lá phụ liệu khác.</p>
","Hoa chia buồn","https://hoatuoi360.com/contents/images/Products/hoa-chia-buon/Hoa-Chia-Buon-SSF-049.jpg","Lớn hơn (+30%)","Kích thước",2600000
"v3mo","#SSF046","Hoa Chia Buồn SSF 046","<p><strong>NỐT THĂNG</strong></p>
<p>Sự im lặng tột cùng dẫn tới nỗi buồn. Đây là hình ảnh của cái chết.&nbsp;Jean Jacques Rousseau. Cuộc sống là một bản nhạc có ""nốt thăng"" và ""nốt trầm"", tuy nhiên, nếu tác giả chỉ có những nốt trầm thì bản nhạc ấy sẽ không hay và không được nhớ đến, là một bản nhạc chết. Cuộc đời con người cũng vậy, phải có những nốt thăng yêu thương thì hình ảnh của mình mới sống mãi trong lòng của người khác. Hoa Kệ Chia Buồn với tông trắng trang nhã, sang trọng là lời yêu thương gửi đến người đã khuất, song song đó chính là lời chia buồn gửi đến cho gia quyến.</p>
","
<p>Hoa Kệ Chia Buồn gồm Hoa Hồng, Lan Thái, Hoa Ly, Phi Yến cùng các loại hoa lá phụ liệu khác.</p>
","Hoa chia buồn","https://hoatuoi360.com/contents/images/Products/hoa-chia-buon/Hoa-Chia-Buon-SSF-048.jpg","Bình thường","Kích thước",1000000
"v3mo","#SSF046","Hoa Chia Buồn SSF 046","<p><strong>NỐT THĂNG</strong></p>
<p>Sự im lặng tột cùng dẫn tới nỗi buồn. Đây là hình ảnh của cái chết.&nbsp;Jean Jacques Rousseau. Cuộc sống là một bản nhạc có ""nốt thăng"" và ""nốt trầm"", tuy nhiên, nếu tác giả chỉ có những nốt trầm thì bản nhạc ấy sẽ không hay và không được nhớ đến, là một bản nhạc chết. Cuộc đời con người cũng vậy, phải có những nốt thăng yêu thương thì hình ảnh của mình mới sống mãi trong lòng của người khác. Hoa Kệ Chia Buồn với tông trắng trang nhã, sang trọng là lời yêu thương gửi đến người đã khuất, song song đó chính là lời chia buồn gửi đến cho gia quyến.</p>
","
<p>Hoa Kệ Chia Buồn gồm Hoa Hồng, Lan Thái, Hoa Ly, Phi Yến cùng các loại hoa lá phụ liệu khác.</p>
","Hoa chia buồn","https://hoatuoi360.com/contents/images/Products/hoa-chia-buon/Hoa-Chia-Buon-SSF-048.jpg","Lớn hơn (+30%)","Kích thước",1300000