﻿"id","sku","name","short_description","breadcrumb","images","attribute_0_value","attribute_0_name","regular_price"
"y858","#G001","Cổng hoa G 001","
","Hoa cưới>Cổng hoa","https://hoatuoi360.com/contents/images/Products/cong-hoa/cong-hoa-G-001L.jpg","Bình thường","Kích thước",10000000
"y858","#G001","Cổng hoa G 001","
","Hoa cưới>Cổng hoa","https://hoatuoi360.com/contents/images/Products/cong-hoa/cong-hoa-G-001L.jpg","Lớn hơn (+30%)","Kích thước",13000000
"i08i9","#G002","Cổng hoa G 002","
","Hoa cưới>Cổng hoa","https://hoatuoi360.com/contents/images/Products/cong-hoa/cong-hoa-G-002L.jpg","Bình thường","Kích thước",10000000
"i08i9","#G002","Cổng hoa G 002","
","Hoa cưới>Cổng hoa","https://hoatuoi360.com/contents/images/Products/cong-hoa/cong-hoa-G-002L.jpg","Lớn hơn (+30%)","Kích thước",13000000
"kik81","#G003","Cổng hoa G 003","
","Hoa cưới>Cổng hoa","https://hoatuoi360.com/contents/images/Products/cong-hoa/cong-hoa-G-003L.jpg","Bình thường","Kích thước",10000000
"kik81","#G003","Cổng hoa G 003","
","Hoa cưới>Cổng hoa","https://hoatuoi360.com/contents/images/Products/cong-hoa/cong-hoa-G-003L.jpg","Lớn hơn (+30%)","Kích thước",13000000
"lhnm","#G004","Cổng hoa G 004","
","Hoa cưới>Cổng hoa","https://hoatuoi360.com/contents/images/Products/cong-hoa/cong-hoa-G-004L.jpg","Bình thường","Kích thước",20000000
"lhnm","#G004","Cổng hoa G 004","
","Hoa cưới>Cổng hoa","https://hoatuoi360.com/contents/images/Products/cong-hoa/cong-hoa-G-004L.jpg","Lớn hơn (+30%)","Kích thước",26000000
"w6gh","#G005","Cổng hoa G 005","
","Hoa cưới>Cổng hoa","https://hoatuoi360.com/contents/images/Products/cong-hoa/cong-hoa-G-005L.jpg","Bình thường","Kích thước",15000000
"w6gh","#G005","Cổng hoa G 005","
","Hoa cưới>Cổng hoa","https://hoatuoi360.com/contents/images/Products/cong-hoa/cong-hoa-G-005L.jpg","Lớn hơn (+30%)","Kích thước",19500000
"jrels","#G006","Cổng hoa G 006","
","Hoa cưới>Cổng hoa","https://hoatuoi360.com/contents/images/Products/cong-hoa/cong-hoa-G-006L.jpg","Bình thường","Kích thước",20000000
"jrels","#G006","Cổng hoa G 006","
","Hoa cưới>Cổng hoa","https://hoatuoi360.com/contents/images/Products/cong-hoa/cong-hoa-G-006L.jpg","Lớn hơn (+30%)","Kích thước",26000000
"byhl","#G009","Cổng hoa G 009","
","Hoa cưới>Cổng hoa","https://hoatuoi360.com/contents/images/Products/cong-hoa/cong-hoa-G-009L.jpg","Bình thường","Kích thước",20000000
"byhl","#G009","Cổng hoa G 009","
","Hoa cưới>Cổng hoa","https://hoatuoi360.com/contents/images/Products/cong-hoa/cong-hoa-G-009L.jpg","Lớn hơn (+30%)","Kích thước",26000000
"518ev","#G010","Cổng hoa G 010","
","Hoa cưới>Cổng hoa","https://hoatuoi360.com/contents/images/Products/cong-hoa/cong-hoa-G-010L.jpg","Bình thường","Kích thước",20000000
"518ev","#G010","Cổng hoa G 010","
","Hoa cưới>Cổng hoa","https://hoatuoi360.com/contents/images/Products/cong-hoa/cong-hoa-G-010L.jpg","Lớn hơn (+30%)","Kích thước",26000000
"ghgbc","#G011","Cổng hoa G 011","
","Hoa cưới>Cổng hoa","https://hoatuoi360.com/contents/images/Products/cong-hoa/cong-hoa-G-011L.jpg","Bình thường","Kích thước",10000000
"ghgbc","#G011","Cổng hoa G 011","
","Hoa cưới>Cổng hoa","https://hoatuoi360.com/contents/images/Products/cong-hoa/cong-hoa-G-011L.jpg","Lớn hơn (+30%)","Kích thước",13000000
"vogcg","#G012","Cổng hoa G 012","
","Hoa cưới>Cổng hoa","https://hoatuoi360.com/contents/images/Products/cong-hoa/cong-hoa-G-012L.jpg","Bình thường","Kích thước",10000000
"vogcg","#G012","Cổng hoa G 012","
","Hoa cưới>Cổng hoa","https://hoatuoi360.com/contents/images/Products/cong-hoa/cong-hoa-G-012L.jpg","Lớn hơn (+30%)","Kích thước",13000000
"9p2v","#G013","Cổng hoa G 013","
","Hoa cưới>Cổng hoa","https://hoatuoi360.com/contents/images/Products/cong-hoa/cong-hoa-G-013L.jpg","Bình thường","Kích thước",10000000
"9p2v","#G013","Cổng hoa G 013","
","Hoa cưới>Cổng hoa","https://hoatuoi360.com/contents/images/Products/cong-hoa/cong-hoa-G-013L.jpg","Lớn hơn (+30%)","Kích thước",13000000
"viohk","#G014","Cổng hoa G 014","
","Hoa cưới>Cổng hoa","https://hoatuoi360.com/contents/images/Products/cong-hoa/cong-hoa-G-014L.jpg","Bình thường","Kích thước",15000000
"viohk","#G014","Cổng hoa G 014","
","Hoa cưới>Cổng hoa","https://hoatuoi360.com/contents/images/Products/cong-hoa/cong-hoa-G-014L.jpg","Lớn hơn (+30%)","Kích thước",19500000
"y4sl","#G015","Cổng hoa G 015","
","Hoa cưới>Cổng hoa","https://hoatuoi360.com/contents/images/Products/cong-hoa/cong-hoa-G-015L.jpg","Bình thường","Kích thước",20000000
"y4sl","#G015","Cổng hoa G 015","
","Hoa cưới>Cổng hoa","https://hoatuoi360.com/contents/images/Products/cong-hoa/cong-hoa-G-015L.jpg","Lớn hơn (+30%)","Kích thước",26000000
"jhg3l","#CF001","Xe hoa CF 001","
","Hoa cưới>Xe hoa","https://hoatuoi360.com/contents/images/Products/xe-hoa/xe-hoa-CF-(L)-001.jpg","Bình thường","Kích thước",4000000
"jhg3l","#CF001","Xe hoa CF 001","
","Hoa cưới>Xe hoa","https://hoatuoi360.com/contents/images/Products/xe-hoa/xe-hoa-CF-(L)-001.jpg","Lớn hơn (+30%)","Kích thước",5200000
"i6d1j","#CF002","Xe hoa CF 002","
","Hoa cưới>Xe hoa","https://hoatuoi360.com/contents/images/Products/xe-hoa/xe-hoa-CF-(L)-002.jpg","Bình thường","Kích thước",3000000
"i6d1j","#CF002","Xe hoa CF 002","
","Hoa cưới>Xe hoa","https://hoatuoi360.com/contents/images/Products/xe-hoa/xe-hoa-CF-(L)-002.jpg","Lớn hơn (+30%)","Kích thước",3900000
"4qn8j","#CF003","Xe hoa CF 003","
","Hoa cưới>Xe hoa","https://hoatuoi360.com/contents/images/Products/xe-hoa/xe-hoa-CF-(L)-003.jpg","Bình thường","Kích thước",3000000
"4qn8j","#CF003","Xe hoa CF 003","
","Hoa cưới>Xe hoa","https://hoatuoi360.com/contents/images/Products/xe-hoa/xe-hoa-CF-(L)-003.jpg","Lớn hơn (+30%)","Kích thước",3900000
"7qw8","#CF004","Xe hoa CF 004","
","Hoa cưới>Xe hoa","https://hoatuoi360.com/contents/images/Products/xe-hoa/xe-hoa-CF-(L)-004.jpg","Bình thường","Kích thước",5000000
"7qw8","#CF004","Xe hoa CF 004","
","Hoa cưới>Xe hoa","https://hoatuoi360.com/contents/images/Products/xe-hoa/xe-hoa-CF-(L)-004.jpg","Lớn hơn (+30%)","Kích thước",6500000
"amboe","#CF005","Xe hoa CF 005","
","Hoa cưới>Xe hoa","https://hoatuoi360.com/contents/images/Products/xe-hoa/xe-hoa-CF-(L)-005.jpg","Bình thường","Kích thước",5000000
"amboe","#CF005","Xe hoa CF 005","
","Hoa cưới>Xe hoa","https://hoatuoi360.com/contents/images/Products/xe-hoa/xe-hoa-CF-(L)-005.jpg","Lớn hơn (+30%)","Kích thước",6500000
"yopqq","#CF006","Xe hoa CF 006","
","Hoa cưới>Xe hoa","https://hoatuoi360.com/contents/images/Products/xe-hoa/xe-hoa-CF-(L)-006.jpg","Bình thường","Kích thước",3000000
"yopqq","#CF006","Xe hoa CF 006","
","Hoa cưới>Xe hoa","https://hoatuoi360.com/contents/images/Products/xe-hoa/xe-hoa-CF-(L)-006.jpg","Lớn hơn (+30%)","Kích thước",3900000
"a4ynf","#CF007","Xe hoa CF 007","
","Hoa cưới>Xe hoa","https://hoatuoi360.com/contents/images/Products/xe-hoa/xe-hoa-CF-(L)-007.jpg","Bình thường","Kích thước",4000000
"a4ynf","#CF007","Xe hoa CF 007","
","Hoa cưới>Xe hoa","https://hoatuoi360.com/contents/images/Products/xe-hoa/xe-hoa-CF-(L)-007.jpg","Lớn hơn (+30%)","Kích thước",5200000
"udml","#CF008","Xe hoa CF 008","
","Hoa cưới>Xe hoa","https://hoatuoi360.com/contents/images/Products/xe-hoa/xe-hoa-CF-(L)-008.jpg","Bình thường","Kích thước",5000000
"udml","#CF008","Xe hoa CF 008","
","Hoa cưới>Xe hoa","https://hoatuoi360.com/contents/images/Products/xe-hoa/xe-hoa-CF-(L)-008.jpg","Lớn hơn (+30%)","Kích thước",6500000