﻿"id","sku","name","short_description","breadcrumb","images","attribute_0_value","attribute_0_name","regular_price","description"
"u6ybh","#B120","Hoa Bó B 120","
","Hoa theo chủ đề>Ngày Quốc Tế Phụ Nữ 8/3","https://hoatuoi360.com/contents/images/Products/hoa-bo/lkjkhhgf.jpg","Bình thường","Kích thước",1900000,
"u6ybh","#B120","Hoa Bó B 120","
","Hoa theo chủ đề>Ngày Quốc Tế Phụ Nữ 8/3","https://hoatuoi360.com/contents/images/Products/hoa-bo/lkjkhhgf.jpg","Lớn hơn (+30%)","Kích thước",2470000,
"7xbwb","#B104","Hoa Bó B 104","
","Hoa bó","https://hoatuoi360.com/contents/images/Products/hoa-bo/hoa-bo-ht-111.jpg","Bình thường","Kích thước",3000000,
"7xbwb","#B104","Hoa Bó B 104","
","Hoa bó","https://hoatuoi360.com/contents/images/Products/hoa-bo/hoa-bo-ht-111.jpg","Lớn hơn (+30%)","Kích thước",3900000,
"xktzo","#B18101","Hoa Bó B 18101","
<p>Bó hoa <strong>Hy Vọng</strong> gồm 1 Hoa Hướng Dương to tròn cùng các hoa lá phụ liệu khác.</p>
","Hoa theo chủ đề>Ngày Quốc Tế Phụ Nữ 8/3","https://hoatuoi360.com/contents/images/Products/hoa-bo/112a.JPG","Bình thường","Kích thước",70000,"<p style=""margin-left:9.0pt;""><strong>HY VỌNG</strong></p>
<p style=""margin-left:9.0pt;"">Hoa Hướng Dương là loài hoa luôn quay theo hướng mặt trời, khi đạt đến chiều cao bằng người, các cây luôn hướng về phía đông cho một khởi đầu mới, để được sưởi ấm từ mặt trời nhằm thu hút các côn trùng thụ phấn.</p>
<p style=""margin-left:9.0pt;"">Vì thế, bó hoa Hướng Dương luôn mang ý nghĩa của niềm tin và hy&nbsp;vọng. Đây chính là món quà ý nghĩa dành cho những người bạn trân trọng vào dịp Quốc tế phụ nữ, Sinh nhật, ....</p>
<p style=""margin-left:9.0pt;"">Lưu ý: Tối thiểu 5 bó hoa cho 1 đơn hàng.</p>
"
"xktzo","#B18101","Hoa Bó B 18101","
<p>Bó hoa <strong>Hy Vọng</strong> gồm 1 Hoa Hướng Dương to tròn cùng các hoa lá phụ liệu khác.</p>
","Hoa theo chủ đề>Ngày Quốc Tế Phụ Nữ 8/3","https://hoatuoi360.com/contents/images/Products/hoa-bo/112a.JPG","Lớn hơn (+30%)","Kích thước",91000,"<p style=""margin-left:9.0pt;""><strong>HY VỌNG</strong></p>
<p style=""margin-left:9.0pt;"">Hoa Hướng Dương là loài hoa luôn quay theo hướng mặt trời, khi đạt đến chiều cao bằng người, các cây luôn hướng về phía đông cho một khởi đầu mới, để được sưởi ấm từ mặt trời nhằm thu hút các côn trùng thụ phấn.</p>
<p style=""margin-left:9.0pt;"">Vì thế, bó hoa Hướng Dương luôn mang ý nghĩa của niềm tin và hy&nbsp;vọng. Đây chính là món quà ý nghĩa dành cho những người bạn trân trọng vào dịp Quốc tế phụ nữ, Sinh nhật, ....</p>
<p style=""margin-left:9.0pt;"">Lưu ý: Tối thiểu 5 bó hoa cho 1 đơn hàng.</p>
"
"rjhdq","#B107","Hoa Bó B 107","
","Hoa bó","https://hoatuoi360.com/contents/images/Products/hoa-bo/DSC_0040.jpg","Bình thường","Kích thước",1500000,
"rjhdq","#B107","Hoa Bó B 107","
","Hoa bó","https://hoatuoi360.com/contents/images/Products/hoa-bo/DSC_0040.jpg","Lớn hơn (+30%)","Kích thước",1950000,
"iu7qg","#B18001","Hoa Bó B 18001","
<p>Bó hoa <strong>May Mắn</strong> gồm 22 Hoa Hồng trắng, Gấu con cùng các hoa lá phụ liệu khác được gói cẩn thận trong những tờ giấy gói duyên dáng.</p>
","Hoa theo chủ đề>Ngày Quốc Tế Phụ Nữ 8/3","https://hoatuoi360.com/contents/images/Products/hoa-bo/B%2018001.JPG","Bình thường","Kích thước",1000000,"<p style=""margin-left:9.0pt;""><strong>MAY MẮN</strong></p>
<p style=""margin-left:9.0pt;"">Hoa Hồng trắng thể hiện một tình cảm&nbsp;trong sáng và tinh tế. 22 Hoa Hồng trắng gửi đi lời chúc may mắn đến những người thân yêu.&nbsp;</p>
<p style=""margin-left:9.0pt;"">Món quà không những thích hợp tặng cho người thương để thể hiện tình yêu thuần khiết, tặng bạn bè thể hiện lòng quý mến chân thành mà còn thích hợp tặng cho người mẹ, người cô,&nbsp;người chị, sếp nữ,...&nbsp;để thể hiện sự quý trọng, yêu kính trong những dịp lễ đặc biệt.</p>
<p style=""margin-left:9.0pt;"">&nbsp;</p>
"
"iu7qg","#B18001","Hoa Bó B 18001","
<p>Bó hoa <strong>May Mắn</strong> gồm 22 Hoa Hồng trắng, Gấu con cùng các hoa lá phụ liệu khác được gói cẩn thận trong những tờ giấy gói duyên dáng.</p>
","Hoa theo chủ đề>Ngày Quốc Tế Phụ Nữ 8/3","https://hoatuoi360.com/contents/images/Products/hoa-bo/B%2018001.JPG","Lớn hơn (+30%)","Kích thước",1300000,"<p style=""margin-left:9.0pt;""><strong>MAY MẮN</strong></p>
<p style=""margin-left:9.0pt;"">Hoa Hồng trắng thể hiện một tình cảm&nbsp;trong sáng và tinh tế. 22 Hoa Hồng trắng gửi đi lời chúc may mắn đến những người thân yêu.&nbsp;</p>
<p style=""margin-left:9.0pt;"">Món quà không những thích hợp tặng cho người thương để thể hiện tình yêu thuần khiết, tặng bạn bè thể hiện lòng quý mến chân thành mà còn thích hợp tặng cho người mẹ, người cô,&nbsp;người chị, sếp nữ,...&nbsp;để thể hiện sự quý trọng, yêu kính trong những dịp lễ đặc biệt.</p>
<p style=""margin-left:9.0pt;"">&nbsp;</p>
"
"q0ua","#B086","Hoa Bó B 086","
","Hoa bó","https://hoatuoi360.com/contents/images/Products/hoa-bo/Hoa-Bo-B-086.jpg","Bình thường","Kích thước",500000,
"q0ua","#B086","Hoa Bó B 086","
","Hoa bó","https://hoatuoi360.com/contents/images/Products/hoa-bo/Hoa-Bo-B-086.jpg","Lớn hơn (+30%)","Kích thước",650000,
"pdtk","#B18002","Hoa Bó B 18002","
<p>Món quà hoa <strong>Mặn Mà</strong> gồm 11 Bông Hồng đỏ cùng các loại hoa lá phụ liệu khác.</p>
","Hoa theo chủ đề>Ngày Quốc Tế Phụ Nữ 8/3","https://hoatuoi360.com/contents/images/Products/hoa-bo/b%2018002.jpg","Bình thường","Kích thước",500000,"<p style=""margin-left:9.0pt;""><strong>MẶN MÀ</strong></p>
<p style=""margin-left:9.0pt;"">Hoa Hồng đỏ từ lâu đã tượng trưng cho một tình yêu mãnh liệt và đậm đà bày tỏ sự hạnh phúc vinh dự. Trong các mối quan hệ của các cặp đôi thì một bó Hoa Hồng đỏ sẽ thể hiện một khởi đầu lãng mạn và một tình yêu bền vững vượt thời gian.</p>
<p style=""margin-left:9.0pt;"">Hiện nay, việc tặng hoa ngày càng được phổ biến, người ta không chỉ tặng hoa hồng đỏ đơn thuần để thể hiện tình cảm nam nữ mà còn thể hiện tình cảm mặn mà không bờ bến đối với những người ta dành hết tình cảm yêu thương như mẹ, chị, em,… trong những dịp lễ đặc biệt như dịp Sinh nhật, Ngày Phụ Nữ, Chúc mừng,...</p>
<p style=""margin-left:9.0pt;"">&nbsp;</p>
"
"pdtk","#B18002","Hoa Bó B 18002","
<p>Món quà hoa <strong>Mặn Mà</strong> gồm 11 Bông Hồng đỏ cùng các loại hoa lá phụ liệu khác.</p>
","Hoa theo chủ đề>Ngày Quốc Tế Phụ Nữ 8/3","https://hoatuoi360.com/contents/images/Products/hoa-bo/b%2018002.jpg","Lớn hơn (+30%)","Kích thước",650000,"<p style=""margin-left:9.0pt;""><strong>MẶN MÀ</strong></p>
<p style=""margin-left:9.0pt;"">Hoa Hồng đỏ từ lâu đã tượng trưng cho một tình yêu mãnh liệt và đậm đà bày tỏ sự hạnh phúc vinh dự. Trong các mối quan hệ của các cặp đôi thì một bó Hoa Hồng đỏ sẽ thể hiện một khởi đầu lãng mạn và một tình yêu bền vững vượt thời gian.</p>
<p style=""margin-left:9.0pt;"">Hiện nay, việc tặng hoa ngày càng được phổ biến, người ta không chỉ tặng hoa hồng đỏ đơn thuần để thể hiện tình cảm nam nữ mà còn thể hiện tình cảm mặn mà không bờ bến đối với những người ta dành hết tình cảm yêu thương như mẹ, chị, em,… trong những dịp lễ đặc biệt như dịp Sinh nhật, Ngày Phụ Nữ, Chúc mừng,...</p>
<p style=""margin-left:9.0pt;"">&nbsp;</p>
"
"vc0t","#B118","Hoa bó B 118","
<p>Sản phẩm gồm 1 Hoa Hồng Ecuador cùng các phụ liệu khác.</p>
","Hoa theo chủ đề>Ngày Phụ Nữ Việt Nam 20/10","https://hoatuoi360.com/contents/images/Products/hoa-bo/B%20118.jpg","Bình thường","Kích thước",150000,"<p style=""margin-left:9.0pt;""><strong>NGỌC TRAI</strong></p>
<p style=""margin-left:9.0pt;"">Ecuador là một quốc gia thuộc Đông Nam Mĩ, giáp với Thái Bình Dương và gần đường xích đạo, có khí hậu rất thuận lợi cho việc trồng và sản xuất hoa hồng. Hoa hồng Ecuador sẵn sàng đánh bật các loài hoa hồng khác với chiều cao khủng của nó, một cây hoa hồng Ecuador có chiều cao từ 80 – 150cm.</p>
<p style=""margin-left:9.0pt;"">Với sắc đỏ nồng nàn, lá dày và độ tỏa bông rậm, bông hoa to, chỉ cần 1 bông Ecuador cũng đủ tạo nên sự nổi bật giữa các cành lá phụ, như viên ngọc trai sáng lấp lánh dưới đáy đại dương. Bó Ecuador một bông mang đến thông điệp tình yêu thương duy nhất, không chỉ gửi gắm tình cảm chân thật của chàng trai đối với cô gái, mà hơn thế, nó còn là món quà ý nghĩa gửi đến cha mẹ, bạn bè hay tình yêu mến thầy cô trong những dịp đặc biệt.</p>
"
"vc0t","#B118","Hoa bó B 118","
<p>Sản phẩm gồm 1 Hoa Hồng Ecuador cùng các phụ liệu khác.</p>
","Hoa theo chủ đề>Ngày Phụ Nữ Việt Nam 20/10","https://hoatuoi360.com/contents/images/Products/hoa-bo/B%20118.jpg","Lớn hơn (+30%)","Kích thước",195000,"<p style=""margin-left:9.0pt;""><strong>NGỌC TRAI</strong></p>
<p style=""margin-left:9.0pt;"">Ecuador là một quốc gia thuộc Đông Nam Mĩ, giáp với Thái Bình Dương và gần đường xích đạo, có khí hậu rất thuận lợi cho việc trồng và sản xuất hoa hồng. Hoa hồng Ecuador sẵn sàng đánh bật các loài hoa hồng khác với chiều cao khủng của nó, một cây hoa hồng Ecuador có chiều cao từ 80 – 150cm.</p>
<p style=""margin-left:9.0pt;"">Với sắc đỏ nồng nàn, lá dày và độ tỏa bông rậm, bông hoa to, chỉ cần 1 bông Ecuador cũng đủ tạo nên sự nổi bật giữa các cành lá phụ, như viên ngọc trai sáng lấp lánh dưới đáy đại dương. Bó Ecuador một bông mang đến thông điệp tình yêu thương duy nhất, không chỉ gửi gắm tình cảm chân thật của chàng trai đối với cô gái, mà hơn thế, nó còn là món quà ý nghĩa gửi đến cha mẹ, bạn bè hay tình yêu mến thầy cô trong những dịp đặc biệt.</p>
"
"wqgz","#B109","Hoa Bó B 109","
","Hoa bó","https://hoatuoi360.com/contents/images/Products/hoa-bo/DSC_0248.jpg","Bình thường","Kích thước",500000,
"wqgz","#B109","Hoa Bó B 109","
","Hoa bó","https://hoatuoi360.com/contents/images/Products/hoa-bo/DSC_0248.jpg","Lớn hơn (+30%)","Kích thước",650000,
"vpg59","#B117","Hoa Bó B 117","
<p>Bó hồng Ecuador và hoa lá phụ...</p>
","Hoa theo chủ đề>Ngày Quốc Tế Phụ Nữ 8/3","https://hoatuoi360.com/contents/images/Products/hoa-bo/Hoa-Bo-B-116.jpg","Bình thường","Kích thước",1000000,
"vpg59","#B117","Hoa Bó B 117","
<p>Bó hồng Ecuador và hoa lá phụ...</p>
","Hoa theo chủ đề>Ngày Quốc Tế Phụ Nữ 8/3","https://hoatuoi360.com/contents/images/Products/hoa-bo/Hoa-Bo-B-116.jpg","Lớn hơn (+30%)","Kích thước",1300000,
"dauwc","#B110","Hoa Bó B 110","
","Hoa bó","https://hoatuoi360.com/contents/images/Products/hoa-bo/DSC_0257.jpg","Bình thường","Kích thước",500000,
"dauwc","#B110","Hoa Bó B 110","
","Hoa bó","https://hoatuoi360.com/contents/images/Products/hoa-bo/DSC_0257.jpg","Lớn hơn (+30%)","Kích thước",650000,
"w4l2w","#B106","Hoa Bó B 106","
<p>Tình yêu vĩnh cữu với 99 bông hồng...</p>
","Hoa theo chủ đề>Ngày Phụ Nữ Việt Nam 20/10","https://hoatuoi360.com/contents/images/Products/hoa-bo/hoa-hop-bx-106.jpg","Bình thường","Kích thước",3000000,
"w4l2w","#B106","Hoa Bó B 106","
<p>Tình yêu vĩnh cữu với 99 bông hồng...</p>
","Hoa theo chủ đề>Ngày Phụ Nữ Việt Nam 20/10","https://hoatuoi360.com/contents/images/Products/hoa-bo/hoa-hop-bx-106.jpg","Lớn hơn (+30%)","Kích thước",3900000,
"kd8o","#B119","Hoa bó B 119","
","Hoa bó","https://hoatuoi360.com/contents/images/Products/kkhgd.jpg","Bình thường","Kích thước",1500000,
"kd8o","#B119","Hoa bó B 119","
","Hoa bó","https://hoatuoi360.com/contents/images/Products/kkhgd.jpg","Lớn hơn (+30%)","Kích thước",1950000,
"f3zmm","#B116","Hoa bó B 116","
","Hoa theo chủ đề>Ngày Quốc Tế Phụ Nữ 8/3","https://hoatuoi360.com/contents/images/Products/hoa-bo/Hoa-Bo-B-115.jpg","Bình thường","Kích thước",900000,
"f3zmm","#B116","Hoa bó B 116","
","Hoa theo chủ đề>Ngày Quốc Tế Phụ Nữ 8/3","https://hoatuoi360.com/contents/images/Products/hoa-bo/Hoa-Bo-B-115.jpg","Lớn hơn (+30%)","Kích thước",1170000,
"7slwe","#B114","Hoa bó B114","
","Hoa theo chủ đề>Ngày Quốc Tế Phụ Nữ 8/3","https://hoatuoi360.com/contents/images/Products/hoa-bo/Hoa-Bo-B-113.jpg","Bình thường","Kích thước",1500000,
"7slwe","#B114","Hoa bó B114","
","Hoa theo chủ đề>Ngày Quốc Tế Phụ Nữ 8/3","https://hoatuoi360.com/contents/images/Products/hoa-bo/Hoa-Bo-B-113.jpg","Lớn hơn (+30%)","Kích thước",1950000,
"osnbe","#B113","Hoa bó B 113","
<p>Bó 1 bông hồng Ecuador và hoa lá phụ</p>
","Hoa bó","https://hoatuoi360.com/contents/images/Products/hoa-bo/Hoa-Bo-B-108.jpg","Bình thường","Kích thước",150000,"<p>Tối thiểu 2 bó cho 1 đơn hàng.</p>
"
"osnbe","#B113","Hoa bó B 113","
<p>Bó 1 bông hồng Ecuador và hoa lá phụ</p>
","Hoa bó","https://hoatuoi360.com/contents/images/Products/hoa-bo/Hoa-Bo-B-108.jpg","Lớn hơn (+30%)","Kích thước",195000,"<p>Tối thiểu 2 bó cho 1 đơn hàng.</p>
"
"5cp9q","#B112","Hoa bó B 112","
","Hoa bó","https://hoatuoi360.com/contents/images/Products/hoa-bo/DSC_0269.jpg","Bình thường","Kích thước",900000,
"5cp9q","#B112","Hoa bó B 112","
","Hoa bó","https://hoatuoi360.com/contents/images/Products/hoa-bo/DSC_0269.jpg","Lớn hơn (+30%)","Kích thước",1170000,
"7w98","#B18100","Hoa bó B 18100","
<p>Bó Hoa <strong>Say Đắm</strong>&nbsp;gồm 1 Hoa Hồng đỏ, Hoa Bi&nbsp;cùng các hoa lá phụ liệu khác được thiết kế đơn giản nhưng không kém phần tinh tế và sang trọng.</p>
<p>&nbsp;</p>
","Hoa theo chủ đề>Ngày Quốc Tế Phụ Nữ 8/3","https://hoatuoi360.com/contents/images/Products/hoa-bo/Hoa-bo-B-121.jpg","Bình thường","Kích thước",30000,"<p style=""margin-left:9.0pt;""><strong>SAY ĐẮM</strong></p>
<p style=""margin-left:9.0pt;"">Hoa hồng đỏ sa sa mang màu sắc đỏ tươi, thường nhỏ hơn hoa hồng thường một chút. Nếu như hoa hồng nhập hay hoa hồng thường mang đến sắc đỏ thẫm quyền lực và nồng cháy, thì hoa hồng sa sa lại mang đến màu đỏ tươi mới mà gần gũi.</p>
<p style=""margin-left:9.0pt;"">Một đóa hồng sa sa nhỏ nhắn như ánh mắt e thẹn của người phụ nữ, sẽ khiến cánh mài râu say đắm từ phút giây đầu tiên.&nbsp;<strong>Say Đắm</strong>&nbsp;là món quà tuy đơn giản nhưng ý nghĩa to lớn đối với những người phụ nữ mà bạn quý trọng.</p>
<p style=""margin-left:9.0pt;""><em>Lưu ý: Tối thiểu 10 bó trên 1 đơn hàng</em></p>
"
"7w98","#B18100","Hoa bó B 18100","
<p>Bó Hoa <strong>Say Đắm</strong>&nbsp;gồm 1 Hoa Hồng đỏ, Hoa Bi&nbsp;cùng các hoa lá phụ liệu khác được thiết kế đơn giản nhưng không kém phần tinh tế và sang trọng.</p>
<p>&nbsp;</p>
","Hoa theo chủ đề>Ngày Quốc Tế Phụ Nữ 8/3","https://hoatuoi360.com/contents/images/Products/hoa-bo/Hoa-bo-B-121.jpg","Lớn hơn (+30%)","Kích thước",39000,"<p style=""margin-left:9.0pt;""><strong>SAY ĐẮM</strong></p>
<p style=""margin-left:9.0pt;"">Hoa hồng đỏ sa sa mang màu sắc đỏ tươi, thường nhỏ hơn hoa hồng thường một chút. Nếu như hoa hồng nhập hay hoa hồng thường mang đến sắc đỏ thẫm quyền lực và nồng cháy, thì hoa hồng sa sa lại mang đến màu đỏ tươi mới mà gần gũi.</p>
<p style=""margin-left:9.0pt;"">Một đóa hồng sa sa nhỏ nhắn như ánh mắt e thẹn của người phụ nữ, sẽ khiến cánh mài râu say đắm từ phút giây đầu tiên.&nbsp;<strong>Say Đắm</strong>&nbsp;là món quà tuy đơn giản nhưng ý nghĩa to lớn đối với những người phụ nữ mà bạn quý trọng.</p>
<p style=""margin-left:9.0pt;""><em>Lưu ý: Tối thiểu 10 bó trên 1 đơn hàng</em></p>
"
"au4yv","#B108","Hoa bó B 108","
","Hoa bó","https://hoatuoi360.com/contents/images/Products/hoa-bo/DSC_0026.jpg","Bình thường","Kích thước",1500000,
"au4yv","#B108","Hoa bó B 108","
","Hoa bó","https://hoatuoi360.com/contents/images/Products/hoa-bo/DSC_0026.jpg","Lớn hơn (+30%)","Kích thước",1950000,
"cnan","#B105","Hoa bó B 105","
","Hoa bó","https://hoatuoi360.com/contents/images/Products/hoa-bo/Hoa-Bo-B-105_1.jpg","Bình thường","Kích thước",890000,
"cnan","#B105","Hoa bó B 105","
","Hoa bó","https://hoatuoi360.com/contents/images/Products/hoa-bo/Hoa-Bo-B-105_1.jpg","Lớn hơn (+30%)","Kích thước",1157000,