﻿"id","sku","name","description","short_description","breadcrumb","images","attribute_0_value","attribute_0_name","regular_price"
"f695p","#V120","Hoa bình V 120","<p><strong>SỨC SỐNG MỚI</strong></p>
<p>Được biến đến là màu của sức khỏe, của sự thư giãn, tông màu xanh luôn luôn mang đến cho người nhìn một cảm giác sảng khoái và thư thái. Chắc chắn, hoa bình với tông xanh tươi mát này sẽ làm không gian của bạn tràn đầy sức sống.</p>
","
<p>Hoa Bình có chút phá cách với Táo xanh, Wicky, Cúc Tia xanh, Cát tường, Phi yến cùng các loại hoa lá phụ liệu khác.</p>
","Hoa bình","https://hoatuoi360.com/contents/images/Products/hoa-binh/hoa-binh-v-120.jpg","Bình thường","Kích thước",2250000
"f695p","#V120","Hoa bình V 120","<p><strong>SỨC SỐNG MỚI</strong></p>
<p>Được biến đến là màu của sức khỏe, của sự thư giãn, tông màu xanh luôn luôn mang đến cho người nhìn một cảm giác sảng khoái và thư thái. Chắc chắn, hoa bình với tông xanh tươi mát này sẽ làm không gian của bạn tràn đầy sức sống.</p>
","
<p>Hoa Bình có chút phá cách với Táo xanh, Wicky, Cúc Tia xanh, Cát tường, Phi yến cùng các loại hoa lá phụ liệu khác.</p>
","Hoa bình","https://hoatuoi360.com/contents/images/Products/hoa-binh/hoa-binh-v-120.jpg","Lớn hơn (+30%)","Kích thước",2925000
"r7z7w","#G18013","Hoa Bình G 18013","<p><strong>THÂN THUỘC</strong></p>
<p>Hoa Hồng Sa Mạc có&nbsp;tên gọi khác là Hoa Bắp Cải. Từ sự kết hợp của Hoa Bắp Cải, Hoa Hồng và Lan Vũ,&nbsp;Bình Hoa vừa lạ lẫm, vừa quen thuộc với thông điệp ""Hạnh phúc ở quanh đây"".</p>
<p>Trong những dịp lễ như Quốc tế Phụ nữ, sinh nhật,... Món quà được sử dụng như một lời nói yêu thương chân thành gửi đến những người phụ nữ. Bình hoa thích hợp để tô điểm cho những&nbsp;cô nàng công sở thêm nữ tính, điệu đà.</p>
","
<p>Hoa Bình <strong>Thân Thuộc </strong>gồm Lan Vũ Nữ, Hoa Hồng, Hồng Sa mạc, Táo cùng các loại hoa lá phụ liệu khác.</p>
","Hoa theo chủ đề>Ngày Quốc Tế Phụ Nữ 8/3","https://hoatuoi360.com/contents/images/Products/hoa-binh/G%2018013.JPG","Bình thường","Kích thước",1000000
"r7z7w","#G18013","Hoa Bình G 18013","<p><strong>THÂN THUỘC</strong></p>
<p>Hoa Hồng Sa Mạc có&nbsp;tên gọi khác là Hoa Bắp Cải. Từ sự kết hợp của Hoa Bắp Cải, Hoa Hồng và Lan Vũ,&nbsp;Bình Hoa vừa lạ lẫm, vừa quen thuộc với thông điệp ""Hạnh phúc ở quanh đây"".</p>
<p>Trong những dịp lễ như Quốc tế Phụ nữ, sinh nhật,... Món quà được sử dụng như một lời nói yêu thương chân thành gửi đến những người phụ nữ. Bình hoa thích hợp để tô điểm cho những&nbsp;cô nàng công sở thêm nữ tính, điệu đà.</p>
","
<p>Hoa Bình <strong>Thân Thuộc </strong>gồm Lan Vũ Nữ, Hoa Hồng, Hồng Sa mạc, Táo cùng các loại hoa lá phụ liệu khác.</p>
","Hoa theo chủ đề>Ngày Quốc Tế Phụ Nữ 8/3","https://hoatuoi360.com/contents/images/Products/hoa-binh/G%2018013.JPG","Lớn hơn (+30%)","Kích thước",1300000
"4wer","#G18015","Hoa Bình G 18015","<p style=""margin-left:9.0pt;""><strong>THÂN THIẾT</strong></p>
<p style=""margin-left:9.0pt;"">Từ ngàn đời nay, người Việt luôn đặt hòa khí lên đầu “Dĩ hòa vi quý”. Trong tiếng Hoa, quả táo phát âm là “bình”, có nghĩa là hòa bình. Vì thế, việc chưng hay tặng quả táo như cầu nối tình cảm, mang lại không khí tươi vui, mong muốn hợp tác bền lâu.</p>
<p style=""margin-left:9.0pt;"">Quả táo kết hợp với hoa hồng cùng các hoa, lá phụ chắc chắn sẽ mang đến niềm vui cho nửa kia của thế giới khi nhận được trong những dịp lễ đặc biệt như Quốc tế Phụ nữ, sinh nhật,...</p>
","
<p>Hoa Bình <strong>Thân Thiết </strong>gồm Lan Hồ Điệp, Hoa Hồng, Hoa Tú Cầu, Bi cùng các loại hoa lá phụ liệu khác được đặt trong 1 bình thiên thần xinh xắn.</p>
","Hoa theo chủ đề>Ngày Quốc Tế Phụ Nữ 8/3","https://hoatuoi360.com/contents/images/Products/hoa-binh/G%2018015.jpg","Bình thường","Kích thước",1000000
"4wer","#G18015","Hoa Bình G 18015","<p style=""margin-left:9.0pt;""><strong>THÂN THIẾT</strong></p>
<p style=""margin-left:9.0pt;"">Từ ngàn đời nay, người Việt luôn đặt hòa khí lên đầu “Dĩ hòa vi quý”. Trong tiếng Hoa, quả táo phát âm là “bình”, có nghĩa là hòa bình. Vì thế, việc chưng hay tặng quả táo như cầu nối tình cảm, mang lại không khí tươi vui, mong muốn hợp tác bền lâu.</p>
<p style=""margin-left:9.0pt;"">Quả táo kết hợp với hoa hồng cùng các hoa, lá phụ chắc chắn sẽ mang đến niềm vui cho nửa kia của thế giới khi nhận được trong những dịp lễ đặc biệt như Quốc tế Phụ nữ, sinh nhật,...</p>
","
<p>Hoa Bình <strong>Thân Thiết </strong>gồm Lan Hồ Điệp, Hoa Hồng, Hoa Tú Cầu, Bi cùng các loại hoa lá phụ liệu khác được đặt trong 1 bình thiên thần xinh xắn.</p>
","Hoa theo chủ đề>Ngày Quốc Tế Phụ Nữ 8/3","https://hoatuoi360.com/contents/images/Products/hoa-binh/G%2018015.jpg","Lớn hơn (+30%)","Kích thước",1300000
"xfuf9","#V128","Hoa bình V 128","<p><strong>HƯNG PHẤN</strong></p>
<p>Sự kết hợp của các tông màu nóng luôn luôn tạo cảm giác bắt mắt, vui tươi khiến người nhận có thêm niềm hưng phấn trong công việc. Với sắc vàng của Hoa Lily, Lan Mokara, sắc đỏ của Hồng Môn và Hoa Hồng, nhờ bàn tay khéo léo của các nghệ nhân, Hoa Bình&nbsp;mang&nbsp;trở nên tráng lệ phù&nbsp;hợp với các dịp lễ Khai Trương, Thăng chức,...&nbsp;</p>
","
<p>Hoành tráng với Lan Vũ Nũ, Mokara, Hồng Môn, Hồng ...và các hoa lá phụ.</p>
","Hoa bình","https://hoatuoi360.com/contents/images/Products/hoa-binh/Hoa-binhV-125.jpg","Bình thường","Kích thước",3000000
"xfuf9","#V128","Hoa bình V 128","<p><strong>HƯNG PHẤN</strong></p>
<p>Sự kết hợp của các tông màu nóng luôn luôn tạo cảm giác bắt mắt, vui tươi khiến người nhận có thêm niềm hưng phấn trong công việc. Với sắc vàng của Hoa Lily, Lan Mokara, sắc đỏ của Hồng Môn và Hoa Hồng, nhờ bàn tay khéo léo của các nghệ nhân, Hoa Bình&nbsp;mang&nbsp;trở nên tráng lệ phù&nbsp;hợp với các dịp lễ Khai Trương, Thăng chức,...&nbsp;</p>
","
<p>Hoành tráng với Lan Vũ Nũ, Mokara, Hồng Môn, Hồng ...và các hoa lá phụ.</p>
","Hoa bình","https://hoatuoi360.com/contents/images/Products/hoa-binh/Hoa-binhV-125.jpg","Lớn hơn (+30%)","Kích thước",3900000
"zsxr7","#V129","Hoa bình V 129","<p><strong>HOÀNG GIA</strong></p>
<p>Phần lớn mọi người đều muốn rằng không gian sống của mình thật thoải mái và tiện nghi, hơn thế là sang trọng và đẳng cấp, vì thế đặt hoa bình này của hoatuoi360.com trong phòng khách hay trong phòng làm việc sẽ khiến mọi thứ bừng sáng, tạo cho bạn cảm giác sảng khoái và hưng phấn nhất.</p>
","
<p>Phong cách Hoàng Gia với Hồ Điệp, Cẩm Tú Cầu, Hồng...cùng các hoa lá phụ khác.</p>
","Hoa theo chủ đề>Ngày Quốc Tế Phụ Nữ 8/3","https://hoatuoi360.com/contents/images/Products/hoa-binh/Hoa-binh-V-126.jpg","Bình thường","Kích thước",3000000
"zsxr7","#V129","Hoa bình V 129","<p><strong>HOÀNG GIA</strong></p>
<p>Phần lớn mọi người đều muốn rằng không gian sống của mình thật thoải mái và tiện nghi, hơn thế là sang trọng và đẳng cấp, vì thế đặt hoa bình này của hoatuoi360.com trong phòng khách hay trong phòng làm việc sẽ khiến mọi thứ bừng sáng, tạo cho bạn cảm giác sảng khoái và hưng phấn nhất.</p>
","
<p>Phong cách Hoàng Gia với Hồ Điệp, Cẩm Tú Cầu, Hồng...cùng các hoa lá phụ khác.</p>
","Hoa theo chủ đề>Ngày Quốc Tế Phụ Nữ 8/3","https://hoatuoi360.com/contents/images/Products/hoa-binh/Hoa-binh-V-126.jpg","Lớn hơn (+30%)","Kích thước",3900000
"0fts9","#V127","Hoa bình V 127",,"
","Hoa bình","https://hoatuoi360.com/contents/images/Products/hoa-binh/Hoa-binh-V-124.jpg","Bình thường","Kích thước",3900000
"0fts9","#V127","Hoa bình V 127",,"
","Hoa bình","https://hoatuoi360.com/contents/images/Products/hoa-binh/Hoa-binh-V-124.jpg","Lớn hơn (+30%)","Kích thước",5070000
"v4575","#G18011","Hoa Bình G 18011","<p><b>TINH KHÔI</b></p>
<p>Một tình yêu ban sơ - một tình yêu xuất phát từ một tình bạn thân thiết, trong sáng, hồn nhiên và mơ mộng, cũng chính là ý nghĩa của những bông hoa hồng cam ngọt ngào. Điểm thêm sắc trắng của những đóa Lan Hồ Điệp, Cẩm Tú, bó hoa như thay lời nhắn nhủ rằng người ấy vô cùng quan trọng, bạn luôn lo lắng, quan tâm và cổ vũ cho người ấy.</p>
<p>Hoa Bình thích hợp để tặng cho phái yếu trong những dịp đặc biệt như Quốc tế Phụ nữ, sinh nhật,... Chắc chắn người ấy sẽ rất bất ngờ và vui sướng khi nhận được món quà độc đáo này.</p>
<p style=""margin-left:9.0pt;"">&nbsp;</p>
<p style=""margin-left:9.0pt;"">&nbsp;</p>
","
<p>Hoa Bình <strong>Thuần Khiết </strong>gồm Lan Hồ Điệp, Hoa Hồng, Phi Yến, Táo xanh cùng các loại hoa lá phụ liệu khác trên bình cổ điển.</p>
","Hoa theo chủ đề>Ngày Quốc Tế Phụ Nữ 8/3","https://hoatuoi360.com/contents/images/Products/hoa-binh/G%2018011.jpg","Bình thường","Kích thước",2500000
"v4575","#G18011","Hoa Bình G 18011","<p><b>TINH KHÔI</b></p>
<p>Một tình yêu ban sơ - một tình yêu xuất phát từ một tình bạn thân thiết, trong sáng, hồn nhiên và mơ mộng, cũng chính là ý nghĩa của những bông hoa hồng cam ngọt ngào. Điểm thêm sắc trắng của những đóa Lan Hồ Điệp, Cẩm Tú, bó hoa như thay lời nhắn nhủ rằng người ấy vô cùng quan trọng, bạn luôn lo lắng, quan tâm và cổ vũ cho người ấy.</p>
<p>Hoa Bình thích hợp để tặng cho phái yếu trong những dịp đặc biệt như Quốc tế Phụ nữ, sinh nhật,... Chắc chắn người ấy sẽ rất bất ngờ và vui sướng khi nhận được món quà độc đáo này.</p>
<p style=""margin-left:9.0pt;"">&nbsp;</p>
<p style=""margin-left:9.0pt;"">&nbsp;</p>
","
<p>Hoa Bình <strong>Thuần Khiết </strong>gồm Lan Hồ Điệp, Hoa Hồng, Phi Yến, Táo xanh cùng các loại hoa lá phụ liệu khác trên bình cổ điển.</p>
","Hoa theo chủ đề>Ngày Quốc Tế Phụ Nữ 8/3","https://hoatuoi360.com/contents/images/Products/hoa-binh/G%2018011.jpg","Lớn hơn (+30%)","Kích thước",3250000
"6jl5w","#V130","Hoa bình V 130",,"
","Hoa theo chủ đề>Ngày Phụ Nữ Việt Nam 20/10","https://hoatuoi360.com/contents/images/Products/hoa-binh/Hoa-Binh-V-130.jpg","Bình thường","Kích thước",1000000
"6jl5w","#V130","Hoa bình V 130",,"
","Hoa theo chủ đề>Ngày Phụ Nữ Việt Nam 20/10","https://hoatuoi360.com/contents/images/Products/hoa-binh/Hoa-Binh-V-130.jpg","Lớn hơn (+30%)","Kích thước",1300000
"tvcm9","#G18014","Hoa Bình G 18014","<p><strong>MỚI MẺ </strong></p>
<p>Hoa hồng vàng là loài hoa dành cho sự khởi đầu mới trong công việc và cuộc sống thường ngày. Vì vậy trong những dịp lễ như Quốc tế Phụ nữ, sinh nhật chúc mừng, khai trương,...bạn có thể tặng hồng vàng như một cách thể hiện tình cảm yêu quý, hơn thế là một lời khen ngợi, chúc mừng cho khởi đầu tốt đẹp, thuận lợi của họ.</p>
<p>&nbsp;</p>
","
<p>Hoa Bình <strong>Mới Mẻ</strong> gồm Lan Vũ Nữ, Hoa Hồng, Táo cùng các loại hoa lá phụ liệu khác.</p>
","Hoa theo chủ đề>Ngày Quốc Tế Phụ Nữ 8/3","https://hoatuoi360.com/contents/images/Products/hoa-binh/G%2018014.JPG","Bình thường","Kích thước",1000000
"tvcm9","#G18014","Hoa Bình G 18014","<p><strong>MỚI MẺ </strong></p>
<p>Hoa hồng vàng là loài hoa dành cho sự khởi đầu mới trong công việc và cuộc sống thường ngày. Vì vậy trong những dịp lễ như Quốc tế Phụ nữ, sinh nhật chúc mừng, khai trương,...bạn có thể tặng hồng vàng như một cách thể hiện tình cảm yêu quý, hơn thế là một lời khen ngợi, chúc mừng cho khởi đầu tốt đẹp, thuận lợi của họ.</p>
<p>&nbsp;</p>
","
<p>Hoa Bình <strong>Mới Mẻ</strong> gồm Lan Vũ Nữ, Hoa Hồng, Táo cùng các loại hoa lá phụ liệu khác.</p>
","Hoa theo chủ đề>Ngày Quốc Tế Phụ Nữ 8/3","https://hoatuoi360.com/contents/images/Products/hoa-binh/G%2018014.JPG","Lớn hơn (+30%)","Kích thước",1300000
"2g1b","#G18001","Hoa Bình G 18001","<p><strong>VỮNG BƯỚC</strong></p>
<p>Cát Tường là loại hoa biểu trưng cho sự may mắn, khi kết hợp với Hoa Thiên điểu - loài hoa của ý chí, nghị lực vươn lên,&nbsp;tạo thành một món quà hoa vừa ý nghĩa, vừa đặc sắc. Những đóa hoa ngầm gửi đi thông điệp, mong muốn người nhận sẽ luôn thành công và may mắn trong công việc cũng như trong cuộc sống.</p>
<p>Bình Hoa <strong>Vững Bước</strong> thích hợp để trang trí trên bàn làm việc, bàn học,... của những người mà ta dành tặng món quà tinh tế này.</p>
","
<p>Bình Hoa Vững Bước là sự kết hợp độc đáo của Cát Tường, Hoa Thiên Điểu cùng các loại hoa lá phụ liệu khác trong một bình thủy tinh nhỏ xinh.</p>
","Hoa theo chủ đề>Ngày Quốc Tế Phụ Nữ 8/3","https://hoatuoi360.com/contents/images/Products/hoa-binh/G%2018001(1).jpg","Bình thường","Kích thước",500000
"2g1b","#G18001","Hoa Bình G 18001","<p><strong>VỮNG BƯỚC</strong></p>
<p>Cát Tường là loại hoa biểu trưng cho sự may mắn, khi kết hợp với Hoa Thiên điểu - loài hoa của ý chí, nghị lực vươn lên,&nbsp;tạo thành một món quà hoa vừa ý nghĩa, vừa đặc sắc. Những đóa hoa ngầm gửi đi thông điệp, mong muốn người nhận sẽ luôn thành công và may mắn trong công việc cũng như trong cuộc sống.</p>
<p>Bình Hoa <strong>Vững Bước</strong> thích hợp để trang trí trên bàn làm việc, bàn học,... của những người mà ta dành tặng món quà tinh tế này.</p>
","
<p>Bình Hoa Vững Bước là sự kết hợp độc đáo của Cát Tường, Hoa Thiên Điểu cùng các loại hoa lá phụ liệu khác trong một bình thủy tinh nhỏ xinh.</p>
","Hoa theo chủ đề>Ngày Quốc Tế Phụ Nữ 8/3","https://hoatuoi360.com/contents/images/Products/hoa-binh/G%2018001(1).jpg","Lớn hơn (+30%)","Kích thước",650000
"p5vy","#V126","Hoa bình V 126",,"
","Hoa theo mùa>Hoa mùa xuân","https://hoatuoi360.com/contents/images/Products/hoa-binh/Hoa-binh-V-123.JPG","Bình thường","Kích thước",1900000
"p5vy","#V126","Hoa bình V 126",,"
","Hoa theo mùa>Hoa mùa xuân","https://hoatuoi360.com/contents/images/Products/hoa-binh/Hoa-binh-V-123.JPG","Lớn hơn (+30%)","Kích thước",2470000
"otkd","#V123","Hoa bình V 123",,"
","Hoa bình","https://hoatuoi360.com/contents/images/Products/hoa-binh/Hoa-binh-V-120.jpg","Bình thường","Kích thước",1900000
"otkd","#V123","Hoa bình V 123",,"
","Hoa bình","https://hoatuoi360.com/contents/images/Products/hoa-binh/Hoa-binh-V-120.jpg","Lớn hơn (+30%)","Kích thước",2470000
"2mnbp","#V122","Hoa bình V 122",,"
","Hoa bình","https://hoatuoi360.com/contents/images/Products/hoa-binh/Hoa-binh-V-119.jpg","Bình thường","Kích thước",2900000
"2mnbp","#V122","Hoa bình V 122",,"
","Hoa bình","https://hoatuoi360.com/contents/images/Products/hoa-binh/Hoa-binh-V-119.jpg","Lớn hơn (+30%)","Kích thước",3770000
"9g6ub9","#V121","Hoa bình V 121",,"
","Hoa bình","https://hoatuoi360.com/contents/images/Products/hoa-binh/Hoa-Binh-119.jpg","Bình thường","Kích thước",1900000
"9g6ub9","#V121","Hoa bình V 121",,"
","Hoa bình","https://hoatuoi360.com/contents/images/Products/hoa-binh/Hoa-Binh-119.jpg","Lớn hơn (+30%)","Kích thước",2470000
"ffocs","#V131","Hoa bình V 131",,"
","Hoa theo chủ đề>Ngày Phụ Nữ Việt Nam 20/10","https://hoatuoi360.com/contents/images/Products/hoa-binh/Hoa-Binh-V-131.jpg","Bình thường","Kích thước",1000000
"ffocs","#V131","Hoa bình V 131",,"
","Hoa theo chủ đề>Ngày Phụ Nữ Việt Nam 20/10","https://hoatuoi360.com/contents/images/Products/hoa-binh/Hoa-Binh-V-131.jpg","Lớn hơn (+30%)","Kích thước",1300000
"imbao","#V119","Hoa bình V 119","<p>&nbsp;Dành tặng Sếp hay đối tác quan trọng. Chủ đề&nbsp;<strong> Hoa Bình V 119&nbsp;</strong>một thiết kế mới&nbsp;đậm chất <strong>phương tây, </strong>để nói&nbsp;lên sự tôn trọng, mà không quên mang theo nhiều lời chúc tốt đẹp nhất. Hướng về ánh mặt trời là ý nghĩa hoa <strong>Hướng Dương,&nbsp;</strong>trong sáng, thanh cao,&nbsp;sang trọng của<strong> Lan HĐ</strong>,&nbsp;điểm chút<strong>&nbsp;Lan Vàng Mai</strong>&nbsp;sắc xuân vui tươi với nhiều chi tiết hoa lá phụ cao cấp.....vv.., tất cả là sự kết hợp chỉnh tru tạo nên một sản phẩm mang nhiều ý nghĩa,&nbsp;nhiều mai mắn cho người dược nhận, và cho cả người tặng</p>
","
<p>Quí phái kiểu cổ điển với Lan Hồ Điệp, Lan Vũ Nữ, Mokara...</p>
","Hoa theo chủ đề>Ngày Phụ Nữ Việt Nam 20/10","https://hoatuoi360.com/contents/images/Products/hoa-binh/hoa-binh-v-119.jpg","Bình thường","Kích thước",2700000
"imbao","#V119","Hoa bình V 119","<p>&nbsp;Dành tặng Sếp hay đối tác quan trọng. Chủ đề&nbsp;<strong> Hoa Bình V 119&nbsp;</strong>một thiết kế mới&nbsp;đậm chất <strong>phương tây, </strong>để nói&nbsp;lên sự tôn trọng, mà không quên mang theo nhiều lời chúc tốt đẹp nhất. Hướng về ánh mặt trời là ý nghĩa hoa <strong>Hướng Dương,&nbsp;</strong>trong sáng, thanh cao,&nbsp;sang trọng của<strong> Lan HĐ</strong>,&nbsp;điểm chút<strong>&nbsp;Lan Vàng Mai</strong>&nbsp;sắc xuân vui tươi với nhiều chi tiết hoa lá phụ cao cấp.....vv.., tất cả là sự kết hợp chỉnh tru tạo nên một sản phẩm mang nhiều ý nghĩa,&nbsp;nhiều mai mắn cho người dược nhận, và cho cả người tặng</p>
","
<p>Quí phái kiểu cổ điển với Lan Hồ Điệp, Lan Vũ Nữ, Mokara...</p>
","Hoa theo chủ đề>Ngày Phụ Nữ Việt Nam 20/10","https://hoatuoi360.com/contents/images/Products/hoa-binh/hoa-binh-v-119.jpg","Lớn hơn (+30%)","Kích thước",3510000
"s5ccl","#V132","Hoa bình V 132","<p><strong>SAY MÊ</strong></p>
<p>Màu tím là gam màu của sự quyến rũ thể hiện một tình yêu say mê. Màu tím còn mang ý nghĩa của sự chờ đợi, sự sắc son chung thủy trong tình yêu. Ngoài ra, màu tìm còn thể hiện một sự bí ẩn, quý phải và tao nhã dành cho người con gái. Chính vì thế, khi gửi đi những đóa hoa màu tím là bạn đã gián tiếp bày tỏ lòng ái mộ đối với người nhận. Sản phẩm thích hợp tặng cho người thân yêu trong những dịp lễ quan trọng.</p>
","
<p>Sản phẩm quyến rũ với Lan Vũ Nữ, Wicky, Hoa Hồng, Táo cùng các loại hoa lá phụ khác.</p>
","Hoa theo chủ đề>Ngày Phụ Nữ Việt Nam 20/10","https://hoatuoi360.com/contents/images/Products/hoa-binh/DSC_0047.jpg","Bình thường","Kích thước",1000000
"s5ccl","#V132","Hoa bình V 132","<p><strong>SAY MÊ</strong></p>
<p>Màu tím là gam màu của sự quyến rũ thể hiện một tình yêu say mê. Màu tím còn mang ý nghĩa của sự chờ đợi, sự sắc son chung thủy trong tình yêu. Ngoài ra, màu tìm còn thể hiện một sự bí ẩn, quý phải và tao nhã dành cho người con gái. Chính vì thế, khi gửi đi những đóa hoa màu tím là bạn đã gián tiếp bày tỏ lòng ái mộ đối với người nhận. Sản phẩm thích hợp tặng cho người thân yêu trong những dịp lễ quan trọng.</p>
","
<p>Sản phẩm quyến rũ với Lan Vũ Nữ, Wicky, Hoa Hồng, Táo cùng các loại hoa lá phụ khác.</p>
","Hoa theo chủ đề>Ngày Phụ Nữ Việt Nam 20/10","https://hoatuoi360.com/contents/images/Products/hoa-binh/DSC_0047.jpg","Lớn hơn (+30%)","Kích thước",1300000
"6qjef","#V118","Hoa bình V 118",,"
<p>Merry Christmas and Happy New Year !</p>
","Hoa theo mùa>Hoa mùa đông","https://hoatuoi360.com/contents/images/Products/hoa-binh/Hoa-Binh-118.jpg","Bình thường","Kích thước",900000
"6qjef","#V118","Hoa bình V 118",,"
<p>Merry Christmas and Happy New Year !</p>
","Hoa theo mùa>Hoa mùa đông","https://hoatuoi360.com/contents/images/Products/hoa-binh/Hoa-Binh-118.jpg","Lớn hơn (+30%)","Kích thước",1170000
"uvjgn","#V117","Hoa Bình V 117",,"
","Hoa bình","https://hoatuoi360.com/contents/images/Products/hoa-binh/Hoa-Binh-117.jpg","Bình thường","Kích thước",1700000
"uvjgn","#V117","Hoa Bình V 117",,"
","Hoa bình","https://hoatuoi360.com/contents/images/Products/hoa-binh/Hoa-Binh-117.jpg","Lớn hơn (+30%)","Kích thước",2210000