﻿"id","sku","name","description","short_description","breadcrumb","images","attribute_0_value","attribute_0_name","regular_price"
"s1bza","#OR1050","Hoa Lan Hồ Điệp OR 1050","<p style=""text-align: justify;"">LAN HỒ ĐIỆP được mệnh danh là “ Nữ hoàng của các loài hoa”,&nbsp;không chỉ có ý nghĩa là sự cao sang, quý phái mà còn là sứ giả truyền tải cảm xúc một cách nhẹ nhàng, hoa còn mang đến cho chúng ta vẻ đẹp tinh khiết của tự nhiên, nét quyến rũ cho không gian sống.</p>
<p style=""text-align: justify;"">Ngày nay người ta chon LAN HỒ ĐIỆP để tặng nhau vào những dịp khai trương, sinh nhật, hay thăng quan tiến chức...&nbsp;Đặc&nbsp;biệt là dịp&nbsp;mừng xuân<strong>&nbsp;</strong>mới<strong>&nbsp;</strong>như một lời chúc tốt đẹp nhất !</p>
<p style=""text-align: justify;""><strong>Ý nghĩa lan Hồ&nbsp;Điệp&nbsp;trắng:</strong>&nbsp;Là biểu tượng của sự ngây thơ, xinh đẹp và trang trọng. Bạn có thể dùng LAN HỒ ĐIỆP trắng làm món quà để tặng cho người thân yêu của mình trong những dịp đặc biệt.</p>
<p style=""text-align: justify;""><strong>Lưu ý:&nbsp;</strong><em>Giá&nbsp;hoa đã bao gồm chậu và trang&nbsp;trí,&nbsp;giao hoa miễn phí trong nội thành TP.HCM.&nbsp;</em></p>
","
<p><span style=""color:#008000;""></span></p>
<p>Chậu Lan Hồ Điệp 1 cành trắng.</p>
<p><strong><font color=""#008000"">TIÊU CHUẨN KỸ&nbsp;THUẬT:&nbsp;</font></strong></p>
<p><b>- Cành&nbsp;từ 6 bông + 3 nụ trở lên.</b></p>
<p><b>- Thân&nbsp;cao từ 60cm.</b></p>
<p><b>- Tuổi thọ&nbsp;khoảng 30 ngày</b></p>
<p><span style=""color:#000000;""></span></p>
","Hoa lan>Hoa lan hồ điệp","https://hoatuoi360.com/contents/images/Products/Phong%20lan%20-%20%C4%90%E1%BB%8Ba%20lan/OR-1050.jpg","Bình thường","Kích thước",300000
"s1bza","#OR1050","Hoa Lan Hồ Điệp OR 1050","<p style=""text-align: justify;"">LAN HỒ ĐIỆP được mệnh danh là “ Nữ hoàng của các loài hoa”,&nbsp;không chỉ có ý nghĩa là sự cao sang, quý phái mà còn là sứ giả truyền tải cảm xúc một cách nhẹ nhàng, hoa còn mang đến cho chúng ta vẻ đẹp tinh khiết của tự nhiên, nét quyến rũ cho không gian sống.</p>
<p style=""text-align: justify;"">Ngày nay người ta chon LAN HỒ ĐIỆP để tặng nhau vào những dịp khai trương, sinh nhật, hay thăng quan tiến chức...&nbsp;Đặc&nbsp;biệt là dịp&nbsp;mừng xuân<strong>&nbsp;</strong>mới<strong>&nbsp;</strong>như một lời chúc tốt đẹp nhất !</p>
<p style=""text-align: justify;""><strong>Ý nghĩa lan Hồ&nbsp;Điệp&nbsp;trắng:</strong>&nbsp;Là biểu tượng của sự ngây thơ, xinh đẹp và trang trọng. Bạn có thể dùng LAN HỒ ĐIỆP trắng làm món quà để tặng cho người thân yêu của mình trong những dịp đặc biệt.</p>
<p style=""text-align: justify;""><strong>Lưu ý:&nbsp;</strong><em>Giá&nbsp;hoa đã bao gồm chậu và trang&nbsp;trí,&nbsp;giao hoa miễn phí trong nội thành TP.HCM.&nbsp;</em></p>
","
<p><span style=""color:#008000;""></span></p>
<p>Chậu Lan Hồ Điệp 1 cành trắng.</p>
<p><strong><font color=""#008000"">TIÊU CHUẨN KỸ&nbsp;THUẬT:&nbsp;</font></strong></p>
<p><b>- Cành&nbsp;từ 6 bông + 3 nụ trở lên.</b></p>
<p><b>- Thân&nbsp;cao từ 60cm.</b></p>
<p><b>- Tuổi thọ&nbsp;khoảng 30 ngày</b></p>
<p><span style=""color:#000000;""></span></p>
","Hoa lan>Hoa lan hồ điệp","https://hoatuoi360.com/contents/images/Products/Phong%20lan%20-%20%C4%90%E1%BB%8Ba%20lan/OR-1050.jpg","Lớn hơn (+30%)","Kích thước",390000
"y419","#OR051","Hoa Lan Hồ Điệp OR 051","<p><span style=""color:#008000;""></span></p>
<p style=""text-align: justify;"">LAN HỒ ĐIỆP được mệnh danh là “ Nữ hoàng của các loài hoa”,&nbsp;không chỉ có ý nghĩa là sự cao sang, quý phái mà còn là sứ giả truyền tải cảm xúc một cách nhẹ nhàng, hoa còn mang đến cho chúng ta vẻ đẹp tinh khiết của tự nhiên, nét quyến rũ cho không gian sống.</p>
<p style=""text-align: justify;"">Ngày nay người ta chon LAN HỒ ĐIỆP để tặng nhau vào những dịp khai trương, sinh nhật, hay thăng quan tiến chức...&nbsp;Đặc&nbsp;biệt là dịp&nbsp;mừng xuân<strong>&nbsp;</strong>mới<strong>&nbsp;</strong>như một lời chúc tốt đẹp nhất !</p>
<p style=""text-align: justify;""><strong>Ý nghĩa lan Hồ&nbsp;Điệp&nbsp;trắng:</strong>&nbsp;Là biểu tượng của sự ngây thơ, xinh đẹp và trang trọng. Bạn có thể dùng LAN HỒ ĐIỆP trắng làm món quà để tặng cho người thân yêu của mình trong những dịp đặc biệt.</p>
<p style=""text-align: justify;""><strong>Lưu ý:&nbsp;</strong><em>Giá&nbsp;hoa đã bao gồm chậu và trang&nbsp;trí,&nbsp;giao hoa miễn phí trong nội thành TP.HCM.&nbsp;</em></p>
","
<p><span style=""color:#008000;""></span></p>
<p>Chậu Lan Hồ Điệp 2 cành trắng.</p>
<p><strong><font color=""#008000"">TIÊU CHUẨN KỸ&nbsp;THUẬT:&nbsp;</font></strong></p>
<p><b>- Cành&nbsp;từ 6 bông + 3 nụ trở lên.</b></p>
<p><b>- Thân&nbsp;cao từ 60cm.</b></p>
<p><b>- Tuổi thọ&nbsp;khoảng 30 ngày</b></p>
<p><span style=""color:#000000;""></span></p>
","Hoa lan>Hoa lan hồ điệp","https://hoatuoi360.com/contents/images/Products/Phong%20lan%20-%20%C4%90%E1%BB%8Ba%20lan/OR-1051.jpg","Bình thường","Kích thước",540000
"y419","#OR051","Hoa Lan Hồ Điệp OR 051","<p><span style=""color:#008000;""></span></p>
<p style=""text-align: justify;"">LAN HỒ ĐIỆP được mệnh danh là “ Nữ hoàng của các loài hoa”,&nbsp;không chỉ có ý nghĩa là sự cao sang, quý phái mà còn là sứ giả truyền tải cảm xúc một cách nhẹ nhàng, hoa còn mang đến cho chúng ta vẻ đẹp tinh khiết của tự nhiên, nét quyến rũ cho không gian sống.</p>
<p style=""text-align: justify;"">Ngày nay người ta chon LAN HỒ ĐIỆP để tặng nhau vào những dịp khai trương, sinh nhật, hay thăng quan tiến chức...&nbsp;Đặc&nbsp;biệt là dịp&nbsp;mừng xuân<strong>&nbsp;</strong>mới<strong>&nbsp;</strong>như một lời chúc tốt đẹp nhất !</p>
<p style=""text-align: justify;""><strong>Ý nghĩa lan Hồ&nbsp;Điệp&nbsp;trắng:</strong>&nbsp;Là biểu tượng của sự ngây thơ, xinh đẹp và trang trọng. Bạn có thể dùng LAN HỒ ĐIỆP trắng làm món quà để tặng cho người thân yêu của mình trong những dịp đặc biệt.</p>
<p style=""text-align: justify;""><strong>Lưu ý:&nbsp;</strong><em>Giá&nbsp;hoa đã bao gồm chậu và trang&nbsp;trí,&nbsp;giao hoa miễn phí trong nội thành TP.HCM.&nbsp;</em></p>
","
<p><span style=""color:#008000;""></span></p>
<p>Chậu Lan Hồ Điệp 2 cành trắng.</p>
<p><strong><font color=""#008000"">TIÊU CHUẨN KỸ&nbsp;THUẬT:&nbsp;</font></strong></p>
<p><b>- Cành&nbsp;từ 6 bông + 3 nụ trở lên.</b></p>
<p><b>- Thân&nbsp;cao từ 60cm.</b></p>
<p><b>- Tuổi thọ&nbsp;khoảng 30 ngày</b></p>
<p><span style=""color:#000000;""></span></p>
","Hoa lan>Hoa lan hồ điệp","https://hoatuoi360.com/contents/images/Products/Phong%20lan%20-%20%C4%90%E1%BB%8Ba%20lan/OR-1051.jpg","Lớn hơn (+30%)","Kích thước",702000
"p5ni","#OR052","Hoa Lan Hồ Điệp OR 052","<p>LAN HỒ ĐIỆP được mệnh danh là “ Nữ hoàng của các loài hoa”,&nbsp;không chỉ có ý nghĩa là sự cao sang, quý phái mà còn là sứ giả truyền tải cảm xúc một cách nhẹ nhàng, hoa còn mang đến cho chúng ta vẻ đẹp tinh khiết của tự nhiên, nét quyến rũ cho không gian sống.</p>
<p style=""text-align: justify;"">Ngày nay người ta chon LAN HỒ ĐIỆP để tặng nhau vào những dịp khai trương, sinh nhật, hay thăng quan tiến chức...&nbsp;Đặc&nbsp;biệt là dịp&nbsp;mừng xuân<strong>&nbsp;</strong>mới<strong>&nbsp;</strong>như một lời chúc tốt đẹp nhất !</p>
<p style=""text-align: justify;""><strong>Ý nghĩa lan Hồ&nbsp;Điệp&nbsp;trắng:</strong>&nbsp;Là biểu tượng của sự ngây thơ, xinh đẹp và trang trọng. Bạn có thể dùng LAN HỒ ĐIỆP trắng làm món quà để tặng cho người thân yêu của mình trong những dịp đặc biệt.</p>
<p style=""text-align: justify;""><strong>Lưu ý:&nbsp;</strong><em>Giá&nbsp;hoa đã bao gồm chậu và trang&nbsp;trí,&nbsp;giao hoa miễn phí trong nội thành TP.HCM.&nbsp;</em></p>
","
<p><span style=""color:#008000;""></span>Chậu Lan Hồ Điệp 3 cành trắng.</p>
<p><strong><font color=""#008000"">TIÊU CHUẨN KỸ&nbsp;THUẬT:&nbsp;</font></strong></p>
<p><b>- Cành&nbsp;từ 6 bông + 3 nụ trở lên.</b></p>
<p><b>- Thân&nbsp;cao từ 60cm.</b></p>
<p><b>- Tuổi thọ&nbsp;khoảng 30 ngày</b></p>
","Hoa lan>Hoa lan hồ điệp","https://hoatuoi360.com/contents/images/Products/Phong%20lan%20-%20%C4%90%E1%BB%8Ba%20lan/OR-1052.jpg","Bình thường","Kích thước",810000
"p5ni","#OR052","Hoa Lan Hồ Điệp OR 052","<p>LAN HỒ ĐIỆP được mệnh danh là “ Nữ hoàng của các loài hoa”,&nbsp;không chỉ có ý nghĩa là sự cao sang, quý phái mà còn là sứ giả truyền tải cảm xúc một cách nhẹ nhàng, hoa còn mang đến cho chúng ta vẻ đẹp tinh khiết của tự nhiên, nét quyến rũ cho không gian sống.</p>
<p style=""text-align: justify;"">Ngày nay người ta chon LAN HỒ ĐIỆP để tặng nhau vào những dịp khai trương, sinh nhật, hay thăng quan tiến chức...&nbsp;Đặc&nbsp;biệt là dịp&nbsp;mừng xuân<strong>&nbsp;</strong>mới<strong>&nbsp;</strong>như một lời chúc tốt đẹp nhất !</p>
<p style=""text-align: justify;""><strong>Ý nghĩa lan Hồ&nbsp;Điệp&nbsp;trắng:</strong>&nbsp;Là biểu tượng của sự ngây thơ, xinh đẹp và trang trọng. Bạn có thể dùng LAN HỒ ĐIỆP trắng làm món quà để tặng cho người thân yêu của mình trong những dịp đặc biệt.</p>
<p style=""text-align: justify;""><strong>Lưu ý:&nbsp;</strong><em>Giá&nbsp;hoa đã bao gồm chậu và trang&nbsp;trí,&nbsp;giao hoa miễn phí trong nội thành TP.HCM.&nbsp;</em></p>
","
<p><span style=""color:#008000;""></span>Chậu Lan Hồ Điệp 3 cành trắng.</p>
<p><strong><font color=""#008000"">TIÊU CHUẨN KỸ&nbsp;THUẬT:&nbsp;</font></strong></p>
<p><b>- Cành&nbsp;từ 6 bông + 3 nụ trở lên.</b></p>
<p><b>- Thân&nbsp;cao từ 60cm.</b></p>
<p><b>- Tuổi thọ&nbsp;khoảng 30 ngày</b></p>
","Hoa lan>Hoa lan hồ điệp","https://hoatuoi360.com/contents/images/Products/Phong%20lan%20-%20%C4%90%E1%BB%8Ba%20lan/OR-1052.jpg","Lớn hơn (+30%)","Kích thước",1053000
"v5mxdb","#OR054","Hoa Lan Hồ Điệp OR 054","<p style=""text-align: justify;"">LAN HỒ ĐIỆP được mệnh danh là “ Nữ hoàng của các loài hoa”,&nbsp;không chỉ có ý nghĩa là sự cao sang, quý phái mà còn là sứ giả truyền tải cảm xúc một cách nhẹ nhàng, hoa còn mang đến cho chúng ta vẻ đẹp tinh khiết của tự nhiên, nét quyến rũ cho không gian sống.</p>
<p style=""text-align: justify;"">Ngày nay người ta chon LAN HỒ ĐIỆP để tặng nhau vào những dịp khai trương, sinh nhật, hay thăng quan tiến chức...&nbsp;Đặc&nbsp;biệt là dịp&nbsp;mừng xuân<strong>&nbsp;</strong>mới<strong>&nbsp;</strong>như một lời chúc tốt đẹp nhất !</p>
<p style=""text-align: justify;""><strong>Ý nghĩa lan Hồ&nbsp;Điệp Đỏ Tía:</strong>&nbsp;tượng trưng cho hoàng gia, sự ngưỡng mộ và tôn trọng. Bạn có thể dùng nó để làm hoa tặng sếp nam nhé.</p>
<p style=""text-align: justify;""><strong>Lưu ý:&nbsp;</strong><em>Giá&nbsp;hoa đã bao gồm chậu và trang&nbsp;trí,&nbsp;giao hoa miễn phí trong nội thành TP.HCM.&nbsp;</em></p>
","
<p><span style=""color:#008000;""></span></p>
<p>Chậu Lan Hồ Điệp 5 cành tím.</p>
<p><strong><font color=""#008000"">TIÊU CHUẨN KỸ&nbsp;THUẬT:&nbsp;</font></strong></p>
<p><b>- Cành&nbsp;từ 6 bông + 3 nụ trở lên.</b></p>
<p><b>- Thân&nbsp;cao từ 60cm.</b></p>
<p><b>- Tuổi thọ&nbsp;khoảng 30 ngày.</b></p>
","Hoa lan>Hoa lan hồ điệp","https://hoatuoi360.com/contents/images/Products/Phong%20lan%20-%20%C4%90%E1%BB%8Ba%20lan/OR-1054.jpg","Bình thường","Kích thước",1350000
"v5mxdb","#OR054","Hoa Lan Hồ Điệp OR 054","<p style=""text-align: justify;"">LAN HỒ ĐIỆP được mệnh danh là “ Nữ hoàng của các loài hoa”,&nbsp;không chỉ có ý nghĩa là sự cao sang, quý phái mà còn là sứ giả truyền tải cảm xúc một cách nhẹ nhàng, hoa còn mang đến cho chúng ta vẻ đẹp tinh khiết của tự nhiên, nét quyến rũ cho không gian sống.</p>
<p style=""text-align: justify;"">Ngày nay người ta chon LAN HỒ ĐIỆP để tặng nhau vào những dịp khai trương, sinh nhật, hay thăng quan tiến chức...&nbsp;Đặc&nbsp;biệt là dịp&nbsp;mừng xuân<strong>&nbsp;</strong>mới<strong>&nbsp;</strong>như một lời chúc tốt đẹp nhất !</p>
<p style=""text-align: justify;""><strong>Ý nghĩa lan Hồ&nbsp;Điệp Đỏ Tía:</strong>&nbsp;tượng trưng cho hoàng gia, sự ngưỡng mộ và tôn trọng. Bạn có thể dùng nó để làm hoa tặng sếp nam nhé.</p>
<p style=""text-align: justify;""><strong>Lưu ý:&nbsp;</strong><em>Giá&nbsp;hoa đã bao gồm chậu và trang&nbsp;trí,&nbsp;giao hoa miễn phí trong nội thành TP.HCM.&nbsp;</em></p>
","
<p><span style=""color:#008000;""></span></p>
<p>Chậu Lan Hồ Điệp 5 cành tím.</p>
<p><strong><font color=""#008000"">TIÊU CHUẨN KỸ&nbsp;THUẬT:&nbsp;</font></strong></p>
<p><b>- Cành&nbsp;từ 6 bông + 3 nụ trở lên.</b></p>
<p><b>- Thân&nbsp;cao từ 60cm.</b></p>
<p><b>- Tuổi thọ&nbsp;khoảng 30 ngày.</b></p>
","Hoa lan>Hoa lan hồ điệp","https://hoatuoi360.com/contents/images/Products/Phong%20lan%20-%20%C4%90%E1%BB%8Ba%20lan/OR-1054.jpg","Lớn hơn (+30%)","Kích thước",1755000
"n0fsf","#OR053","Hoa Lan Hồ Điệp OR 053","<p>LAN HỒ ĐIỆP được mệnh danh là “ Nữ hoàng của các loài hoa”,&nbsp;không chỉ có ý nghĩa là sự cao sang, quý phái mà còn là sứ giả truyền tải cảm xúc một cách nhẹ nhàng, hoa còn mang đến cho chúng ta vẻ đẹp tinh khiết của tự nhiên, nét quyến rũ cho không gian sống.</p>
<p style=""text-align: justify;"">Ngày nay người ta chon LAN HỒ ĐIỆP để tặng nhau vào những dịp khai trương, sinh nhật, hay thăng quan tiến chức...&nbsp;Đặc&nbsp;biệt là dịp&nbsp;mừng xuân<strong>&nbsp;</strong>mới<strong>&nbsp;</strong>như một lời chúc tốt đẹp nhất !</p>
<p style=""text-align: justify;""><strong>Ý nghĩa lan Hồ&nbsp;Điệp&nbsp;trắng:</strong>&nbsp;Là biểu tượng của sự ngây thơ, xinh đẹp và trang trọng. Bạn có thể dùng LAN HỒ ĐIỆP trắng làm món quà để tặng cho người thân yêu của mình trong những dịp đặc biệt.</p>
<p style=""text-align: justify;""><strong>Lưu ý:&nbsp;</strong><em>Giá&nbsp;hoa đã bao gồm chậu và trang&nbsp;trí,&nbsp;giao hoa miễn phí trong nội thành TP.HCM.&nbsp;</em></p>
","
<p><span style=""color:#008000;""></span></p>
<p>Chậu Lan Hồ Điệp 5 cành trắng.</p>
<p><strong><font color=""#008000"">TIÊU CHUẨN KỸ&nbsp;THUẬT:&nbsp;</font></strong></p>
<p><b>- Cành&nbsp;từ 6 bông + 3 nụ trở lên.</b></p>
<p><b>- Thân&nbsp;cao từ 60cm.</b></p>
<p><b>- Tuổi thọ&nbsp;khoảng 30 ngày</b></p>
","Hoa lan>Hoa lan hồ điệp","https://hoatuoi360.com/contents/images/Products/Phong%20lan%20-%20%C4%90%E1%BB%8Ba%20lan/OR-1O53.jpg","Bình thường","Kích thước",1350000
"n0fsf","#OR053","Hoa Lan Hồ Điệp OR 053","<p>LAN HỒ ĐIỆP được mệnh danh là “ Nữ hoàng của các loài hoa”,&nbsp;không chỉ có ý nghĩa là sự cao sang, quý phái mà còn là sứ giả truyền tải cảm xúc một cách nhẹ nhàng, hoa còn mang đến cho chúng ta vẻ đẹp tinh khiết của tự nhiên, nét quyến rũ cho không gian sống.</p>
<p style=""text-align: justify;"">Ngày nay người ta chon LAN HỒ ĐIỆP để tặng nhau vào những dịp khai trương, sinh nhật, hay thăng quan tiến chức...&nbsp;Đặc&nbsp;biệt là dịp&nbsp;mừng xuân<strong>&nbsp;</strong>mới<strong>&nbsp;</strong>như một lời chúc tốt đẹp nhất !</p>
<p style=""text-align: justify;""><strong>Ý nghĩa lan Hồ&nbsp;Điệp&nbsp;trắng:</strong>&nbsp;Là biểu tượng của sự ngây thơ, xinh đẹp và trang trọng. Bạn có thể dùng LAN HỒ ĐIỆP trắng làm món quà để tặng cho người thân yêu của mình trong những dịp đặc biệt.</p>
<p style=""text-align: justify;""><strong>Lưu ý:&nbsp;</strong><em>Giá&nbsp;hoa đã bao gồm chậu và trang&nbsp;trí,&nbsp;giao hoa miễn phí trong nội thành TP.HCM.&nbsp;</em></p>
","
<p><span style=""color:#008000;""></span></p>
<p>Chậu Lan Hồ Điệp 5 cành trắng.</p>
<p><strong><font color=""#008000"">TIÊU CHUẨN KỸ&nbsp;THUẬT:&nbsp;</font></strong></p>
<p><b>- Cành&nbsp;từ 6 bông + 3 nụ trở lên.</b></p>
<p><b>- Thân&nbsp;cao từ 60cm.</b></p>
<p><b>- Tuổi thọ&nbsp;khoảng 30 ngày</b></p>
","Hoa lan>Hoa lan hồ điệp","https://hoatuoi360.com/contents/images/Products/Phong%20lan%20-%20%C4%90%E1%BB%8Ba%20lan/OR-1O53.jpg","Lớn hơn (+30%)","Kích thước",1755000
"khj0b","#OR055","Hoa Lan Hồ Điệp OR 055","<p style=""text-align: justify;"">LAN HỒ ĐIỆP được mệnh danh là “ Nữ hoàng của các loài hoa”,&nbsp;không chỉ có ý nghĩa là sự cao sang, quý phái mà còn là sứ giả truyền tải cảm xúc một cách nhẹ nhàng, hoa còn mang đến cho chúng ta vẻ đẹp tinh khiết của tự nhiên, nét quyến rũ cho không gian sống.</p>
<p style=""text-align: justify;"">Ngày nay người ta chon LAN HỒ ĐIỆP để tặng nhau vào những dịp khai trương, sinh nhật, hay thăng quan tiến chức...&nbsp;Đặc&nbsp;biệt là dịp&nbsp;mừng xuân<strong>&nbsp;</strong>mới<strong>&nbsp;</strong>như một lời chúc tốt đẹp nhất !</p>
<p style=""text-align: justify;""><strong>Ý nghĩa lan Hồ&nbsp;Điệp Đỏ Tía Xọc:</strong>&nbsp;tượng trưng cho hoàng gia, sự ngưỡng mộ và tôn trọng. Bạn có thể dùng nó để làm hoa tặng sếp nam nhé.</p>
<p style=""text-align: justify;""><strong>Lưu ý:&nbsp;</strong><em>Giá&nbsp;hoa đã bao gồm chậu và trang&nbsp;trí,&nbsp;giao hoa miễn phí trong nội thành TP.HCM.&nbsp;</em></p>
","
<p><span style=""color:#008000;""></span></p>
<p>Chậu Lan Hồ Điệp 7 cành đỏ tía xọc.</p>
<p><strong><font color=""#008000"">TIÊU CHUẨN KỸ&nbsp;THUẬT:&nbsp;</font></strong></p>
<p><b>- Cành&nbsp;từ 6 bông + 3 nụ trở lên.</b></p>
<p><b>- Thân&nbsp;cao từ 60cm.</b></p>
<p><b>- Tuổi thọ&nbsp;khoảng 30 ngày.</b></p>
","Hoa lan>Hoa lan hồ điệp","https://hoatuoi360.com/contents/images/Products/Phong%20lan%20-%20%C4%90%E1%BB%8Ba%20lan/OR-1055.jpg","Bình thường","Kích thước",1890000
"khj0b","#OR055","Hoa Lan Hồ Điệp OR 055","<p style=""text-align: justify;"">LAN HỒ ĐIỆP được mệnh danh là “ Nữ hoàng của các loài hoa”,&nbsp;không chỉ có ý nghĩa là sự cao sang, quý phái mà còn là sứ giả truyền tải cảm xúc một cách nhẹ nhàng, hoa còn mang đến cho chúng ta vẻ đẹp tinh khiết của tự nhiên, nét quyến rũ cho không gian sống.</p>
<p style=""text-align: justify;"">Ngày nay người ta chon LAN HỒ ĐIỆP để tặng nhau vào những dịp khai trương, sinh nhật, hay thăng quan tiến chức...&nbsp;Đặc&nbsp;biệt là dịp&nbsp;mừng xuân<strong>&nbsp;</strong>mới<strong>&nbsp;</strong>như một lời chúc tốt đẹp nhất !</p>
<p style=""text-align: justify;""><strong>Ý nghĩa lan Hồ&nbsp;Điệp Đỏ Tía Xọc:</strong>&nbsp;tượng trưng cho hoàng gia, sự ngưỡng mộ và tôn trọng. Bạn có thể dùng nó để làm hoa tặng sếp nam nhé.</p>
<p style=""text-align: justify;""><strong>Lưu ý:&nbsp;</strong><em>Giá&nbsp;hoa đã bao gồm chậu và trang&nbsp;trí,&nbsp;giao hoa miễn phí trong nội thành TP.HCM.&nbsp;</em></p>
","
<p><span style=""color:#008000;""></span></p>
<p>Chậu Lan Hồ Điệp 7 cành đỏ tía xọc.</p>
<p><strong><font color=""#008000"">TIÊU CHUẨN KỸ&nbsp;THUẬT:&nbsp;</font></strong></p>
<p><b>- Cành&nbsp;từ 6 bông + 3 nụ trở lên.</b></p>
<p><b>- Thân&nbsp;cao từ 60cm.</b></p>
<p><b>- Tuổi thọ&nbsp;khoảng 30 ngày.</b></p>
","Hoa lan>Hoa lan hồ điệp","https://hoatuoi360.com/contents/images/Products/Phong%20lan%20-%20%C4%90%E1%BB%8Ba%20lan/OR-1055.jpg","Lớn hơn (+30%)","Kích thước",2457000
"lcfrm","#OR056","Hoa Lan Hồ Điệp OR 056","<p><strong><span style=""color:#008000;""></span></strong></p>
<p style=""text-align: justify;"">LAN HỒ ĐIỆP được mệnh danh là “ Nữ hoàng của các loài hoa”,&nbsp;không chỉ có ý nghĩa là sự cao sang, quý phái mà còn là sứ giả truyền tải cảm xúc một cách nhẹ nhàng, hoa còn mang đến cho chúng ta vẻ đẹp tinh khiết của tự nhiên, nét quyến rũ cho không gian sống.</p>
<p style=""text-align: justify;"">Ngày nay người ta chon LAN HỒ ĐIỆP để tặng nhau vào những dịp khai trương, sinh nhật, hay thăng quan tiến chức...&nbsp;Đặc&nbsp;biệt là dịp&nbsp;mừng xuân<strong>&nbsp;</strong>mới<strong>&nbsp;</strong>như một lời chúc tốt đẹp nhất !</p>
<p style=""text-align: justify;""><strong>Ý nghĩa lan Hồ&nbsp;Điệp Vàng:</strong>&nbsp;vàng: tượng trưng cho tình bạn và sự khởi đầu mới. Vì vậy bạn có thể dùng một chậu lan hồ điệp để làm hoa khai trương hay chúc mừng.</p>
<p style=""text-align: justify;""><strong>Lưu ý:&nbsp;</strong><em>Giá&nbsp;hoa đã bao gồm chậu và trang&nbsp;trí,&nbsp;giao hoa miễn phí trong nội thành TP.HCM.&nbsp;</em></p>
","
<p><span style=""color:#008000;""></span></p>
<p>Chậu Lan Hồ Điệp 7 cành vàng.</p>
<p><strong><font color=""#008000"">TIÊU CHUẨN KỸ&nbsp;THUẬT:&nbsp;</font></strong></p>
<p><b>- Cành&nbsp;từ 6 bông + 3 nụ trở lên.</b></p>
<p><b>- Thân&nbsp;cao từ 60cm.</b></p>
<p><b>- Tuổi thọ&nbsp;khoảng 30 ngày.</b></p>
<p><span style=""color:#000000;""></span></p>
","Hoa lan>Hoa lan hồ điệp","https://hoatuoi360.com/contents/images/Products/Phong%20lan%20-%20%C4%90%E1%BB%8Ba%20lan/OR-1056-.jpg","Bình thường","Kích thước",1890000
"lcfrm","#OR056","Hoa Lan Hồ Điệp OR 056","<p><strong><span style=""color:#008000;""></span></strong></p>
<p style=""text-align: justify;"">LAN HỒ ĐIỆP được mệnh danh là “ Nữ hoàng của các loài hoa”,&nbsp;không chỉ có ý nghĩa là sự cao sang, quý phái mà còn là sứ giả truyền tải cảm xúc một cách nhẹ nhàng, hoa còn mang đến cho chúng ta vẻ đẹp tinh khiết của tự nhiên, nét quyến rũ cho không gian sống.</p>
<p style=""text-align: justify;"">Ngày nay người ta chon LAN HỒ ĐIỆP để tặng nhau vào những dịp khai trương, sinh nhật, hay thăng quan tiến chức...&nbsp;Đặc&nbsp;biệt là dịp&nbsp;mừng xuân<strong>&nbsp;</strong>mới<strong>&nbsp;</strong>như một lời chúc tốt đẹp nhất !</p>
<p style=""text-align: justify;""><strong>Ý nghĩa lan Hồ&nbsp;Điệp Vàng:</strong>&nbsp;vàng: tượng trưng cho tình bạn và sự khởi đầu mới. Vì vậy bạn có thể dùng một chậu lan hồ điệp để làm hoa khai trương hay chúc mừng.</p>
<p style=""text-align: justify;""><strong>Lưu ý:&nbsp;</strong><em>Giá&nbsp;hoa đã bao gồm chậu và trang&nbsp;trí,&nbsp;giao hoa miễn phí trong nội thành TP.HCM.&nbsp;</em></p>
","
<p><span style=""color:#008000;""></span></p>
<p>Chậu Lan Hồ Điệp 7 cành vàng.</p>
<p><strong><font color=""#008000"">TIÊU CHUẨN KỸ&nbsp;THUẬT:&nbsp;</font></strong></p>
<p><b>- Cành&nbsp;từ 6 bông + 3 nụ trở lên.</b></p>
<p><b>- Thân&nbsp;cao từ 60cm.</b></p>
<p><b>- Tuổi thọ&nbsp;khoảng 30 ngày.</b></p>
<p><span style=""color:#000000;""></span></p>
","Hoa lan>Hoa lan hồ điệp","https://hoatuoi360.com/contents/images/Products/Phong%20lan%20-%20%C4%90%E1%BB%8Ba%20lan/OR-1056-.jpg","Lớn hơn (+30%)","Kích thước",2457000
"p6kk","#OR057","Hoa Lan Hồ Điệp OR 057","<p style=""text-align: justify;"">LAN HỒ ĐIỆP được mệnh danh là “ Nữ hoàng của các loài hoa”,&nbsp;không chỉ có ý nghĩa là sự cao sang, quý phái mà còn là sứ giả truyền tải cảm xúc một cách nhẹ nhàng, hoa còn mang đến cho chúng ta vẻ đẹp tinh khiết của tự nhiên, nét quyến rũ cho không gian sống.</p>
<p style=""text-align: justify;"">Ngày nay người ta chon LAN HỒ ĐIỆP để tặng nhau vào những dịp khai trương, sinh nhật, hay thăng quan tiến chức...&nbsp;Đặc&nbsp;biệt là dịp&nbsp;mừng xuân<strong>&nbsp;</strong>mới<strong>&nbsp;</strong>như một lời chúc tốt đẹp nhất !</p>
<p style=""text-align: justify;""><strong>Ý nghĩa lan Hồ&nbsp;Điệp Trắng:&nbsp;</strong>là biểu tượng của sự ngây thơ, xinh đẹp và trang trọng. Bạn có thể dùng chậu hoa lan hồ điệp trắng làm món quà để tặng cho người thân yêu của mình trong những dịp đặc biệt.</p>
<p style=""text-align: justify;""><strong>Ý nghĩa lan Hồ&nbsp;Điệp Đỏ Tía Xọc:&nbsp;</strong>tượng trưng cho hoàng gia, sự ngưỡng mộ và tôn trọng. Bạn có thể dùng nó để làm hoa tặng sếp nam nhé.</p>
<p style=""text-align: justify;""><strong>Lưu ý:&nbsp;</strong><em>Giá&nbsp;hoa đã bao gồm chậu và trang&nbsp;trí,&nbsp;giao hoa miễn phí trong nội thành TP.HCM.&nbsp;</em></p>
","
<p><span style=""color:#008000;""></span></p>
<p>Chậu Lan Hồ Điệp 3 cành đỏ tía xọc và 7 cành trắng.</p>
<p><strong><font color=""#008000"">TIÊU CHUẨN KỸ&nbsp;THUẬT:&nbsp;</font></strong></p>
<p><b>- Cành&nbsp;từ 6 bông + 3 nụ trở lên.</b></p>
<p><b>- Thân&nbsp;cao từ 60cm.</b></p>
<p><b>- Tuổi thọ&nbsp;khoảng 30 ngày.</b></p>
<p><span style=""color:#000000;""></span></p>
","Hoa lan>Hoa lan hồ điệp","https://hoatuoi360.com/contents/images/Products/Phong%20lan%20-%20%C4%90%E1%BB%8Ba%20lan/OR-1057.jpg","Bình thường","Kích thước",2700000
"p6kk","#OR057","Hoa Lan Hồ Điệp OR 057","<p style=""text-align: justify;"">LAN HỒ ĐIỆP được mệnh danh là “ Nữ hoàng của các loài hoa”,&nbsp;không chỉ có ý nghĩa là sự cao sang, quý phái mà còn là sứ giả truyền tải cảm xúc một cách nhẹ nhàng, hoa còn mang đến cho chúng ta vẻ đẹp tinh khiết của tự nhiên, nét quyến rũ cho không gian sống.</p>
<p style=""text-align: justify;"">Ngày nay người ta chon LAN HỒ ĐIỆP để tặng nhau vào những dịp khai trương, sinh nhật, hay thăng quan tiến chức...&nbsp;Đặc&nbsp;biệt là dịp&nbsp;mừng xuân<strong>&nbsp;</strong>mới<strong>&nbsp;</strong>như một lời chúc tốt đẹp nhất !</p>
<p style=""text-align: justify;""><strong>Ý nghĩa lan Hồ&nbsp;Điệp Trắng:&nbsp;</strong>là biểu tượng của sự ngây thơ, xinh đẹp và trang trọng. Bạn có thể dùng chậu hoa lan hồ điệp trắng làm món quà để tặng cho người thân yêu của mình trong những dịp đặc biệt.</p>
<p style=""text-align: justify;""><strong>Ý nghĩa lan Hồ&nbsp;Điệp Đỏ Tía Xọc:&nbsp;</strong>tượng trưng cho hoàng gia, sự ngưỡng mộ và tôn trọng. Bạn có thể dùng nó để làm hoa tặng sếp nam nhé.</p>
<p style=""text-align: justify;""><strong>Lưu ý:&nbsp;</strong><em>Giá&nbsp;hoa đã bao gồm chậu và trang&nbsp;trí,&nbsp;giao hoa miễn phí trong nội thành TP.HCM.&nbsp;</em></p>
","
<p><span style=""color:#008000;""></span></p>
<p>Chậu Lan Hồ Điệp 3 cành đỏ tía xọc và 7 cành trắng.</p>
<p><strong><font color=""#008000"">TIÊU CHUẨN KỸ&nbsp;THUẬT:&nbsp;</font></strong></p>
<p><b>- Cành&nbsp;từ 6 bông + 3 nụ trở lên.</b></p>
<p><b>- Thân&nbsp;cao từ 60cm.</b></p>
<p><b>- Tuổi thọ&nbsp;khoảng 30 ngày.</b></p>
<p><span style=""color:#000000;""></span></p>
","Hoa lan>Hoa lan hồ điệp","https://hoatuoi360.com/contents/images/Products/Phong%20lan%20-%20%C4%90%E1%BB%8Ba%20lan/OR-1057.jpg","Lớn hơn (+30%)","Kích thước",3510000
"so62m","#OR058","Hoa Lan Hồ Điệp OR 058","<p style=""text-align: justify;"">LAN HỒ ĐIỆP được mệnh danh là “ Nữ hoàng của các loài hoa”,&nbsp;không chỉ có ý nghĩa là sự cao sang, quý phái mà còn là sứ giả truyền tải cảm xúc một cách nhẹ nhàng, hoa còn mang đến cho chúng ta vẻ đẹp tinh khiết của tự nhiên, nét quyến rũ cho không gian sống.</p>
<p style=""text-align: justify;"">Ngày nay người ta chon LAN HỒ ĐIỆP để tặng nhau vào những dịp khai trương, sinh nhật, hay thăng quan tiến chức...&nbsp;Đặc&nbsp;biệt là dịp&nbsp;mừng xuân<strong>&nbsp;</strong>mới<strong>&nbsp;</strong>như một lời chúc tốt đẹp nhất !</p>
<p style=""text-align: justify;""><strong>Ý nghĩa lan Hồ&nbsp;Điệp Trắng:&nbsp;</strong>là biểu tượng của sự ngây thơ, xinh đẹp và trang trọng. Bạn có thể dùng chậu hoa lan hồ điệp trắng làm món quà để tặng cho người thân yêu của mình trong những dịp đặc biệt.</p>
<p style=""text-align: justify;""><strong>Ý nghĩa lan Hồ&nbsp;Điệp Tím:&nbsp;</strong>tượng trưng cho niềm vui, hạnh phúc, và ngây thơ. Vì vậy một chậu lan hồ điệp tím&nbsp;là món quà có ý nghĩa cho ngày kỷ niệm, sự chung thủy hay lòng kính trọng với người thân hay đối tác…</p>
<p style=""text-align: justify;""><strong>Lưu ý:&nbsp;</strong><em>Giá&nbsp;hoa đã bao gồm chậu và trang&nbsp;trí,&nbsp;giao hoa miễn phí trong nội thành TP.HCM.&nbsp;</em></p>
","
<p><span style=""color:#008000;""></span></p>
<p>Chậu Lan Hồ Điệp 5 cành tím và 5 cành trắng.</p>
<p><strong><font color=""#008000"">TIÊU CHUẨN KỸ&nbsp;THUẬT:&nbsp;</font></strong></p>
<p><b>- Cành&nbsp;từ 6 bông + 3 nụ trở lên.</b></p>
<p><b>- Thân&nbsp;cao từ 60cm.</b></p>
<p><b>- Tuổi thọ&nbsp;khoảng 30 ngày</b></p>
<p><strong><span style=""color:#008000;""></span></strong></p>
","Hoa lan>Hoa lan hồ điệp","https://hoatuoi360.com/contents/images/Products/Phong%20lan%20-%20%C4%90%E1%BB%8Ba%20lan/OR-1058.jpg","Bình thường","Kích thước",2700000
"so62m","#OR058","Hoa Lan Hồ Điệp OR 058","<p style=""text-align: justify;"">LAN HỒ ĐIỆP được mệnh danh là “ Nữ hoàng của các loài hoa”,&nbsp;không chỉ có ý nghĩa là sự cao sang, quý phái mà còn là sứ giả truyền tải cảm xúc một cách nhẹ nhàng, hoa còn mang đến cho chúng ta vẻ đẹp tinh khiết của tự nhiên, nét quyến rũ cho không gian sống.</p>
<p style=""text-align: justify;"">Ngày nay người ta chon LAN HỒ ĐIỆP để tặng nhau vào những dịp khai trương, sinh nhật, hay thăng quan tiến chức...&nbsp;Đặc&nbsp;biệt là dịp&nbsp;mừng xuân<strong>&nbsp;</strong>mới<strong>&nbsp;</strong>như một lời chúc tốt đẹp nhất !</p>
<p style=""text-align: justify;""><strong>Ý nghĩa lan Hồ&nbsp;Điệp Trắng:&nbsp;</strong>là biểu tượng của sự ngây thơ, xinh đẹp và trang trọng. Bạn có thể dùng chậu hoa lan hồ điệp trắng làm món quà để tặng cho người thân yêu của mình trong những dịp đặc biệt.</p>
<p style=""text-align: justify;""><strong>Ý nghĩa lan Hồ&nbsp;Điệp Tím:&nbsp;</strong>tượng trưng cho niềm vui, hạnh phúc, và ngây thơ. Vì vậy một chậu lan hồ điệp tím&nbsp;là món quà có ý nghĩa cho ngày kỷ niệm, sự chung thủy hay lòng kính trọng với người thân hay đối tác…</p>
<p style=""text-align: justify;""><strong>Lưu ý:&nbsp;</strong><em>Giá&nbsp;hoa đã bao gồm chậu và trang&nbsp;trí,&nbsp;giao hoa miễn phí trong nội thành TP.HCM.&nbsp;</em></p>
","
<p><span style=""color:#008000;""></span></p>
<p>Chậu Lan Hồ Điệp 5 cành tím và 5 cành trắng.</p>
<p><strong><font color=""#008000"">TIÊU CHUẨN KỸ&nbsp;THUẬT:&nbsp;</font></strong></p>
<p><b>- Cành&nbsp;từ 6 bông + 3 nụ trở lên.</b></p>
<p><b>- Thân&nbsp;cao từ 60cm.</b></p>
<p><b>- Tuổi thọ&nbsp;khoảng 30 ngày</b></p>
<p><strong><span style=""color:#008000;""></span></strong></p>
","Hoa lan>Hoa lan hồ điệp","https://hoatuoi360.com/contents/images/Products/Phong%20lan%20-%20%C4%90%E1%BB%8Ba%20lan/OR-1058.jpg","Lớn hơn (+30%)","Kích thước",3510000
"utrc6","#OR059","Hoa Lan Hồ Điệp OR 059","<p style=""text-align: justify;"">LAN HỒ ĐIỆP được mệnh danh là “ Nữ hoàng của các loài hoa”,&nbsp;không chỉ có ý nghĩa là sự cao sang, quý phái mà còn là sứ giả truyền tải cảm xúc một cách nhẹ nhàng, hoa còn mang đến cho chúng ta vẻ đẹp tinh khiết của tự nhiên, nét quyến rũ cho không gian sống.</p>
<p style=""text-align: justify;"">Ngày nay người ta chon LAN HỒ ĐIỆP để tặng nhau vào những dịp khai trương, sinh nhật, hay thăng quan tiến chức...&nbsp;Đặc&nbsp;biệt là dịp&nbsp;mừng xuân<strong>&nbsp;</strong>mới<strong>&nbsp;</strong>như một lời chúc tốt đẹp nhất !</p>
<p style=""text-align: justify;""><strong>Ý nghĩa lan Hồ&nbsp;Điệp Trắng:&nbsp;</strong>là biểu tượng của sự ngây thơ, xinh đẹp và trang trọng. Bạn có thể dùng chậu hoa lan hồ điệp trắng làm món quà để tặng cho người thân yêu của mình trong những dịp đặcbiệt.</p>
<p style=""text-align: justify;""><strong>Lưu ý:&nbsp;</strong><em>Giá&nbsp;hoa đã bao gồm chậu và trang&nbsp;trí,&nbsp;giao hoa miễn phí trong nội thành TP.HCM.&nbsp;</em></p>
","
<p><span style=""color:#008000;""></span></p>
<p>Chậu Lan Hồ Điệp 30 cành trắng.</p>
<p><strong><font color=""#008000"">TIÊU CHUẨN KỸ&nbsp;THUẬT:&nbsp;</font></strong></p>
<p><b>- Cành&nbsp;từ 6 bông + 3 nụ trở lên.</b></p>
<p><b>- Thân&nbsp;cao từ 60cm.</b></p>
<p><b>- Tuổi thọ&nbsp;khoảng 30 ngày</b></p>
<p><strong><span style=""color:#008000;""></span></strong></p>
","Hoa lan>Hoa lan hồ điệp","https://hoatuoi360.com/contents/images/Products/Phong%20lan%20-%20%C4%90%E1%BB%8Ba%20lan/OR-1059.jpg","Bình thường","Kích thước",8100000
"utrc6","#OR059","Hoa Lan Hồ Điệp OR 059","<p style=""text-align: justify;"">LAN HỒ ĐIỆP được mệnh danh là “ Nữ hoàng của các loài hoa”,&nbsp;không chỉ có ý nghĩa là sự cao sang, quý phái mà còn là sứ giả truyền tải cảm xúc một cách nhẹ nhàng, hoa còn mang đến cho chúng ta vẻ đẹp tinh khiết của tự nhiên, nét quyến rũ cho không gian sống.</p>
<p style=""text-align: justify;"">Ngày nay người ta chon LAN HỒ ĐIỆP để tặng nhau vào những dịp khai trương, sinh nhật, hay thăng quan tiến chức...&nbsp;Đặc&nbsp;biệt là dịp&nbsp;mừng xuân<strong>&nbsp;</strong>mới<strong>&nbsp;</strong>như một lời chúc tốt đẹp nhất !</p>
<p style=""text-align: justify;""><strong>Ý nghĩa lan Hồ&nbsp;Điệp Trắng:&nbsp;</strong>là biểu tượng của sự ngây thơ, xinh đẹp và trang trọng. Bạn có thể dùng chậu hoa lan hồ điệp trắng làm món quà để tặng cho người thân yêu của mình trong những dịp đặcbiệt.</p>
<p style=""text-align: justify;""><strong>Lưu ý:&nbsp;</strong><em>Giá&nbsp;hoa đã bao gồm chậu và trang&nbsp;trí,&nbsp;giao hoa miễn phí trong nội thành TP.HCM.&nbsp;</em></p>
","
<p><span style=""color:#008000;""></span></p>
<p>Chậu Lan Hồ Điệp 30 cành trắng.</p>
<p><strong><font color=""#008000"">TIÊU CHUẨN KỸ&nbsp;THUẬT:&nbsp;</font></strong></p>
<p><b>- Cành&nbsp;từ 6 bông + 3 nụ trở lên.</b></p>
<p><b>- Thân&nbsp;cao từ 60cm.</b></p>
<p><b>- Tuổi thọ&nbsp;khoảng 30 ngày</b></p>
<p><strong><span style=""color:#008000;""></span></strong></p>
","Hoa lan>Hoa lan hồ điệp","https://hoatuoi360.com/contents/images/Products/Phong%20lan%20-%20%C4%90%E1%BB%8Ba%20lan/OR-1059.jpg","Lớn hơn (+30%)","Kích thước",10530000
"v933v","#OR060","Hoa Lan Hồ Điệp OR 060","<p style=""text-align: justify;"">LAN HỒ ĐIỆP được mệnh danh là “ Nữ hoàng của các loài hoa”,&nbsp;không chỉ có ý nghĩa là sự cao sang, quý phái mà còn là sứ giả truyền tải cảm xúc một cách nhẹ nhàng, hoa còn mang đến cho chúng ta vẻ đẹp tinh khiết của tự nhiên, nét quyến rũ cho không gian sống.</p>
<p style=""text-align: justify;"">Ngày nay người ta chon LAN HỒ ĐIỆP để tặng nhau vào những dịp khai trương, sinh nhật, hay thăng quan tiến chức...&nbsp;Đặc&nbsp;biệt là dịp&nbsp;mừng xuân<strong>&nbsp;</strong>mới<strong>&nbsp;</strong>như một lời chúc tốt đẹp nhất !</p>
<p style=""text-align: justify;""><strong>Ý nghĩa lan Hồ&nbsp;Điệp Trắng:&nbsp;</strong>là biểu tượng của sự ngây thơ, xinh đẹp và trang trọng. Bạn có thể dùng chậu hoa lan hồ điệp trắng làm món quà để tặng cho người thân yêu của mình trong những dịp đặc biệt.</p>
<p style=""text-align: justify;""><strong>Ý nghĩa lan Hồ&nbsp;Điệp Tím:&nbsp;</strong>tượng trưng cho niềm vui, hạnh phúc, và ngây thơ. Vì vậy một chậu lan hồ điệp tím&nbsp;là món quà có ý nghĩa cho ngày kỷ niệm, sự chung thủy hay lòng kính trọng với người thân hay đối tác…</p>
<p style=""text-align: justify;""><strong>Lưu ý:&nbsp;</strong><em>Giá&nbsp;hoa đã bao gồm chậu và trang&nbsp;trí,&nbsp;giao hoa miễn phí trong nội thành TP.HCM.&nbsp;</em></p>
","
<p>Chậu Lan Hồ Điệp 20 cành tím và 40 cành trắng.</p>
<p><strong><font color=""#008000"">TIÊU CHUẨN KỸ&nbsp;THUẬT:&nbsp;</font></strong></p>
<p><b>- Cành&nbsp;từ 6 bông + 3 nụ trở lên.</b></p>
<p><b>- Thân&nbsp;cao từ 60cm.</b></p>
<p><b>- Tuổi thọ&nbsp;khoảng 30 ngày.</b></p>
","Hoa lan>Hoa lan hồ điệp","https://hoatuoi360.com/contents/images/Products/Phong%20lan%20-%20%C4%90%E1%BB%8Ba%20lan/OR-1060.jpg","Bình thường","Kích thước",16200000
"v933v","#OR060","Hoa Lan Hồ Điệp OR 060","<p style=""text-align: justify;"">LAN HỒ ĐIỆP được mệnh danh là “ Nữ hoàng của các loài hoa”,&nbsp;không chỉ có ý nghĩa là sự cao sang, quý phái mà còn là sứ giả truyền tải cảm xúc một cách nhẹ nhàng, hoa còn mang đến cho chúng ta vẻ đẹp tinh khiết của tự nhiên, nét quyến rũ cho không gian sống.</p>
<p style=""text-align: justify;"">Ngày nay người ta chon LAN HỒ ĐIỆP để tặng nhau vào những dịp khai trương, sinh nhật, hay thăng quan tiến chức...&nbsp;Đặc&nbsp;biệt là dịp&nbsp;mừng xuân<strong>&nbsp;</strong>mới<strong>&nbsp;</strong>như một lời chúc tốt đẹp nhất !</p>
<p style=""text-align: justify;""><strong>Ý nghĩa lan Hồ&nbsp;Điệp Trắng:&nbsp;</strong>là biểu tượng của sự ngây thơ, xinh đẹp và trang trọng. Bạn có thể dùng chậu hoa lan hồ điệp trắng làm món quà để tặng cho người thân yêu của mình trong những dịp đặc biệt.</p>
<p style=""text-align: justify;""><strong>Ý nghĩa lan Hồ&nbsp;Điệp Tím:&nbsp;</strong>tượng trưng cho niềm vui, hạnh phúc, và ngây thơ. Vì vậy một chậu lan hồ điệp tím&nbsp;là món quà có ý nghĩa cho ngày kỷ niệm, sự chung thủy hay lòng kính trọng với người thân hay đối tác…</p>
<p style=""text-align: justify;""><strong>Lưu ý:&nbsp;</strong><em>Giá&nbsp;hoa đã bao gồm chậu và trang&nbsp;trí,&nbsp;giao hoa miễn phí trong nội thành TP.HCM.&nbsp;</em></p>
","
<p>Chậu Lan Hồ Điệp 20 cành tím và 40 cành trắng.</p>
<p><strong><font color=""#008000"">TIÊU CHUẨN KỸ&nbsp;THUẬT:&nbsp;</font></strong></p>
<p><b>- Cành&nbsp;từ 6 bông + 3 nụ trở lên.</b></p>
<p><b>- Thân&nbsp;cao từ 60cm.</b></p>
<p><b>- Tuổi thọ&nbsp;khoảng 30 ngày.</b></p>
","Hoa lan>Hoa lan hồ điệp","https://hoatuoi360.com/contents/images/Products/Phong%20lan%20-%20%C4%90%E1%BB%8Ba%20lan/OR-1060.jpg","Lớn hơn (+30%)","Kích thước",21060000
"tssz","#OR064","Hoa Lan Hồ Điệp OR 064","<p>LAN HỒ ĐIỆP được mệnh danh là “ Nữ hoàng của các loài hoa”,&nbsp;không chỉ có ý nghĩa là sự cao sang, quý phái mà còn là sứ giả truyền tải cảm xúc một cách nhẹ nhàng, hoa còn mang đến cho chúng ta vẻ đẹp tinh khiết của tự nhiên, nét quyến rũ cho không gian sống.</p>
<p>Ngày nay người ta chon LAN HỒ ĐIỆP để tặng nhau vào những dịp khai trương, sinh nhật, hay thăng quan tiến chức...&nbsp;Đặc&nbsp;biệt là dịp&nbsp;mừng xuân<strong>&nbsp;</strong>mới<strong>&nbsp;</strong>như một lời chúc tốt đẹp nhất !</p>
<p><strong>Ý nghĩa lan Hồ&nbsp;Điệp&nbsp;trắng:</strong>&nbsp;Là biểu tượng của sự ngây thơ, xinh đẹp và trang trọng. Bạn có thể dùng LAN HỒ ĐIỆP trắng làm món quà để tặng cho người thân yêu của mình trong những dịp đặc biệt.</p>
","
<p>Chậu Lan Hồ Điệp 5 cành trắng.</p>
<p><strong><font color=""#008000"">TIÊU CHUẨN KỸ&nbsp;THUẬT:&nbsp;</font></strong></p>
<p><b>- Cành&nbsp;từ 6 bông + 3 nụ trở lên.</b></p>
<p><b>- Thân&nbsp;cao từ 60cm.</b></p>
<p><b>- Tuổi thọ&nbsp;khoảng 30 ngày</b></p>
","Hoa lan>Hoa lan hồ điệp","https://hoatuoi360.com/contents/images/Products/Phong%20lan%20-%20%C4%90%E1%BB%8Ba%20lan/or064(1).jpg","Bình thường","Kích thước",1350000
"tssz","#OR064","Hoa Lan Hồ Điệp OR 064","<p>LAN HỒ ĐIỆP được mệnh danh là “ Nữ hoàng của các loài hoa”,&nbsp;không chỉ có ý nghĩa là sự cao sang, quý phái mà còn là sứ giả truyền tải cảm xúc một cách nhẹ nhàng, hoa còn mang đến cho chúng ta vẻ đẹp tinh khiết của tự nhiên, nét quyến rũ cho không gian sống.</p>
<p>Ngày nay người ta chon LAN HỒ ĐIỆP để tặng nhau vào những dịp khai trương, sinh nhật, hay thăng quan tiến chức...&nbsp;Đặc&nbsp;biệt là dịp&nbsp;mừng xuân<strong>&nbsp;</strong>mới<strong>&nbsp;</strong>như một lời chúc tốt đẹp nhất !</p>
<p><strong>Ý nghĩa lan Hồ&nbsp;Điệp&nbsp;trắng:</strong>&nbsp;Là biểu tượng của sự ngây thơ, xinh đẹp và trang trọng. Bạn có thể dùng LAN HỒ ĐIỆP trắng làm món quà để tặng cho người thân yêu của mình trong những dịp đặc biệt.</p>
","
<p>Chậu Lan Hồ Điệp 5 cành trắng.</p>
<p><strong><font color=""#008000"">TIÊU CHUẨN KỸ&nbsp;THUẬT:&nbsp;</font></strong></p>
<p><b>- Cành&nbsp;từ 6 bông + 3 nụ trở lên.</b></p>
<p><b>- Thân&nbsp;cao từ 60cm.</b></p>
<p><b>- Tuổi thọ&nbsp;khoảng 30 ngày</b></p>
","Hoa lan>Hoa lan hồ điệp","https://hoatuoi360.com/contents/images/Products/Phong%20lan%20-%20%C4%90%E1%BB%8Ba%20lan/or064(1).jpg","Lớn hơn (+30%)","Kích thước",1755000
"2hvaq","#OR050","Hoa Lan Hồ Điệp OR 050","<p>LAN HỒ ĐIỆP được mệnh danh là “ Nữ hoàng của các loài hoa”,&nbsp;không chỉ có ý nghĩa là sự cao sang, quý phái mà còn là sứ giả truyền tải cảm xúc một cách nhẹ nhàng, hoa còn mang đến cho chúng ta vẻ đẹp tinh khiết của tự nhiên, nét quyến rũ cho không gian sống.</p>
<p>Ngày nay người ta chon LAN HỒ ĐIỆP để tặng nhau vào những dịp khai trương, sinh nhật, hay thăng quan tiến chức...&nbsp;Đặc&nbsp;biệt là dịp&nbsp;mừng xuân<strong>&nbsp;</strong>mới<strong>&nbsp;</strong>như một lời chúc tốt đẹp nhất !</p>
<p><strong>Ý nghĩa lan Hồ&nbsp;Điệp Trắng:&nbsp;</strong>là biểu tượng của sự ngây thơ, xinh đẹp và trang trọng. Bạn có thể dùng chậu hoa lan hồ điệp trắng làm món quà để tặng cho người thân yêu của mình trong những dịp đặcbiệt.</p>
<p><strong>Lưu ý:&nbsp;</strong><em>Giá&nbsp;hoa đã bao gồm chậu và trang&nbsp;trí,&nbsp;giao hoa miễn phí trong nội thành TP.HCM.&nbsp;</em></p>
","
<p>Chậu Lan Hồ Điệp 1 cành trắng.</p>
<p><strong><font color=""#008000"">TIÊU CHUẨN KỸ&nbsp;THUẬT:&nbsp;</font></strong></p>
<p><b>- Cành&nbsp;từ 6 bông + 3 nụ trở lên.</b></p>
<p><b>- Thân&nbsp;cao từ 60cm.</b></p>
<p><b>- Tuổi thọ&nbsp;khoảng 30 ngày</b></p>
","Hoa lan>Hoa lan hồ điệp","https://hoatuoi360.com/contents/images/Products/Phong%20lan%20-%20%C4%90%E1%BB%8Ba%20lan/fhgcfgzcvc.jpg","Bình thường","Kích thước",300000
"2hvaq","#OR050","Hoa Lan Hồ Điệp OR 050","<p>LAN HỒ ĐIỆP được mệnh danh là “ Nữ hoàng của các loài hoa”,&nbsp;không chỉ có ý nghĩa là sự cao sang, quý phái mà còn là sứ giả truyền tải cảm xúc một cách nhẹ nhàng, hoa còn mang đến cho chúng ta vẻ đẹp tinh khiết của tự nhiên, nét quyến rũ cho không gian sống.</p>
<p>Ngày nay người ta chon LAN HỒ ĐIỆP để tặng nhau vào những dịp khai trương, sinh nhật, hay thăng quan tiến chức...&nbsp;Đặc&nbsp;biệt là dịp&nbsp;mừng xuân<strong>&nbsp;</strong>mới<strong>&nbsp;</strong>như một lời chúc tốt đẹp nhất !</p>
<p><strong>Ý nghĩa lan Hồ&nbsp;Điệp Trắng:&nbsp;</strong>là biểu tượng của sự ngây thơ, xinh đẹp và trang trọng. Bạn có thể dùng chậu hoa lan hồ điệp trắng làm món quà để tặng cho người thân yêu của mình trong những dịp đặcbiệt.</p>
<p><strong>Lưu ý:&nbsp;</strong><em>Giá&nbsp;hoa đã bao gồm chậu và trang&nbsp;trí,&nbsp;giao hoa miễn phí trong nội thành TP.HCM.&nbsp;</em></p>
","
<p>Chậu Lan Hồ Điệp 1 cành trắng.</p>
<p><strong><font color=""#008000"">TIÊU CHUẨN KỸ&nbsp;THUẬT:&nbsp;</font></strong></p>
<p><b>- Cành&nbsp;từ 6 bông + 3 nụ trở lên.</b></p>
<p><b>- Thân&nbsp;cao từ 60cm.</b></p>
<p><b>- Tuổi thọ&nbsp;khoảng 30 ngày</b></p>
","Hoa lan>Hoa lan hồ điệp","https://hoatuoi360.com/contents/images/Products/Phong%20lan%20-%20%C4%90%E1%BB%8Ba%20lan/fhgcfgzcvc.jpg","Lớn hơn (+30%)","Kích thước",390000
"s643q","#OR044","Lan Hồ Điệp OR 044","<p>LAN HỒ ĐIỆP được mệnh danh là “ Nữ hoàng của các loài hoa”,&nbsp;không chỉ có ý nghĩa là sự cao sang, quý phái mà còn là sứ giả truyền tải cảm xúc một cách nhẹ nhàng, hoa còn mang đến cho chúng ta vẻ đẹp tinh khiết của tự nhiên, nét quyến rũ cho không gian sống.</p>
<p>Ngày nay người ta chon LAN HỒ ĐIỆP để tặng nhau vào những dịp khai trương, sinh nhật, hay thăng quan tiến chức...&nbsp;Đặc&nbsp;biệt là dịp&nbsp;mừng xuân<strong>&nbsp;</strong>mới<strong>&nbsp;</strong>như một lời chúc tốt đẹp nhất !</p>
<p><strong>Ý nghĩa lan Hồ&nbsp;Điệp Trắng:&nbsp;</strong>là biểu tượng của sự ngây thơ, xinh đẹp và trang trọng. Bạn có thể dùng chậu hoa lan hồ điệp trắng làm món quà để tặng cho người thân yêu của mình trong những dịp đặcbiệt.</p>
<p><strong>Lưu ý:&nbsp;</strong><em>Giá&nbsp;hoa đã bao gồm chậu và trang&nbsp;trí,&nbsp;giao hoa miễn phí trong nội thành TP.HCM.&nbsp;</em></p>
","
<p>Chậu Lan Hồ Điệp 7 cành trắng.</p>
<p><strong><font color=""#008000"">TIÊU CHUẨN KỸ&nbsp;THUẬT:&nbsp;</font></strong></p>
<p><b>- Cành&nbsp;từ 6 bông + 3 nụ trở lên.</b></p>
<p><b>- Thân&nbsp;cao từ 60cm.</b></p>
<p><b>- Tuổi thọ&nbsp;khoảng 30 ngày</b></p>
","Hoa lan>Hoa lan hồ điệp","https://hoatuoi360.com/contents/images/Products/Phong%20lan%20-%20%C4%90%E1%BB%8Ba%20lan/Lan-ho-diep-OR-44.jpg","Bình thường","Kích thước",1890000
"s643q","#OR044","Lan Hồ Điệp OR 044","<p>LAN HỒ ĐIỆP được mệnh danh là “ Nữ hoàng của các loài hoa”,&nbsp;không chỉ có ý nghĩa là sự cao sang, quý phái mà còn là sứ giả truyền tải cảm xúc một cách nhẹ nhàng, hoa còn mang đến cho chúng ta vẻ đẹp tinh khiết của tự nhiên, nét quyến rũ cho không gian sống.</p>
<p>Ngày nay người ta chon LAN HỒ ĐIỆP để tặng nhau vào những dịp khai trương, sinh nhật, hay thăng quan tiến chức...&nbsp;Đặc&nbsp;biệt là dịp&nbsp;mừng xuân<strong>&nbsp;</strong>mới<strong>&nbsp;</strong>như một lời chúc tốt đẹp nhất !</p>
<p><strong>Ý nghĩa lan Hồ&nbsp;Điệp Trắng:&nbsp;</strong>là biểu tượng của sự ngây thơ, xinh đẹp và trang trọng. Bạn có thể dùng chậu hoa lan hồ điệp trắng làm món quà để tặng cho người thân yêu của mình trong những dịp đặcbiệt.</p>
<p><strong>Lưu ý:&nbsp;</strong><em>Giá&nbsp;hoa đã bao gồm chậu và trang&nbsp;trí,&nbsp;giao hoa miễn phí trong nội thành TP.HCM.&nbsp;</em></p>
","
<p>Chậu Lan Hồ Điệp 7 cành trắng.</p>
<p><strong><font color=""#008000"">TIÊU CHUẨN KỸ&nbsp;THUẬT:&nbsp;</font></strong></p>
<p><b>- Cành&nbsp;từ 6 bông + 3 nụ trở lên.</b></p>
<p><b>- Thân&nbsp;cao từ 60cm.</b></p>
<p><b>- Tuổi thọ&nbsp;khoảng 30 ngày</b></p>
","Hoa lan>Hoa lan hồ điệp","https://hoatuoi360.com/contents/images/Products/Phong%20lan%20-%20%C4%90%E1%BB%8Ba%20lan/Lan-ho-diep-OR-44.jpg","Lớn hơn (+30%)","Kích thước",2457000
"0kgj","#OR049","Hoa Lan Hồ Điệp OR 049","<p>LAN HỒ ĐIỆP được mệnh danh là “ Nữ hoàng của các loài hoa”,&nbsp;không chỉ có ý nghĩa là sự cao sang, quý phái mà còn là sứ giả truyền tải cảm xúc một cách nhẹ nhàng, hoa còn mang đến cho chúng ta vẻ đẹp tinh khiết của tự nhiên, nét quyến rũ cho không gian sống.</p>
<p>Ngày nay người ta chon LAN HỒ ĐIỆP để tặng nhau vào những dịp khai trương, sinh nhật, hay thăng quan tiến chức...&nbsp;Đặc&nbsp;biệt là dịp&nbsp;mừng xuân<strong>&nbsp;</strong>mới<strong>&nbsp;</strong>như một lời chúc tốt đẹp nhất !</p>
<p><strong>Ý nghĩa lan Hồ&nbsp;Điệp Đỏ Tía:</strong>&nbsp;tượng trưng cho hoàng gia, sự ngưỡng mộ và tôn trọng. Bạn có thể dùng nó để làm hoa tặng sếp nam nhé.</p>
<p><strong>Lưu ý:&nbsp;</strong><em>Giá&nbsp;hoa đã bao gồm chậu và trang&nbsp;trí,&nbsp;giao hoa miễn phí trong nội thành TP.HCM.&nbsp;</em></p>
","
<p>Chậu Lan Hồ Điệp 5 cành đỏ tía xọc.</p>
<p><strong><font color=""#008000"">TIÊU CHUẨN KỸ&nbsp;THUẬT:&nbsp;</font></strong></p>
<p><b>- Cành&nbsp;từ 6 bông + 3 nụ trở lên.</b></p>
<p><b>- Thân&nbsp;cao từ 60cm.</b></p>
<p><b>- Tuổi thọ&nbsp;khoảng 30 ngày</b></p>
","Hoa lan>Hoa lan hồ điệp","https://hoatuoi360.com/contents/images/Products/Phong%20lan%20-%20%C4%90%E1%BB%8Ba%20lan/DSC_0002.jpg","Bình thường","Kích thước",1350000
"0kgj","#OR049","Hoa Lan Hồ Điệp OR 049","<p>LAN HỒ ĐIỆP được mệnh danh là “ Nữ hoàng của các loài hoa”,&nbsp;không chỉ có ý nghĩa là sự cao sang, quý phái mà còn là sứ giả truyền tải cảm xúc một cách nhẹ nhàng, hoa còn mang đến cho chúng ta vẻ đẹp tinh khiết của tự nhiên, nét quyến rũ cho không gian sống.</p>
<p>Ngày nay người ta chon LAN HỒ ĐIỆP để tặng nhau vào những dịp khai trương, sinh nhật, hay thăng quan tiến chức...&nbsp;Đặc&nbsp;biệt là dịp&nbsp;mừng xuân<strong>&nbsp;</strong>mới<strong>&nbsp;</strong>như một lời chúc tốt đẹp nhất !</p>
<p><strong>Ý nghĩa lan Hồ&nbsp;Điệp Đỏ Tía:</strong>&nbsp;tượng trưng cho hoàng gia, sự ngưỡng mộ và tôn trọng. Bạn có thể dùng nó để làm hoa tặng sếp nam nhé.</p>
<p><strong>Lưu ý:&nbsp;</strong><em>Giá&nbsp;hoa đã bao gồm chậu và trang&nbsp;trí,&nbsp;giao hoa miễn phí trong nội thành TP.HCM.&nbsp;</em></p>
","
<p>Chậu Lan Hồ Điệp 5 cành đỏ tía xọc.</p>
<p><strong><font color=""#008000"">TIÊU CHUẨN KỸ&nbsp;THUẬT:&nbsp;</font></strong></p>
<p><b>- Cành&nbsp;từ 6 bông + 3 nụ trở lên.</b></p>
<p><b>- Thân&nbsp;cao từ 60cm.</b></p>
<p><b>- Tuổi thọ&nbsp;khoảng 30 ngày</b></p>
","Hoa lan>Hoa lan hồ điệp","https://hoatuoi360.com/contents/images/Products/Phong%20lan%20-%20%C4%90%E1%BB%8Ba%20lan/DSC_0002.jpg","Lớn hơn (+30%)","Kích thước",1755000
"g46ja","#OR048","Hoa lan HỒ ĐIỆP OR 048","<p>LAN HỒ ĐIỆP được mệnh danh là “ Nữ hoàng của các loài hoa”,&nbsp;không chỉ có ý nghĩa là sự cao sang, quý phái mà còn là sứ giả truyền tải cảm xúc một cách nhẹ nhàng, hoa còn mang đến cho chúng ta vẻ đẹp tinh khiết của tự nhiên, nét quyến rũ cho không gian sống.</p>
<p>Ngày nay người ta chon LAN HỒ ĐIỆP để tặng nhau vào những dịp khai trương, sinh nhật, hay thăng quan tiến chức...&nbsp;Đặc&nbsp;biệt là dịp&nbsp;mừng xuân<strong>&nbsp;</strong>mới<strong>&nbsp;</strong>như một lời chúc tốt đẹp nhất !</p>
<p><strong>Ý nghĩa lan Hồ&nbsp;Điệp Trắng:&nbsp;</strong>là biểu tượng của sự ngây thơ, xinh đẹp và trang trọng. Bạn có thể dùng chậu hoa lan hồ điệp trắng làm món quà để tặng cho người thân yêu của mình trong những dịp đặc biệt.</p>
<p><strong>Ý nghĩa lan Hồ&nbsp;Điệp Tím:&nbsp;</strong>tượng trưng cho niềm vui, hạnh phúc, và ngây thơ. Vì vậy một chậu lan hồ điệp tím&nbsp;là món quà có ý nghĩa cho ngày kỷ niệm, sự chung thủy hay lòng kính trọng với người thân hay đối tác…</p>
<p><strong>Lưu ý:&nbsp;</strong><em>Giá&nbsp;hoa đã bao gồm chậu và trang&nbsp;trí,&nbsp;giao hoa miễn phí trong nội thành TP.HCM.&nbsp;</em></p>
","
<p>Chậu Lan Hồ Điệp 5 cành tím và 10 cành trắng.</p>
<p><strong><font color=""#008000"">TIÊU CHUẨN KỸ&nbsp;THUẬT:&nbsp;</font></strong></p>
<p><b>- Cành&nbsp;từ 6 bông + 3 nụ trở lên.</b></p>
<p><b>- Thân&nbsp;cao từ 60cm.</b></p>
<p><b>- Tuổi thọ&nbsp;khoảng 30 ngày</b></p>
","Hoa lan>Hoa lan hồ điệp","https://hoatuoi360.com/contents/images/Products/Phong%20lan%20-%20%C4%90%E1%BB%8Ba%20lan/hoa-lan-ho-diep-or-048.jpg","Bình thường","Kích thước",4050000
"g46ja","#OR048","Hoa lan HỒ ĐIỆP OR 048","<p>LAN HỒ ĐIỆP được mệnh danh là “ Nữ hoàng của các loài hoa”,&nbsp;không chỉ có ý nghĩa là sự cao sang, quý phái mà còn là sứ giả truyền tải cảm xúc một cách nhẹ nhàng, hoa còn mang đến cho chúng ta vẻ đẹp tinh khiết của tự nhiên, nét quyến rũ cho không gian sống.</p>
<p>Ngày nay người ta chon LAN HỒ ĐIỆP để tặng nhau vào những dịp khai trương, sinh nhật, hay thăng quan tiến chức...&nbsp;Đặc&nbsp;biệt là dịp&nbsp;mừng xuân<strong>&nbsp;</strong>mới<strong>&nbsp;</strong>như một lời chúc tốt đẹp nhất !</p>
<p><strong>Ý nghĩa lan Hồ&nbsp;Điệp Trắng:&nbsp;</strong>là biểu tượng của sự ngây thơ, xinh đẹp và trang trọng. Bạn có thể dùng chậu hoa lan hồ điệp trắng làm món quà để tặng cho người thân yêu của mình trong những dịp đặc biệt.</p>
<p><strong>Ý nghĩa lan Hồ&nbsp;Điệp Tím:&nbsp;</strong>tượng trưng cho niềm vui, hạnh phúc, và ngây thơ. Vì vậy một chậu lan hồ điệp tím&nbsp;là món quà có ý nghĩa cho ngày kỷ niệm, sự chung thủy hay lòng kính trọng với người thân hay đối tác…</p>
<p><strong>Lưu ý:&nbsp;</strong><em>Giá&nbsp;hoa đã bao gồm chậu và trang&nbsp;trí,&nbsp;giao hoa miễn phí trong nội thành TP.HCM.&nbsp;</em></p>
","
<p>Chậu Lan Hồ Điệp 5 cành tím và 10 cành trắng.</p>
<p><strong><font color=""#008000"">TIÊU CHUẨN KỸ&nbsp;THUẬT:&nbsp;</font></strong></p>
<p><b>- Cành&nbsp;từ 6 bông + 3 nụ trở lên.</b></p>
<p><b>- Thân&nbsp;cao từ 60cm.</b></p>
<p><b>- Tuổi thọ&nbsp;khoảng 30 ngày</b></p>
","Hoa lan>Hoa lan hồ điệp","https://hoatuoi360.com/contents/images/Products/Phong%20lan%20-%20%C4%90%E1%BB%8Ba%20lan/hoa-lan-ho-diep-or-048.jpg","Lớn hơn (+30%)","Kích thước",5265000
"tmtle","#OR047","Hoa Lan Hồ Điệp OR 047","<p>LAN HỒ ĐIỆP được mệnh danh là “ Nữ hoàng của các loài hoa”,&nbsp;không chỉ có ý nghĩa là sự cao sang, quý phái mà còn là sứ giả truyền tải cảm xúc một cách nhẹ nhàng, hoa còn mang đến cho chúng ta vẻ đẹp tinh khiết của tự nhiên, nét quyến rũ cho không gian sống.</p>
<p>Ngày nay người ta chon LAN HỒ ĐIỆP để tặng nhau vào những dịp khai trương, sinh nhật, hay thăng quan tiến chức...&nbsp;Đặc&nbsp;biệt là dịp&nbsp;mừng xuân<strong>&nbsp;</strong>mới<strong>&nbsp;</strong>như một lời chúc tốt đẹp nhất !</p>
<p><strong>Ý nghĩa lan Hồ&nbsp;Điệp Trắng:&nbsp;</strong>là biểu tượng của sự ngây thơ, xinh đẹp và trang trọng. Bạn có thể dùng chậu hoa lan hồ điệp trắng làm món quà để tặng cho người thân yêu của mình trong những dịp đặcbiệt.</p>
<p><strong>Lưu ý:&nbsp;</strong><em>Giá&nbsp;hoa đã bao gồm chậu và trang&nbsp;trí,&nbsp;giao hoa miễn phí trong nội thành TP.HCM.&nbsp;</em></p>
","
<p>Chậu Lan Hồ Điệp 9 cành trắng.</p>
<p><strong><font color=""#008000"">TIÊU CHUẨN KỸ&nbsp;THUẬT:&nbsp;</font></strong></p>
<p><b>- Cành&nbsp;từ 6 bông + 3 nụ trở lên.</b></p>
<p><b>- Thân&nbsp;cao từ 60cm.</b></p>
<p><b>- Tuổi thọ&nbsp;khoảng 30 ngày</b></p>
","Hoa lan>Hoa lan hồ điệp","https://hoatuoi360.com/contents/images/Products/Phong%20lan%20-%20%C4%90%E1%BB%8Ba%20lan/DSC_0041.jpg","Bình thường","Kích thước",2430000
"tmtle","#OR047","Hoa Lan Hồ Điệp OR 047","<p>LAN HỒ ĐIỆP được mệnh danh là “ Nữ hoàng của các loài hoa”,&nbsp;không chỉ có ý nghĩa là sự cao sang, quý phái mà còn là sứ giả truyền tải cảm xúc một cách nhẹ nhàng, hoa còn mang đến cho chúng ta vẻ đẹp tinh khiết của tự nhiên, nét quyến rũ cho không gian sống.</p>
<p>Ngày nay người ta chon LAN HỒ ĐIỆP để tặng nhau vào những dịp khai trương, sinh nhật, hay thăng quan tiến chức...&nbsp;Đặc&nbsp;biệt là dịp&nbsp;mừng xuân<strong>&nbsp;</strong>mới<strong>&nbsp;</strong>như một lời chúc tốt đẹp nhất !</p>
<p><strong>Ý nghĩa lan Hồ&nbsp;Điệp Trắng:&nbsp;</strong>là biểu tượng của sự ngây thơ, xinh đẹp và trang trọng. Bạn có thể dùng chậu hoa lan hồ điệp trắng làm món quà để tặng cho người thân yêu của mình trong những dịp đặcbiệt.</p>
<p><strong>Lưu ý:&nbsp;</strong><em>Giá&nbsp;hoa đã bao gồm chậu và trang&nbsp;trí,&nbsp;giao hoa miễn phí trong nội thành TP.HCM.&nbsp;</em></p>
","
<p>Chậu Lan Hồ Điệp 9 cành trắng.</p>
<p><strong><font color=""#008000"">TIÊU CHUẨN KỸ&nbsp;THUẬT:&nbsp;</font></strong></p>
<p><b>- Cành&nbsp;từ 6 bông + 3 nụ trở lên.</b></p>
<p><b>- Thân&nbsp;cao từ 60cm.</b></p>
<p><b>- Tuổi thọ&nbsp;khoảng 30 ngày</b></p>
","Hoa lan>Hoa lan hồ điệp","https://hoatuoi360.com/contents/images/Products/Phong%20lan%20-%20%C4%90%E1%BB%8Ba%20lan/DSC_0041.jpg","Lớn hơn (+30%)","Kích thước",3159000
"u91nm","#OR046","Hoa Lan Hồ Điệp OR 046","<p>LAN HỒ ĐIỆP được mệnh danh là “ Nữ hoàng của các loài hoa”,&nbsp;không chỉ có ý nghĩa là sự cao sang, quý phái mà còn là sứ giả truyền tải cảm xúc một cách nhẹ nhàng, hoa còn mang đến cho chúng ta vẻ đẹp tinh khiết của tự nhiên, nét quyến rũ cho không gian sống.</p>
<p>Ngày nay người ta chon LAN HỒ ĐIỆP để tặng nhau vào những dịp khai trương, sinh nhật, hay thăng quan tiến chức...&nbsp;Đặc&nbsp;biệt là dịp&nbsp;mừng xuân&nbsp;mới&nbsp;như một lời chúc tốt đẹp nhất !</p>
<p><strong>Ý nghĩa lan Hồ&nbsp;Điệp Trắng:&nbsp;</strong>là biểu tượng của sự ngây thơ, xinh đẹp và trang trọng. Bạn có thể dùng chậu hoa lan hồ điệp trắng làm món quà để tặng cho người thân yêu của mình trong những dịp đặc biệt.</p>
<p><strong>Ý nghĩa lan Hồ&nbsp;Điệp Tím:&nbsp;</strong>tượng trưng cho niềm vui, hạnh phúc, và ngây thơ. Vì vậy một chậu lan hồ điệp tím&nbsp;là món quà có ý nghĩa cho ngày kỷ niệm, sự chung thủy hay lòng kính trọng với người thân hay đối tác…</p>
<p><strong>Lưu ý:&nbsp;</strong><em>Giá&nbsp;hoa đã bao gồm chậu và trang&nbsp;trí,&nbsp;giao hoa miễn phí trong nội thành TP.HCM.&nbsp;</em></p>
","
<p>Chậu Lan Hồ Điệp 3 cành tím và 6 cành trắng.</p>
<p><strong><font color=""#008000"">TIÊU CHUẨN KỸ&nbsp;THUẬT:&nbsp;</font></strong></p>
<p><b>- Cành&nbsp;từ 6 bông + 3 nụ trở lên.</b></p>
<p><b>- Thân&nbsp;cao từ 60cm.</b></p>
<p><b>- Tuổi thọ&nbsp;khoảng 30 ngày</b></p>
","Hoa lan>Hoa lan hồ điệp","https://hoatuoi360.com/contents/images/Products/Phong%20lan%20-%20%C4%90%E1%BB%8Ba%20lan/Gio-hoa-BK-2015%20%20%20%20%20%20%20%20.jpg","Bình thường","Kích thước",2430000
"u91nm","#OR046","Hoa Lan Hồ Điệp OR 046","<p>LAN HỒ ĐIỆP được mệnh danh là “ Nữ hoàng của các loài hoa”,&nbsp;không chỉ có ý nghĩa là sự cao sang, quý phái mà còn là sứ giả truyền tải cảm xúc một cách nhẹ nhàng, hoa còn mang đến cho chúng ta vẻ đẹp tinh khiết của tự nhiên, nét quyến rũ cho không gian sống.</p>
<p>Ngày nay người ta chon LAN HỒ ĐIỆP để tặng nhau vào những dịp khai trương, sinh nhật, hay thăng quan tiến chức...&nbsp;Đặc&nbsp;biệt là dịp&nbsp;mừng xuân&nbsp;mới&nbsp;như một lời chúc tốt đẹp nhất !</p>
<p><strong>Ý nghĩa lan Hồ&nbsp;Điệp Trắng:&nbsp;</strong>là biểu tượng của sự ngây thơ, xinh đẹp và trang trọng. Bạn có thể dùng chậu hoa lan hồ điệp trắng làm món quà để tặng cho người thân yêu của mình trong những dịp đặc biệt.</p>
<p><strong>Ý nghĩa lan Hồ&nbsp;Điệp Tím:&nbsp;</strong>tượng trưng cho niềm vui, hạnh phúc, và ngây thơ. Vì vậy một chậu lan hồ điệp tím&nbsp;là món quà có ý nghĩa cho ngày kỷ niệm, sự chung thủy hay lòng kính trọng với người thân hay đối tác…</p>
<p><strong>Lưu ý:&nbsp;</strong><em>Giá&nbsp;hoa đã bao gồm chậu và trang&nbsp;trí,&nbsp;giao hoa miễn phí trong nội thành TP.HCM.&nbsp;</em></p>
","
<p>Chậu Lan Hồ Điệp 3 cành tím và 6 cành trắng.</p>
<p><strong><font color=""#008000"">TIÊU CHUẨN KỸ&nbsp;THUẬT:&nbsp;</font></strong></p>
<p><b>- Cành&nbsp;từ 6 bông + 3 nụ trở lên.</b></p>
<p><b>- Thân&nbsp;cao từ 60cm.</b></p>
<p><b>- Tuổi thọ&nbsp;khoảng 30 ngày</b></p>
","Hoa lan>Hoa lan hồ điệp","https://hoatuoi360.com/contents/images/Products/Phong%20lan%20-%20%C4%90%E1%BB%8Ba%20lan/Gio-hoa-BK-2015%20%20%20%20%20%20%20%20.jpg","Lớn hơn (+30%)","Kích thước",3159000
"knjzh","#OR045","Hoa Lan Hồ Điệp OR 045","<p>LAN HỒ ĐIỆP được mệnh danh là “ Nữ hoàng của các loài hoa”,&nbsp;không chỉ có ý nghĩa là sự cao sang, quý phái mà còn là sứ giả truyền tải cảm xúc một cách nhẹ nhàng, hoa còn mang đến cho chúng ta vẻ đẹp tinh khiết của tự nhiên, nét quyến rũ cho không gian sống.</p>
<p>Ngày nay người ta chon LAN HỒ ĐIỆP để tặng nhau vào những dịp khai trương, sinh nhật, hay thăng quan tiến chức...&nbsp;Đặc&nbsp;biệt là dịp&nbsp;mừng xuân<strong>&nbsp;</strong>mới<strong>&nbsp;</strong>như một lời chúc tốt đẹp nhất !</p>
<p><strong>Ý nghĩa lan Hồ&nbsp;Điệp Trắng:&nbsp;</strong>là biểu tượng của sự ngây thơ, xinh đẹp và trang trọng. Bạn có thể dùng chậu hoa lan hồ điệp trắng làm món quà để tặng cho người thân yêu của mình trong những dịp đặc biệt.</p>
<p><strong>Ý nghĩa lan Hồ&nbsp;Điệp Tím:&nbsp;</strong>tượng trưng cho niềm vui, hạnh phúc, và ngây thơ. Vì vậy một chậu lan hồ điệp tím&nbsp;là món quà có ý nghĩa cho ngày kỷ niệm, sự chung thủy hay lòng kính trọng với người thân hay đối tác…</p>
<p><strong>Lưu ý:&nbsp;</strong><em>Giá&nbsp;hoa đã bao gồm chậu và trang&nbsp;trí,&nbsp;giao hoa miễn phí trong nội thành TP.HCM.&nbsp;</em></p>
","
<p>Chậu Lan Hồ Điệp 20 cành tím và 40 cành trắng.</p>
<p><strong><font color=""#008000"">TIÊU CHUẨN KỸ&nbsp;THUẬT:&nbsp;</font></strong></p>
<p><b>- Cành&nbsp;từ 6 bông + 3 nụ trở lên.</b></p>
<p><b>- Thân&nbsp;cao từ 60cm.</b></p>
<p><b>- Tuổi thọ&nbsp;khoảng 30 ngày</b></p>
","Hoa lan>Hoa lan hồ điệp","https://hoatuoi360.com/contents/images/Products/Phong%20lan%20-%20%C4%90%E1%BB%8Ba%20lan/hoa-lan-ho-diep-or-045.jpg","Bình thường","Kích thước",16200000
"knjzh","#OR045","Hoa Lan Hồ Điệp OR 045","<p>LAN HỒ ĐIỆP được mệnh danh là “ Nữ hoàng của các loài hoa”,&nbsp;không chỉ có ý nghĩa là sự cao sang, quý phái mà còn là sứ giả truyền tải cảm xúc một cách nhẹ nhàng, hoa còn mang đến cho chúng ta vẻ đẹp tinh khiết của tự nhiên, nét quyến rũ cho không gian sống.</p>
<p>Ngày nay người ta chon LAN HỒ ĐIỆP để tặng nhau vào những dịp khai trương, sinh nhật, hay thăng quan tiến chức...&nbsp;Đặc&nbsp;biệt là dịp&nbsp;mừng xuân<strong>&nbsp;</strong>mới<strong>&nbsp;</strong>như một lời chúc tốt đẹp nhất !</p>
<p><strong>Ý nghĩa lan Hồ&nbsp;Điệp Trắng:&nbsp;</strong>là biểu tượng của sự ngây thơ, xinh đẹp và trang trọng. Bạn có thể dùng chậu hoa lan hồ điệp trắng làm món quà để tặng cho người thân yêu của mình trong những dịp đặc biệt.</p>
<p><strong>Ý nghĩa lan Hồ&nbsp;Điệp Tím:&nbsp;</strong>tượng trưng cho niềm vui, hạnh phúc, và ngây thơ. Vì vậy một chậu lan hồ điệp tím&nbsp;là món quà có ý nghĩa cho ngày kỷ niệm, sự chung thủy hay lòng kính trọng với người thân hay đối tác…</p>
<p><strong>Lưu ý:&nbsp;</strong><em>Giá&nbsp;hoa đã bao gồm chậu và trang&nbsp;trí,&nbsp;giao hoa miễn phí trong nội thành TP.HCM.&nbsp;</em></p>
","
<p>Chậu Lan Hồ Điệp 20 cành tím và 40 cành trắng.</p>
<p><strong><font color=""#008000"">TIÊU CHUẨN KỸ&nbsp;THUẬT:&nbsp;</font></strong></p>
<p><b>- Cành&nbsp;từ 6 bông + 3 nụ trở lên.</b></p>
<p><b>- Thân&nbsp;cao từ 60cm.</b></p>
<p><b>- Tuổi thọ&nbsp;khoảng 30 ngày</b></p>
","Hoa lan>Hoa lan hồ điệp","https://hoatuoi360.com/contents/images/Products/Phong%20lan%20-%20%C4%90%E1%BB%8Ba%20lan/hoa-lan-ho-diep-or-045.jpg","Lớn hơn (+30%)","Kích thước",21060000
"8p4t","#OR043","Lan Hồ Điệp OR 043","<p>LAN HỒ ĐIỆP được mệnh danh là “ Nữ hoàng của các loài hoa”,&nbsp;không chỉ có ý nghĩa là sự cao sang, quý phái mà còn là sứ giả truyền tải cảm xúc một cách nhẹ nhàng, hoa còn mang đến cho chúng ta vẻ đẹp tinh khiết của tự nhiên, nét quyến rũ cho không gian sống.</p>
<p>Ngày nay người ta chon LAN HỒ ĐIỆP để tặng nhau vào những dịp khai trương, sinh nhật, hay thăng quan tiến chức...&nbsp;Đặc&nbsp;biệt là dịp&nbsp;mừng xuân&nbsp;mới&nbsp;như một lời chúc tốt đẹp nhất !</p>
<p><strong>Ý nghĩa lan Hồ&nbsp;Điệp Trắng:&nbsp;</strong>là biểu tượng của sự ngây thơ, xinh đẹp và trang trọng. Bạn có thể dùng chậu hoa lan hồ điệp trắng làm món quà để tặng cho người thân yêu của mình trong những dịp đặc biệt.</p>
<p><strong>Lưu ý:&nbsp;</strong><em>Giá&nbsp;hoa đã bao gồm chậu và trang&nbsp;trí,&nbsp;giao hoa miễn phí trong nội thành TP.HCM.&nbsp;</em></p>
","
<p>Chậu Lan Hồ Điệp 5 cành trắng.</p>
<p><strong><font color=""#008000"">TIÊU CHUẨN KỸ&nbsp;THUẬT:&nbsp;</font></strong></p>
<p><b>- Cành&nbsp;từ 6 bông + 3 nụ trở lên.</b></p>
<p><b>- Thân&nbsp;cao từ 60cm.</b></p>
<p><b>- Tuổi thọ&nbsp;khoảng 30 ngày</b></p>
","Hoa lan>Hoa lan hồ điệp","https://hoatuoi360.com/contents/images/Products/Phong%20lan%20-%20%C4%90%E1%BB%8Ba%20lan/Lan-h%E1%BB%93-%C4%91i%E1%BB%87p-OR-43.jpg","Bình thường","Kích thước",1350000
"8p4t","#OR043","Lan Hồ Điệp OR 043","<p>LAN HỒ ĐIỆP được mệnh danh là “ Nữ hoàng của các loài hoa”,&nbsp;không chỉ có ý nghĩa là sự cao sang, quý phái mà còn là sứ giả truyền tải cảm xúc một cách nhẹ nhàng, hoa còn mang đến cho chúng ta vẻ đẹp tinh khiết của tự nhiên, nét quyến rũ cho không gian sống.</p>
<p>Ngày nay người ta chon LAN HỒ ĐIỆP để tặng nhau vào những dịp khai trương, sinh nhật, hay thăng quan tiến chức...&nbsp;Đặc&nbsp;biệt là dịp&nbsp;mừng xuân&nbsp;mới&nbsp;như một lời chúc tốt đẹp nhất !</p>
<p><strong>Ý nghĩa lan Hồ&nbsp;Điệp Trắng:&nbsp;</strong>là biểu tượng của sự ngây thơ, xinh đẹp và trang trọng. Bạn có thể dùng chậu hoa lan hồ điệp trắng làm món quà để tặng cho người thân yêu của mình trong những dịp đặc biệt.</p>
<p><strong>Lưu ý:&nbsp;</strong><em>Giá&nbsp;hoa đã bao gồm chậu và trang&nbsp;trí,&nbsp;giao hoa miễn phí trong nội thành TP.HCM.&nbsp;</em></p>
","
<p>Chậu Lan Hồ Điệp 5 cành trắng.</p>
<p><strong><font color=""#008000"">TIÊU CHUẨN KỸ&nbsp;THUẬT:&nbsp;</font></strong></p>
<p><b>- Cành&nbsp;từ 6 bông + 3 nụ trở lên.</b></p>
<p><b>- Thân&nbsp;cao từ 60cm.</b></p>
<p><b>- Tuổi thọ&nbsp;khoảng 30 ngày</b></p>
","Hoa lan>Hoa lan hồ điệp","https://hoatuoi360.com/contents/images/Products/Phong%20lan%20-%20%C4%90%E1%BB%8Ba%20lan/Lan-h%E1%BB%93-%C4%91i%E1%BB%87p-OR-43.jpg","Lớn hơn (+30%)","Kích thước",1755000
"vcrg","#OR042","Lan Hồ Điệp OR 042","<p>LAN HỒ ĐIỆP được mệnh danh là “ Nữ hoàng của các loài hoa”,&nbsp;không chỉ có ý nghĩa là sự cao sang, quý phái mà còn là sứ giả truyền tải cảm xúc một cách nhẹ nhàng, hoa còn mang đến cho chúng ta vẻ đẹp tinh khiết của tự nhiên, nét quyến rũ cho không gian sống.</p>
<p>Ngày nay người ta chon LAN HỒ ĐIỆP để tặng nhau vào những dịp khai trương, sinh nhật, hay thăng quan tiến chức...&nbsp;Đặc&nbsp;biệt là dịp&nbsp;mừng xuân<strong>&nbsp;</strong>mới<strong>&nbsp;</strong>như một lời chúc tốt đẹp nhất !</p>
<p><strong>Ý nghĩa lan Hồ&nbsp;Điệp Vàng:</strong>&nbsp;vàng: tượng trưng cho tình bạn và sự khởi đầu mới. Vì vậy bạn có thể dùng một chậu lan hồ điệp để làm hoa khai trương hay chúc mừng.</p>
<p><strong>Lưu ý:&nbsp;</strong><em>Giá&nbsp;hoa đã bao gồm chậu và trang&nbsp;trí,&nbsp;giao hoa miễn phí trong nội thành TP.HCM.&nbsp;</em></p>
","
<p><strong><font color=""#008000"">TIÊU CHUẨN KỸ&nbsp;THUẬT:&nbsp;</font></strong></p>
<p><b>- Cành&nbsp;từ 6 bông + 3 nụ trở lên.</b></p>
<p><b>- Thân&nbsp;cao từ 60cm.</b></p>
<p><b>- Tuổi thọ&nbsp;khoảng 30 ngày</b></p>
","Hoa lan>Hoa lan hồ điệp","https://hoatuoi360.com/contents/images/Products/Phong%20lan%20-%20%C4%90%E1%BB%8Ba%20lan/Lan-h%E1%BB%93-%C4%91i%E1%BB%87p-OR-42.jpg","Bình thường","Kích thước",2700000
"vcrg","#OR042","Lan Hồ Điệp OR 042","<p>LAN HỒ ĐIỆP được mệnh danh là “ Nữ hoàng của các loài hoa”,&nbsp;không chỉ có ý nghĩa là sự cao sang, quý phái mà còn là sứ giả truyền tải cảm xúc một cách nhẹ nhàng, hoa còn mang đến cho chúng ta vẻ đẹp tinh khiết của tự nhiên, nét quyến rũ cho không gian sống.</p>
<p>Ngày nay người ta chon LAN HỒ ĐIỆP để tặng nhau vào những dịp khai trương, sinh nhật, hay thăng quan tiến chức...&nbsp;Đặc&nbsp;biệt là dịp&nbsp;mừng xuân<strong>&nbsp;</strong>mới<strong>&nbsp;</strong>như một lời chúc tốt đẹp nhất !</p>
<p><strong>Ý nghĩa lan Hồ&nbsp;Điệp Vàng:</strong>&nbsp;vàng: tượng trưng cho tình bạn và sự khởi đầu mới. Vì vậy bạn có thể dùng một chậu lan hồ điệp để làm hoa khai trương hay chúc mừng.</p>
<p><strong>Lưu ý:&nbsp;</strong><em>Giá&nbsp;hoa đã bao gồm chậu và trang&nbsp;trí,&nbsp;giao hoa miễn phí trong nội thành TP.HCM.&nbsp;</em></p>
","
<p><strong><font color=""#008000"">TIÊU CHUẨN KỸ&nbsp;THUẬT:&nbsp;</font></strong></p>
<p><b>- Cành&nbsp;từ 6 bông + 3 nụ trở lên.</b></p>
<p><b>- Thân&nbsp;cao từ 60cm.</b></p>
<p><b>- Tuổi thọ&nbsp;khoảng 30 ngày</b></p>
","Hoa lan>Hoa lan hồ điệp","https://hoatuoi360.com/contents/images/Products/Phong%20lan%20-%20%C4%90%E1%BB%8Ba%20lan/Lan-h%E1%BB%93-%C4%91i%E1%BB%87p-OR-42.jpg","Lớn hơn (+30%)","Kích thước",3510000