﻿"id","sku","name","description","short_description","breadcrumb","images","attribute_0_value","attribute_0_name","regular_price"
"n9qff","#b2018-001","B2018 001","<p>&nbsp;</p>
<p>&nbsp;</p>
","
<p>Hồng Đỏ Sasa 1 Bông.</p>
<p>&nbsp;- Được trang trí sang trọng với giấy báo, hoa lá phụ.</p>
<p>- Tối thiểu 300k 1 lần giao. free giao một lần HCM. Ngoại thành + 50k.</p>
<p>- Nhận đặt hoa hôm nay đến hết ngày 17/10, giao hoa từ 17-20 tháng 10/ 2018</p>
<p>&nbsp;</p>
","Hoa theo chủ đề>Ngày Phụ Nữ Việt Nam 20/10","https://hoatuoi360.com/contents/images/Products/B2018-001.JPG","Bình thường","Kích thước",30000
"n9qff","#b2018-001","B2018 001","<p>&nbsp;</p>
<p>&nbsp;</p>
","
<p>Hồng Đỏ Sasa 1 Bông.</p>
<p>&nbsp;- Được trang trí sang trọng với giấy báo, hoa lá phụ.</p>
<p>- Tối thiểu 300k 1 lần giao. free giao một lần HCM. Ngoại thành + 50k.</p>
<p>- Nhận đặt hoa hôm nay đến hết ngày 17/10, giao hoa từ 17-20 tháng 10/ 2018</p>
<p>&nbsp;</p>
","Hoa theo chủ đề>Ngày Phụ Nữ Việt Nam 20/10","https://hoatuoi360.com/contents/images/Products/B2018-001.JPG","Lớn hơn (+30%)","Kích thước",39000
"4ok18","#b2018-002","B2018 002",,"
<p>Hướng Dương 1Bông.</p>
<p>- Được trang trí thành bó sang trọng với hoa phụ và phụ liệu.</p>
<p>- Tối thiểu 9 bó/1 lần giao free nội thành HCM, Ngoại thành + 50k</p>
","Hoa theo chủ đề>Ngày Phụ Nữ Việt Nam 20/10","https://hoatuoi360.com/contents/images/Products/B2018-002.JPG","Bình thường","Kích thước",70000
"4ok18","#b2018-002","B2018 002",,"
<p>Hướng Dương 1Bông.</p>
<p>- Được trang trí thành bó sang trọng với hoa phụ và phụ liệu.</p>
<p>- Tối thiểu 9 bó/1 lần giao free nội thành HCM, Ngoại thành + 50k</p>
","Hoa theo chủ đề>Ngày Phụ Nữ Việt Nam 20/10","https://hoatuoi360.com/contents/images/Products/B2018-002.JPG","Lớn hơn (+30%)","Kích thước",91000
"8a41r","#H2018-001","H2018 001",,"
<p>HỘP HOA.&nbsp;</p>
<p>- Hộp hoa lan Mokara, Hướng Dương cùng hoa hồng được thiết kế sang trọng'.</p>
<p>- free giao hàng nội thành, ngoại thành + 50k.</p>
<p>- nhận đặt homo nay đến hết 17/10, giao hàng 17-20/10/ 2018</p>
","Hoa theo chủ đề>Ngày Phụ Nữ Việt Nam 20/10","https://hoatuoi360.com/contents/images/Products/H2018-001.jpg","Bình thường","Kích thước",500000
"8a41r","#H2018-001","H2018 001",,"
<p>HỘP HOA.&nbsp;</p>
<p>- Hộp hoa lan Mokara, Hướng Dương cùng hoa hồng được thiết kế sang trọng'.</p>
<p>- free giao hàng nội thành, ngoại thành + 50k.</p>
<p>- nhận đặt homo nay đến hết 17/10, giao hàng 17-20/10/ 2018</p>
","Hoa theo chủ đề>Ngày Phụ Nữ Việt Nam 20/10","https://hoatuoi360.com/contents/images/Products/H2018-001.jpg","Lớn hơn (+30%)","Kích thước",650000
"5hk7i","#H2018-002","H2018 002",,"
<p>HỘP HOA CÁCH ĐIỆU</p>
<p>- Thiết kế sang trọng theo phong cách tây với hòng chủ đạo</p>
<p>-free nội thành HCM, ngoại thành +50k</p>
<p>- Nhận đặt hoa từ 17/10, giao hàng 17-20/10/2018</p>
","Hoa theo chủ đề>Ngày Phụ Nữ Việt Nam 20/10","https://hoatuoi360.com/contents/files/H2018-002.jpg","Bình thường","Kích thước",500000
"5hk7i","#H2018-002","H2018 002",,"
<p>HỘP HOA CÁCH ĐIỆU</p>
<p>- Thiết kế sang trọng theo phong cách tây với hòng chủ đạo</p>
<p>-free nội thành HCM, ngoại thành +50k</p>
<p>- Nhận đặt hoa từ 17/10, giao hàng 17-20/10/2018</p>
","Hoa theo chủ đề>Ngày Phụ Nữ Việt Nam 20/10","https://hoatuoi360.com/contents/files/H2018-002.jpg","Lớn hơn (+30%)","Kích thước",650000
"tq7qc","#SF2018-001","SF2018 001",,"
<p>CHÚC MỪNG</p>
<p>- Lan Mokara, lily và hoa Đồng tiền cùng nhiều hoa phụ khác</p>
<p>- nhận đặt hàng hết ngày 17/10, giao hàng 17-20/10/2018</p>
<p>-Free giao nội thành HCM, NGOẠI THÀNH +50K</p>
","Hoa theo chủ đề>Ngày Phụ Nữ Việt Nam 20/10","https://hoatuoi360.com/contents/images/Products/SF2018-001.JPG","Bình thường","Kích thước",700000
"tq7qc","#SF2018-001","SF2018 001",,"
<p>CHÚC MỪNG</p>
<p>- Lan Mokara, lily và hoa Đồng tiền cùng nhiều hoa phụ khác</p>
<p>- nhận đặt hàng hết ngày 17/10, giao hàng 17-20/10/2018</p>
<p>-Free giao nội thành HCM, NGOẠI THÀNH +50K</p>
","Hoa theo chủ đề>Ngày Phụ Nữ Việt Nam 20/10","https://hoatuoi360.com/contents/images/Products/SF2018-001.JPG","Lớn hơn (+30%)","Kích thước",910000
"j97c5","#b2018-004","B2018 004",,"
<p>Bó 22 Bông Hồng Trắng.</p>
<p>- Bó hoa sang trọng với giấy báo, Salem làm hoa phụ với phụ liệu.</p>
<p>- free nội thành HCM, ngoại thành + 50k.</p>
<p>- Đặt hoa hôm nay đến hết 17/10/2018, giao hàng từ 17-20/10/2018</p>
","Hoa theo chủ đề>Ngày Phụ Nữ Việt Nam 20/10","https://hoatuoi360.com/contents/images/Products/B2018-004.JPG","Bình thường","Kích thước",1000000
"j97c5","#b2018-004","B2018 004",,"
<p>Bó 22 Bông Hồng Trắng.</p>
<p>- Bó hoa sang trọng với giấy báo, Salem làm hoa phụ với phụ liệu.</p>
<p>- free nội thành HCM, ngoại thành + 50k.</p>
<p>- Đặt hoa hôm nay đến hết 17/10/2018, giao hàng từ 17-20/10/2018</p>
","Hoa theo chủ đề>Ngày Phụ Nữ Việt Nam 20/10","https://hoatuoi360.com/contents/images/Products/B2018-004.JPG","Lớn hơn (+30%)","Kích thước",1300000
"iub4","#H2018-005","H2018 005",,"
<p>HỘP HOA 4 MẶT</p>
<p>- Quí phái cuồn nhiệt với hồng đỏ Sasa.</p>
<p>- free giao nội thành HCM, ngoại thành + 50k.&nbsp;</p>
<p>- Nhận đặt hàng hôm nay đến hết 17/10, giao hàng 17-20/10/2018.</p>
","Hoa theo chủ đề>Ngày Phụ Nữ Việt Nam 20/10","https://hoatuoi360.com/contents/images/Products/H2018-005.JPG","Bình thường","Kích thước",1000000
"iub4","#H2018-005","H2018 005",,"
<p>HỘP HOA 4 MẶT</p>
<p>- Quí phái cuồn nhiệt với hồng đỏ Sasa.</p>
<p>- free giao nội thành HCM, ngoại thành + 50k.&nbsp;</p>
<p>- Nhận đặt hàng hôm nay đến hết 17/10, giao hàng 17-20/10/2018.</p>
","Hoa theo chủ đề>Ngày Phụ Nữ Việt Nam 20/10","https://hoatuoi360.com/contents/images/Products/H2018-005.JPG","Lớn hơn (+30%)","Kích thước",1300000
"f0n25","#H2018-004","H2018 004","<p>HỘP HOA 3 MẶT</p>
<p>-Thiết kế với hồng, cát tường</p>
<p>- free giao hàng nội thành HCM, ngoại thành + 50k</p>
<p>- nhận dặt hàng dến hết ngày 17/10, giao hàng 17-20/10/2018</p>
","
","Hoa theo chủ đề>Ngày Phụ Nữ Việt Nam 20/10","https://hoatuoi360.com/contents/images/Products/H2018-004.JPG","Bình thường","Kích thước",1000000
"f0n25","#H2018-004","H2018 004","<p>HỘP HOA 3 MẶT</p>
<p>-Thiết kế với hồng, cát tường</p>
<p>- free giao hàng nội thành HCM, ngoại thành + 50k</p>
<p>- nhận dặt hàng dến hết ngày 17/10, giao hàng 17-20/10/2018</p>
","
","Hoa theo chủ đề>Ngày Phụ Nữ Việt Nam 20/10","https://hoatuoi360.com/contents/images/Products/H2018-004.JPG","Lớn hơn (+30%)","Kích thước",1300000
"99ihp","#SF2018-005","SF2018 005",,"
<p>CHÚC MỪNG&nbsp;</p>
<p>- Lan Bòcap, lily, Hồng môn, Hoa đồng tiền, Lan thái và các phụ liệu khác</p>
<p>- Nhận đặt hoa hết 17/10, giao 17-20/1-/2018</p>
<p>- Free giao nội thanh HCM, ngoại thành + 50k</p>
","Hoa theo chủ đề>Ngày Phụ Nữ Việt Nam 20/10","https://hoatuoi360.com/contents/images/Products/SF2018-005.JPG","Bình thường","Kích thước",1500000
"99ihp","#SF2018-005","SF2018 005",,"
<p>CHÚC MỪNG&nbsp;</p>
<p>- Lan Bòcap, lily, Hồng môn, Hoa đồng tiền, Lan thái và các phụ liệu khác</p>
<p>- Nhận đặt hoa hết 17/10, giao 17-20/1-/2018</p>
<p>- Free giao nội thanh HCM, ngoại thành + 50k</p>
","Hoa theo chủ đề>Ngày Phụ Nữ Việt Nam 20/10","https://hoatuoi360.com/contents/images/Products/SF2018-005.JPG","Lớn hơn (+30%)","Kích thước",1950000
"sf2qh","#G2018006","G2018 006",,"
<p>- Thiết kế sang trọng với lan, lily, hồng cùng hoa lá phụ liệu khác</p>
<p>- Nhận đặt hoa hôm nay hết 17/10, giao hàng 17-20/10/2018</p>
<p>- free giao nội thành HCM, ngoại thành + 50k</p>
","Hoa theo chủ đề>Ngày Phụ Nữ Việt Nam 20/10","https://hoatuoi360.com/contents/images/Products/G2018-006.jpg","Bình thường","Kích thước",2000000
"sf2qh","#G2018006","G2018 006",,"
<p>- Thiết kế sang trọng với lan, lily, hồng cùng hoa lá phụ liệu khác</p>
<p>- Nhận đặt hoa hôm nay hết 17/10, giao hàng 17-20/10/2018</p>
<p>- free giao nội thành HCM, ngoại thành + 50k</p>
","Hoa theo chủ đề>Ngày Phụ Nữ Việt Nam 20/10","https://hoatuoi360.com/contents/images/Products/G2018-006.jpg","Lớn hơn (+30%)","Kích thước",2600000
"pmne","#SF2018-002","SF2018 002",,"
<p>CHÚC MỪNG</p>
<p>- Ngẫu hứng tây phương với Hướng Dương</p>
<p>- Nhận đặt hoa hết ngày 17/10, giao hàng 17-20/10/2018</p>
<p>- free giao nội thành HCM, ngoại thành + 50k</p>
","Hoa theo chủ đề>Ngày Phụ Nữ Việt Nam 20/10","https://hoatuoi360.com/contents/images/Products/SF2018-002.JPG","Bình thường","Kích thước",2000000
"pmne","#SF2018-002","SF2018 002",,"
<p>CHÚC MỪNG</p>
<p>- Ngẫu hứng tây phương với Hướng Dương</p>
<p>- Nhận đặt hoa hết ngày 17/10, giao hàng 17-20/10/2018</p>
<p>- free giao nội thành HCM, ngoại thành + 50k</p>
","Hoa theo chủ đề>Ngày Phụ Nữ Việt Nam 20/10","https://hoatuoi360.com/contents/images/Products/SF2018-002.JPG","Lớn hơn (+30%)","Kích thước",2600000
"dg6","#V2018-002","V2018 002",,"
<p>BÌNH HOA CỔ ĐIỂN 3 MẶT</p>
<p>- Sang trọng với địa la, trái cây.......cùng với hoa lá phụ liệu khác</p>
<p>- free giao hàng nội thành HCM, ngoại thành +50k</p>
<p>- Nhận đơn hàng hết ngày 17/10, giao hàng 17-20/10/2018</p>
","Hoa theo chủ đề>Ngày Phụ Nữ Việt Nam 20/10","https://hoatuoi360.com/contents/images/Products/V2018-002.jpg","Bình thường","Kích thước",3000000
"dg6","#V2018-002","V2018 002",,"
<p>BÌNH HOA CỔ ĐIỂN 3 MẶT</p>
<p>- Sang trọng với địa la, trái cây.......cùng với hoa lá phụ liệu khác</p>
<p>- free giao hàng nội thành HCM, ngoại thành +50k</p>
<p>- Nhận đơn hàng hết ngày 17/10, giao hàng 17-20/10/2018</p>
","Hoa theo chủ đề>Ngày Phụ Nữ Việt Nam 20/10","https://hoatuoi360.com/contents/images/Products/V2018-002.jpg","Lớn hơn (+30%)","Kích thước",3900000
"fpk8o","#SF2018-006","SF2018 006",,"
<p>CHÚC MỪNG</p>
<p>- Lan Mokara, Thiên Điểu, Hồng Môn, lily sự sang trọng của hoa HỒ ĐIỆP, cùng hoa lá phụ khác</p>
<p>- Nhận đặt hàng hết ngày 17/10, giao hàng 17-20/10/2018</p>
<p>- Free giao hàng nội thành, ngoại thành + 50k</p>
","Hoa theo chủ đề>Ngày Phụ Nữ Việt Nam 20/10","https://hoatuoi360.com/contents/images/Products/SF2018-006.JPG","Bình thường","Kích thước",3000000
"fpk8o","#SF2018-006","SF2018 006",,"
<p>CHÚC MỪNG</p>
<p>- Lan Mokara, Thiên Điểu, Hồng Môn, lily sự sang trọng của hoa HỒ ĐIỆP, cùng hoa lá phụ khác</p>
<p>- Nhận đặt hàng hết ngày 17/10, giao hàng 17-20/10/2018</p>
<p>- Free giao hàng nội thành, ngoại thành + 50k</p>
","Hoa theo chủ đề>Ngày Phụ Nữ Việt Nam 20/10","https://hoatuoi360.com/contents/images/Products/SF2018-006.JPG","Lớn hơn (+30%)","Kích thước",3900000
"fjq5p","#V2018-001","V2018 001",,"
<p>BÌNH HOA CỔ ĐIỂN 4 MẶT</p>
<p>- Hồng và các hoa lá phụ liệu khác</p>
<p>- free giao nội thành, ngoại thành +50k</p>
<p>- Nhận đặt hoa hôm nay đến hết 17/10, giao hàng 17-20/10/2018</p>
","Hoa theo chủ đề>Ngày Phụ Nữ Việt Nam 20/10","https://hoatuoi360.com/contents/images/Products/V2018-001.jpg","Bình thường","Kích thước",3000000
"fjq5p","#V2018-001","V2018 001",,"
<p>BÌNH HOA CỔ ĐIỂN 4 MẶT</p>
<p>- Hồng và các hoa lá phụ liệu khác</p>
<p>- free giao nội thành, ngoại thành +50k</p>
<p>- Nhận đặt hoa hôm nay đến hết 17/10, giao hàng 17-20/10/2018</p>
","Hoa theo chủ đề>Ngày Phụ Nữ Việt Nam 20/10","https://hoatuoi360.com/contents/images/Products/V2018-001.jpg","Lớn hơn (+30%)","Kích thước",3900000
"u1nsm","#OR1050","Hoa Lan Hồ Điệp OR 1050","<p style=""text-align: justify;"">LAN HỒ ĐIỆP được mệnh danh là “ Nữ hoàng của các loài hoa”,&nbsp;không chỉ có ý nghĩa là sự cao sang, quý phái mà còn là sứ giả truyền tải cảm xúc một cách nhẹ nhàng, hoa còn mang đến cho chúng ta vẻ đẹp tinh khiết của tự nhiên, nét quyến rũ cho không gian sống.</p>
<p style=""text-align: justify;"">Ngày nay người ta chon LAN HỒ ĐIỆP để tặng nhau vào những dịp khai trương, sinh nhật, hay thăng quan tiến chức...&nbsp;Đặc&nbsp;biệt là dịp&nbsp;mừng xuân<strong>&nbsp;</strong>mới<strong>&nbsp;</strong>như một lời chúc tốt đẹp nhất !</p>
<p style=""text-align: justify;""><strong>Ý nghĩa lan Hồ&nbsp;Điệp&nbsp;trắng:</strong>&nbsp;Là biểu tượng của sự ngây thơ, xinh đẹp và trang trọng. Bạn có thể dùng LAN HỒ ĐIỆP trắng làm món quà để tặng cho người thân yêu của mình trong những dịp đặc biệt.</p>
<p style=""text-align: justify;""><strong>Lưu ý:&nbsp;</strong><em>Giá&nbsp;hoa đã bao gồm chậu và trang&nbsp;trí,&nbsp;giao hoa miễn phí trong nội thành TP.HCM.&nbsp;</em></p>
","
<p><span style=""color:#008000;""></span></p>
<p>Chậu Lan Hồ Điệp 1 cành trắng.</p>
<p><strong><font color=""#008000"">TIÊU CHUẨN KỸ&nbsp;THUẬT:&nbsp;</font></strong></p>
<p><b>- Cành&nbsp;từ 6 bông + 3 nụ trở lên.</b></p>
<p><b>- Thân&nbsp;cao từ 60cm.</b></p>
<p><b>- Tuổi thọ&nbsp;khoảng 30 ngày</b></p>
<p><span style=""color:#000000;""></span></p>
","Hoa lan>Hoa lan hồ điệp","https://hoatuoi360.com/contents/images/Products/Phong%20lan%20-%20%C4%90%E1%BB%8Ba%20lan/OR-1050.jpg","Bình thường","Kích thước",300000
"u1nsm","#OR1050","Hoa Lan Hồ Điệp OR 1050","<p style=""text-align: justify;"">LAN HỒ ĐIỆP được mệnh danh là “ Nữ hoàng của các loài hoa”,&nbsp;không chỉ có ý nghĩa là sự cao sang, quý phái mà còn là sứ giả truyền tải cảm xúc một cách nhẹ nhàng, hoa còn mang đến cho chúng ta vẻ đẹp tinh khiết của tự nhiên, nét quyến rũ cho không gian sống.</p>
<p style=""text-align: justify;"">Ngày nay người ta chon LAN HỒ ĐIỆP để tặng nhau vào những dịp khai trương, sinh nhật, hay thăng quan tiến chức...&nbsp;Đặc&nbsp;biệt là dịp&nbsp;mừng xuân<strong>&nbsp;</strong>mới<strong>&nbsp;</strong>như một lời chúc tốt đẹp nhất !</p>
<p style=""text-align: justify;""><strong>Ý nghĩa lan Hồ&nbsp;Điệp&nbsp;trắng:</strong>&nbsp;Là biểu tượng của sự ngây thơ, xinh đẹp và trang trọng. Bạn có thể dùng LAN HỒ ĐIỆP trắng làm món quà để tặng cho người thân yêu của mình trong những dịp đặc biệt.</p>
<p style=""text-align: justify;""><strong>Lưu ý:&nbsp;</strong><em>Giá&nbsp;hoa đã bao gồm chậu và trang&nbsp;trí,&nbsp;giao hoa miễn phí trong nội thành TP.HCM.&nbsp;</em></p>
","
<p><span style=""color:#008000;""></span></p>
<p>Chậu Lan Hồ Điệp 1 cành trắng.</p>
<p><strong><font color=""#008000"">TIÊU CHUẨN KỸ&nbsp;THUẬT:&nbsp;</font></strong></p>
<p><b>- Cành&nbsp;từ 6 bông + 3 nụ trở lên.</b></p>
<p><b>- Thân&nbsp;cao từ 60cm.</b></p>
<p><b>- Tuổi thọ&nbsp;khoảng 30 ngày</b></p>
<p><span style=""color:#000000;""></span></p>
","Hoa lan>Hoa lan hồ điệp","https://hoatuoi360.com/contents/images/Products/Phong%20lan%20-%20%C4%90%E1%BB%8Ba%20lan/OR-1050.jpg","Lớn hơn (+30%)","Kích thước",390000
"2yici","#G18003","Hoa Hộp G 18003","<p><b>TAN CHẢY</b></p>
<p>Mang tông màu của ánh nắng ấm áp, Hộp Hoa khiến cho trái tim băng giá nhất cũng phải tan chảy. Với ý nghĩa chúc người nhận luôn luôn vui vẻ, nhiệt tình với công việc, món quà là sự lựa chọn hoàn hảo cho những dịp lễ Khai trương, Thăng chức, Sinh nhật, Quốc tế phụ nữ,...</p>
","
<p>Hoa Hộp gồm Lan Vũ Nữ, Hoa Hướng Dương, Táo cùng các loại hoa lá phụ liệu khác.</p>
","Hoa theo chủ đề>Ngày Quốc Tế Phụ Nữ 8/3","https://hoatuoi360.com/contents/images/Products/hoa-hop/G%2018003.JPG","Bình thường","Kích thước",1000000
"2yici","#G18003","Hoa Hộp G 18003","<p><b>TAN CHẢY</b></p>
<p>Mang tông màu của ánh nắng ấm áp, Hộp Hoa khiến cho trái tim băng giá nhất cũng phải tan chảy. Với ý nghĩa chúc người nhận luôn luôn vui vẻ, nhiệt tình với công việc, món quà là sự lựa chọn hoàn hảo cho những dịp lễ Khai trương, Thăng chức, Sinh nhật, Quốc tế phụ nữ,...</p>
","
<p>Hoa Hộp gồm Lan Vũ Nữ, Hoa Hướng Dương, Táo cùng các loại hoa lá phụ liệu khác.</p>
","Hoa theo chủ đề>Ngày Quốc Tế Phụ Nữ 8/3","https://hoatuoi360.com/contents/images/Products/hoa-hop/G%2018003.JPG","Lớn hơn (+30%)","Kích thước",1300000