﻿"id","sku","name","description","short_description","breadcrumb","images","attribute_0_value","attribute_0_name","regular_price"
"hc53q","#BX096","Hoa hộp BX 096","<p><b>CHU ĐÁO</b></p>
<p>Sắc vàng của những đóa&nbsp;hồng gợi lên trong ta&nbsp;cảm xúc vui vẻ, ấm áp và hân hoan chính vì thế chúng là biểu tượng của tình hữu nghị và sự chu đáo. Hộp Hoa với Hoa Hồng vàng rực rỡ là món quà rất thích hợp dành tặng cho Sếp hoặc đối tác quan trọng.</p>
","
<p>Hộp hoa sang trọng với Hoa Hồng, Hướng Dương, Địa Lan cùng các hoa lá phụ.</p>
","Hoa cưới>Xe hoa","https://hoatuoi360.com/contents/images/Products/hoa-hop/Hop-hoa-BX-078.jpg","Bình thường","Kích thước",2000000
"hc53q","#BX096","Hoa hộp BX 096","<p><b>CHU ĐÁO</b></p>
<p>Sắc vàng của những đóa&nbsp;hồng gợi lên trong ta&nbsp;cảm xúc vui vẻ, ấm áp và hân hoan chính vì thế chúng là biểu tượng của tình hữu nghị và sự chu đáo. Hộp Hoa với Hoa Hồng vàng rực rỡ là món quà rất thích hợp dành tặng cho Sếp hoặc đối tác quan trọng.</p>
","
<p>Hộp hoa sang trọng với Hoa Hồng, Hướng Dương, Địa Lan cùng các hoa lá phụ.</p>
","Hoa cưới>Xe hoa","https://hoatuoi360.com/contents/images/Products/hoa-hop/Hop-hoa-BX-078.jpg","Lớn hơn (+30%)","Kích thước",2600000
"tg0c9","#CF-032","Xe Cưới CF-032",,"
","Hoa cưới>Xe hoa","https://hoatuoi360.com/contents/images/Products/xe-hoa/Xe-Cuoi-CF-32.jpg","Bình thường","Kích thước",3000000
"tg0c9","#CF-032","Xe Cưới CF-032",,"
","Hoa cưới>Xe hoa","https://hoatuoi360.com/contents/images/Products/xe-hoa/Xe-Cuoi-CF-32.jpg","Lớn hơn (+30%)","Kích thước",3900000
"ecv5u","#CF-031","Xe Cưới CF-031",,"
","Hoa cưới>Xe hoa","https://hoatuoi360.com/contents/images/Products/xe-hoa/Xe-Cuoi-CF-031.jpg","Bình thường","Kích thước",4000000
"ecv5u","#CF-031","Xe Cưới CF-031",,"
","Hoa cưới>Xe hoa","https://hoatuoi360.com/contents/images/Products/xe-hoa/Xe-Cuoi-CF-031.jpg","Lớn hơn (+30%)","Kích thước",5200000
"xciqf","#CF-030","Xe Cưới CF-030",,"
","Hoa cưới>Xe hoa","https://hoatuoi360.com/contents/images/Products/xe-hoa/Xe-Cuoi-CF-030.jpg","Bình thường","Kích thước",3000000
"xciqf","#CF-030","Xe Cưới CF-030",,"
","Hoa cưới>Xe hoa","https://hoatuoi360.com/contents/images/Products/xe-hoa/Xe-Cuoi-CF-030.jpg","Lớn hơn (+30%)","Kích thước",3900000
"28tl","#CF-029","Xe Cưới CF-029",,"
","Hoa cưới>Xe hoa","https://hoatuoi360.com/contents/images/Products/xe-hoa/Xe-Cuoi-CF-029.jpg","Bình thường","Kích thước",3000000
"28tl","#CF-029","Xe Cưới CF-029",,"
","Hoa cưới>Xe hoa","https://hoatuoi360.com/contents/images/Products/xe-hoa/Xe-Cuoi-CF-029.jpg","Lớn hơn (+30%)","Kích thước",3900000
"79k3q","#CF-028","Xe Cưới CF-028",,"
","Hoa cưới>Xe hoa","https://hoatuoi360.com/contents/images/Products/xe-hoa/Xe-Cuoi-028.jpg","Bình thường","Kích thước",3000000
"79k3q","#CF-028","Xe Cưới CF-028",,"
","Hoa cưới>Xe hoa","https://hoatuoi360.com/contents/images/Products/xe-hoa/Xe-Cuoi-028.jpg","Lớn hơn (+30%)","Kích thước",3900000
"dlbr","#CF001","Xe hoa CF 001",,"
","Hoa cưới>Xe hoa","https://hoatuoi360.com/contents/images/Products/xe-hoa/xe-hoa-CF-(L)-001.jpg","Bình thường","Kích thước",4000000
"dlbr","#CF001","Xe hoa CF 001",,"
","Hoa cưới>Xe hoa","https://hoatuoi360.com/contents/images/Products/xe-hoa/xe-hoa-CF-(L)-001.jpg","Lớn hơn (+30%)","Kích thước",5200000
"fays","#CF002","Xe hoa CF 002",,"
","Hoa cưới>Xe hoa","https://hoatuoi360.com/contents/images/Products/xe-hoa/xe-hoa-CF-(L)-002.jpg","Bình thường","Kích thước",3000000
"fays","#CF002","Xe hoa CF 002",,"
","Hoa cưới>Xe hoa","https://hoatuoi360.com/contents/images/Products/xe-hoa/xe-hoa-CF-(L)-002.jpg","Lớn hơn (+30%)","Kích thước",3900000
"17ohm","#CF003","Xe hoa CF 003",,"
","Hoa cưới>Xe hoa","https://hoatuoi360.com/contents/images/Products/xe-hoa/xe-hoa-CF-(L)-003.jpg","Bình thường","Kích thước",3000000
"17ohm","#CF003","Xe hoa CF 003",,"
","Hoa cưới>Xe hoa","https://hoatuoi360.com/contents/images/Products/xe-hoa/xe-hoa-CF-(L)-003.jpg","Lớn hơn (+30%)","Kích thước",3900000
"2aue","#CF004","Xe hoa CF 004",,"
","Hoa cưới>Xe hoa","https://hoatuoi360.com/contents/images/Products/xe-hoa/xe-hoa-CF-(L)-004.jpg","Bình thường","Kích thước",5000000
"2aue","#CF004","Xe hoa CF 004",,"
","Hoa cưới>Xe hoa","https://hoatuoi360.com/contents/images/Products/xe-hoa/xe-hoa-CF-(L)-004.jpg","Lớn hơn (+30%)","Kích thước",6500000
"vtwac","#CF005","Xe hoa CF 005",,"
","Hoa cưới>Xe hoa","https://hoatuoi360.com/contents/images/Products/xe-hoa/xe-hoa-CF-(L)-005.jpg","Bình thường","Kích thước",5000000
"vtwac","#CF005","Xe hoa CF 005",,"
","Hoa cưới>Xe hoa","https://hoatuoi360.com/contents/images/Products/xe-hoa/xe-hoa-CF-(L)-005.jpg","Lớn hơn (+30%)","Kích thước",6500000
"u6pxt","#CF006","Xe hoa CF 006",,"
","Hoa cưới>Xe hoa","https://hoatuoi360.com/contents/images/Products/xe-hoa/xe-hoa-CF-(L)-006.jpg","Bình thường","Kích thước",3000000
"u6pxt","#CF006","Xe hoa CF 006",,"
","Hoa cưới>Xe hoa","https://hoatuoi360.com/contents/images/Products/xe-hoa/xe-hoa-CF-(L)-006.jpg","Lớn hơn (+30%)","Kích thước",3900000
"xd1io","#CF007","Xe hoa CF 007",,"
","Hoa cưới>Xe hoa","https://hoatuoi360.com/contents/images/Products/xe-hoa/xe-hoa-CF-(L)-007.jpg","Bình thường","Kích thước",4000000
"xd1io","#CF007","Xe hoa CF 007",,"
","Hoa cưới>Xe hoa","https://hoatuoi360.com/contents/images/Products/xe-hoa/xe-hoa-CF-(L)-007.jpg","Lớn hơn (+30%)","Kích thước",5200000
"mikv2","#CF008","Xe hoa CF 008",,"
","Hoa cưới>Xe hoa","https://hoatuoi360.com/contents/images/Products/xe-hoa/xe-hoa-CF-(L)-008.jpg","Bình thường","Kích thước",5000000
"mikv2","#CF008","Xe hoa CF 008",,"
","Hoa cưới>Xe hoa","https://hoatuoi360.com/contents/images/Products/xe-hoa/xe-hoa-CF-(L)-008.jpg","Lớn hơn (+30%)","Kích thước",6500000
"bki6","#CF009","Xe hoa CF 009",,"
","Hoa cưới>Xe hoa","https://hoatuoi360.com/contents/images/Products/xe-hoa/xe-hoa-CF-(L)-009.jpg","Bình thường","Kích thước",4000000
"bki6","#CF009","Xe hoa CF 009",,"
","Hoa cưới>Xe hoa","https://hoatuoi360.com/contents/images/Products/xe-hoa/xe-hoa-CF-(L)-009.jpg","Lớn hơn (+30%)","Kích thước",5200000
"8m4th","#CF010","Xe hoa CF 010",,"
","Hoa cưới>Xe hoa","https://hoatuoi360.com/contents/images/Products/xe-hoa/xe-hoa-CF-(L)-010.jpg","Bình thường","Kích thước",5000000
"8m4th","#CF010","Xe hoa CF 010",,"
","Hoa cưới>Xe hoa","https://hoatuoi360.com/contents/images/Products/xe-hoa/xe-hoa-CF-(L)-010.jpg","Lớn hơn (+30%)","Kích thước",6500000
"dagnq","#CF011","Xe hoa CF 011",,"
","Hoa cưới>Xe hoa","https://hoatuoi360.com/contents/images/Products/xe-hoa/xe-hoa-CF-(L)-011.jpg","Bình thường","Kích thước",5000000
"dagnq","#CF011","Xe hoa CF 011",,"
","Hoa cưới>Xe hoa","https://hoatuoi360.com/contents/images/Products/xe-hoa/xe-hoa-CF-(L)-011.jpg","Lớn hơn (+30%)","Kích thước",6500000
"a8xz9","#CF012","Xe hoa CF 012",,"
","Hoa cưới>Xe hoa","https://hoatuoi360.com/contents/images/Products/xe-hoa/xe-hoa-CF-(L)-012.jpg","Bình thường","Kích thước",4000000
"a8xz9","#CF012","Xe hoa CF 012",,"
","Hoa cưới>Xe hoa","https://hoatuoi360.com/contents/images/Products/xe-hoa/xe-hoa-CF-(L)-012.jpg","Lớn hơn (+30%)","Kích thước",5200000
"tt9so","#CF014","Xe hoa CF 014",,"
","Hoa cưới>Xe hoa","https://hoatuoi360.com/contents/images/Products/xe-hoa/xe-hoa-CF-(L)-014.jpg","Bình thường","Kích thước",3000000
"tt9so","#CF014","Xe hoa CF 014",,"
","Hoa cưới>Xe hoa","https://hoatuoi360.com/contents/images/Products/xe-hoa/xe-hoa-CF-(L)-014.jpg","Lớn hơn (+30%)","Kích thước",3900000
"3hbig","#CF015","Xe hoa CF 015",,"
","Hoa cưới>Xe hoa","https://hoatuoi360.com/contents/images/Products/xe-hoa/xe-hoa-CF-(L)-015.jpg","Bình thường","Kích thước",5000000
"3hbig","#CF015","Xe hoa CF 015",,"
","Hoa cưới>Xe hoa","https://hoatuoi360.com/contents/images/Products/xe-hoa/xe-hoa-CF-(L)-015.jpg","Lớn hơn (+30%)","Kích thước",6500000
"duycn","#CF016","Xe hoa CF 016",,"
","Hoa cưới>Xe hoa","https://hoatuoi360.com/contents/images/Products/xe-hoa/xe-hoa-CF-(L)-016.jpg","Bình thường","Kích thước",1500000
"duycn","#CF016","Xe hoa CF 016",,"
","Hoa cưới>Xe hoa","https://hoatuoi360.com/contents/images/Products/xe-hoa/xe-hoa-CF-(L)-016.jpg","Lớn hơn (+30%)","Kích thước",1950000