﻿"id","sku","name","description","short_description","breadcrumb","images","attribute_0_value","attribute_0_name","regular_price"
"5zmbs","#OR050","Hoa Lan Hồ Điệp OR 050","<p>LAN HỒ ĐIỆP được mệnh danh là “ Nữ hoàng của các loài hoa”,&nbsp;không chỉ có ý nghĩa là sự cao sang, quý phái mà còn là sứ giả truyền tải cảm xúc một cách nhẹ nhàng, hoa còn mang đến cho chúng ta vẻ đẹp tinh khiết của tự nhiên, nét quyến rũ cho không gian sống.</p>
<p>Ngày nay người ta chon LAN HỒ ĐIỆP để tặng nhau vào những dịp khai trương, sinh nhật, hay thăng quan tiến chức...&nbsp;Đặc&nbsp;biệt là dịp&nbsp;mừng xuân<strong>&nbsp;</strong>mới<strong>&nbsp;</strong>như một lời chúc tốt đẹp nhất !</p>
<p><strong>Ý nghĩa lan Hồ&nbsp;Điệp Trắng:&nbsp;</strong>là biểu tượng của sự ngây thơ, xinh đẹp và trang trọng. Bạn có thể dùng chậu hoa lan hồ điệp trắng làm món quà để tặng cho người thân yêu của mình trong những dịp đặcbiệt.</p>
<p><strong>Lưu ý:&nbsp;</strong><em>Giá&nbsp;hoa đã bao gồm chậu và trang&nbsp;trí,&nbsp;giao hoa miễn phí trong nội thành TP.HCM.&nbsp;</em></p>
","
<p>Chậu Lan Hồ Điệp 1 cành trắng.</p>
<p><strong><font color=""#008000"">TIÊU CHUẨN KỸ&nbsp;THUẬT:&nbsp;</font></strong></p>
<p><b>- Cành&nbsp;từ 6 bông + 3 nụ trở lên.</b></p>
<p><b>- Thân&nbsp;cao từ 60cm.</b></p>
<p><b>- Tuổi thọ&nbsp;khoảng 30 ngày</b></p>
","Hoa lan>Hoa lan hồ điệp","https://hoatuoi360.com/contents/images/Products/Phong%20lan%20-%20%C4%90%E1%BB%8Ba%20lan/fhgcfgzcvc.jpg","Bình thường","Kích thước",300000
"5zmbs","#OR050","Hoa Lan Hồ Điệp OR 050","<p>LAN HỒ ĐIỆP được mệnh danh là “ Nữ hoàng của các loài hoa”,&nbsp;không chỉ có ý nghĩa là sự cao sang, quý phái mà còn là sứ giả truyền tải cảm xúc một cách nhẹ nhàng, hoa còn mang đến cho chúng ta vẻ đẹp tinh khiết của tự nhiên, nét quyến rũ cho không gian sống.</p>
<p>Ngày nay người ta chon LAN HỒ ĐIỆP để tặng nhau vào những dịp khai trương, sinh nhật, hay thăng quan tiến chức...&nbsp;Đặc&nbsp;biệt là dịp&nbsp;mừng xuân<strong>&nbsp;</strong>mới<strong>&nbsp;</strong>như một lời chúc tốt đẹp nhất !</p>
<p><strong>Ý nghĩa lan Hồ&nbsp;Điệp Trắng:&nbsp;</strong>là biểu tượng của sự ngây thơ, xinh đẹp và trang trọng. Bạn có thể dùng chậu hoa lan hồ điệp trắng làm món quà để tặng cho người thân yêu của mình trong những dịp đặcbiệt.</p>
<p><strong>Lưu ý:&nbsp;</strong><em>Giá&nbsp;hoa đã bao gồm chậu và trang&nbsp;trí,&nbsp;giao hoa miễn phí trong nội thành TP.HCM.&nbsp;</em></p>
","
<p>Chậu Lan Hồ Điệp 1 cành trắng.</p>
<p><strong><font color=""#008000"">TIÊU CHUẨN KỸ&nbsp;THUẬT:&nbsp;</font></strong></p>
<p><b>- Cành&nbsp;từ 6 bông + 3 nụ trở lên.</b></p>
<p><b>- Thân&nbsp;cao từ 60cm.</b></p>
<p><b>- Tuổi thọ&nbsp;khoảng 30 ngày</b></p>
","Hoa lan>Hoa lan hồ điệp","https://hoatuoi360.com/contents/images/Products/Phong%20lan%20-%20%C4%90%E1%BB%8Ba%20lan/fhgcfgzcvc.jpg","Lớn hơn (+30%)","Kích thước",390000
"tvc8","#OR044","Lan Hồ Điệp OR 044","<p>LAN HỒ ĐIỆP được mệnh danh là “ Nữ hoàng của các loài hoa”,&nbsp;không chỉ có ý nghĩa là sự cao sang, quý phái mà còn là sứ giả truyền tải cảm xúc một cách nhẹ nhàng, hoa còn mang đến cho chúng ta vẻ đẹp tinh khiết của tự nhiên, nét quyến rũ cho không gian sống.</p>
<p>Ngày nay người ta chon LAN HỒ ĐIỆP để tặng nhau vào những dịp khai trương, sinh nhật, hay thăng quan tiến chức...&nbsp;Đặc&nbsp;biệt là dịp&nbsp;mừng xuân<strong>&nbsp;</strong>mới<strong>&nbsp;</strong>như một lời chúc tốt đẹp nhất !</p>
<p><strong>Ý nghĩa lan Hồ&nbsp;Điệp Trắng:&nbsp;</strong>là biểu tượng của sự ngây thơ, xinh đẹp và trang trọng. Bạn có thể dùng chậu hoa lan hồ điệp trắng làm món quà để tặng cho người thân yêu của mình trong những dịp đặcbiệt.</p>
<p><strong>Lưu ý:&nbsp;</strong><em>Giá&nbsp;hoa đã bao gồm chậu và trang&nbsp;trí,&nbsp;giao hoa miễn phí trong nội thành TP.HCM.&nbsp;</em></p>
","
<p>Chậu Lan Hồ Điệp 7 cành trắng.</p>
<p><strong><font color=""#008000"">TIÊU CHUẨN KỸ&nbsp;THUẬT:&nbsp;</font></strong></p>
<p><b>- Cành&nbsp;từ 6 bông + 3 nụ trở lên.</b></p>
<p><b>- Thân&nbsp;cao từ 60cm.</b></p>
<p><b>- Tuổi thọ&nbsp;khoảng 30 ngày</b></p>
","Hoa lan>Hoa lan hồ điệp","https://hoatuoi360.com/contents/images/Products/Phong%20lan%20-%20%C4%90%E1%BB%8Ba%20lan/Lan-ho-diep-OR-44.jpg","Bình thường","Kích thước",1890000
"tvc8","#OR044","Lan Hồ Điệp OR 044","<p>LAN HỒ ĐIỆP được mệnh danh là “ Nữ hoàng của các loài hoa”,&nbsp;không chỉ có ý nghĩa là sự cao sang, quý phái mà còn là sứ giả truyền tải cảm xúc một cách nhẹ nhàng, hoa còn mang đến cho chúng ta vẻ đẹp tinh khiết của tự nhiên, nét quyến rũ cho không gian sống.</p>
<p>Ngày nay người ta chon LAN HỒ ĐIỆP để tặng nhau vào những dịp khai trương, sinh nhật, hay thăng quan tiến chức...&nbsp;Đặc&nbsp;biệt là dịp&nbsp;mừng xuân<strong>&nbsp;</strong>mới<strong>&nbsp;</strong>như một lời chúc tốt đẹp nhất !</p>
<p><strong>Ý nghĩa lan Hồ&nbsp;Điệp Trắng:&nbsp;</strong>là biểu tượng của sự ngây thơ, xinh đẹp và trang trọng. Bạn có thể dùng chậu hoa lan hồ điệp trắng làm món quà để tặng cho người thân yêu của mình trong những dịp đặcbiệt.</p>
<p><strong>Lưu ý:&nbsp;</strong><em>Giá&nbsp;hoa đã bao gồm chậu và trang&nbsp;trí,&nbsp;giao hoa miễn phí trong nội thành TP.HCM.&nbsp;</em></p>
","
<p>Chậu Lan Hồ Điệp 7 cành trắng.</p>
<p><strong><font color=""#008000"">TIÊU CHUẨN KỸ&nbsp;THUẬT:&nbsp;</font></strong></p>
<p><b>- Cành&nbsp;từ 6 bông + 3 nụ trở lên.</b></p>
<p><b>- Thân&nbsp;cao từ 60cm.</b></p>
<p><b>- Tuổi thọ&nbsp;khoảng 30 ngày</b></p>
","Hoa lan>Hoa lan hồ điệp","https://hoatuoi360.com/contents/images/Products/Phong%20lan%20-%20%C4%90%E1%BB%8Ba%20lan/Lan-ho-diep-OR-44.jpg","Lớn hơn (+30%)","Kích thước",2457000
"yvzm3","#OR049","Hoa Lan Hồ Điệp OR 049","<p>LAN HỒ ĐIỆP được mệnh danh là “ Nữ hoàng của các loài hoa”,&nbsp;không chỉ có ý nghĩa là sự cao sang, quý phái mà còn là sứ giả truyền tải cảm xúc một cách nhẹ nhàng, hoa còn mang đến cho chúng ta vẻ đẹp tinh khiết của tự nhiên, nét quyến rũ cho không gian sống.</p>
<p>Ngày nay người ta chon LAN HỒ ĐIỆP để tặng nhau vào những dịp khai trương, sinh nhật, hay thăng quan tiến chức...&nbsp;Đặc&nbsp;biệt là dịp&nbsp;mừng xuân<strong>&nbsp;</strong>mới<strong>&nbsp;</strong>như một lời chúc tốt đẹp nhất !</p>
<p><strong>Ý nghĩa lan Hồ&nbsp;Điệp Đỏ Tía:</strong>&nbsp;tượng trưng cho hoàng gia, sự ngưỡng mộ và tôn trọng. Bạn có thể dùng nó để làm hoa tặng sếp nam nhé.</p>
<p><strong>Lưu ý:&nbsp;</strong><em>Giá&nbsp;hoa đã bao gồm chậu và trang&nbsp;trí,&nbsp;giao hoa miễn phí trong nội thành TP.HCM.&nbsp;</em></p>
","
<p>Chậu Lan Hồ Điệp 5 cành đỏ tía xọc.</p>
<p><strong><font color=""#008000"">TIÊU CHUẨN KỸ&nbsp;THUẬT:&nbsp;</font></strong></p>
<p><b>- Cành&nbsp;từ 6 bông + 3 nụ trở lên.</b></p>
<p><b>- Thân&nbsp;cao từ 60cm.</b></p>
<p><b>- Tuổi thọ&nbsp;khoảng 30 ngày</b></p>
","Hoa lan>Hoa lan hồ điệp","https://hoatuoi360.com/contents/images/Products/Phong%20lan%20-%20%C4%90%E1%BB%8Ba%20lan/DSC_0002.jpg","Bình thường","Kích thước",1350000
"yvzm3","#OR049","Hoa Lan Hồ Điệp OR 049","<p>LAN HỒ ĐIỆP được mệnh danh là “ Nữ hoàng của các loài hoa”,&nbsp;không chỉ có ý nghĩa là sự cao sang, quý phái mà còn là sứ giả truyền tải cảm xúc một cách nhẹ nhàng, hoa còn mang đến cho chúng ta vẻ đẹp tinh khiết của tự nhiên, nét quyến rũ cho không gian sống.</p>
<p>Ngày nay người ta chon LAN HỒ ĐIỆP để tặng nhau vào những dịp khai trương, sinh nhật, hay thăng quan tiến chức...&nbsp;Đặc&nbsp;biệt là dịp&nbsp;mừng xuân<strong>&nbsp;</strong>mới<strong>&nbsp;</strong>như một lời chúc tốt đẹp nhất !</p>
<p><strong>Ý nghĩa lan Hồ&nbsp;Điệp Đỏ Tía:</strong>&nbsp;tượng trưng cho hoàng gia, sự ngưỡng mộ và tôn trọng. Bạn có thể dùng nó để làm hoa tặng sếp nam nhé.</p>
<p><strong>Lưu ý:&nbsp;</strong><em>Giá&nbsp;hoa đã bao gồm chậu và trang&nbsp;trí,&nbsp;giao hoa miễn phí trong nội thành TP.HCM.&nbsp;</em></p>
","
<p>Chậu Lan Hồ Điệp 5 cành đỏ tía xọc.</p>
<p><strong><font color=""#008000"">TIÊU CHUẨN KỸ&nbsp;THUẬT:&nbsp;</font></strong></p>
<p><b>- Cành&nbsp;từ 6 bông + 3 nụ trở lên.</b></p>
<p><b>- Thân&nbsp;cao từ 60cm.</b></p>
<p><b>- Tuổi thọ&nbsp;khoảng 30 ngày</b></p>
","Hoa lan>Hoa lan hồ điệp","https://hoatuoi360.com/contents/images/Products/Phong%20lan%20-%20%C4%90%E1%BB%8Ba%20lan/DSC_0002.jpg","Lớn hơn (+30%)","Kích thước",1755000
"7s1jq","#OR048","Hoa lan HỒ ĐIỆP OR 048","<p>LAN HỒ ĐIỆP được mệnh danh là “ Nữ hoàng của các loài hoa”,&nbsp;không chỉ có ý nghĩa là sự cao sang, quý phái mà còn là sứ giả truyền tải cảm xúc một cách nhẹ nhàng, hoa còn mang đến cho chúng ta vẻ đẹp tinh khiết của tự nhiên, nét quyến rũ cho không gian sống.</p>
<p>Ngày nay người ta chon LAN HỒ ĐIỆP để tặng nhau vào những dịp khai trương, sinh nhật, hay thăng quan tiến chức...&nbsp;Đặc&nbsp;biệt là dịp&nbsp;mừng xuân<strong>&nbsp;</strong>mới<strong>&nbsp;</strong>như một lời chúc tốt đẹp nhất !</p>
<p><strong>Ý nghĩa lan Hồ&nbsp;Điệp Trắng:&nbsp;</strong>là biểu tượng của sự ngây thơ, xinh đẹp và trang trọng. Bạn có thể dùng chậu hoa lan hồ điệp trắng làm món quà để tặng cho người thân yêu của mình trong những dịp đặc biệt.</p>
<p><strong>Ý nghĩa lan Hồ&nbsp;Điệp Tím:&nbsp;</strong>tượng trưng cho niềm vui, hạnh phúc, và ngây thơ. Vì vậy một chậu lan hồ điệp tím&nbsp;là món quà có ý nghĩa cho ngày kỷ niệm, sự chung thủy hay lòng kính trọng với người thân hay đối tác…</p>
<p><strong>Lưu ý:&nbsp;</strong><em>Giá&nbsp;hoa đã bao gồm chậu và trang&nbsp;trí,&nbsp;giao hoa miễn phí trong nội thành TP.HCM.&nbsp;</em></p>
","
<p>Chậu Lan Hồ Điệp 5 cành tím và 10 cành trắng.</p>
<p><strong><font color=""#008000"">TIÊU CHUẨN KỸ&nbsp;THUẬT:&nbsp;</font></strong></p>
<p><b>- Cành&nbsp;từ 6 bông + 3 nụ trở lên.</b></p>
<p><b>- Thân&nbsp;cao từ 60cm.</b></p>
<p><b>- Tuổi thọ&nbsp;khoảng 30 ngày</b></p>
","Hoa lan>Hoa lan hồ điệp","https://hoatuoi360.com/contents/images/Products/Phong%20lan%20-%20%C4%90%E1%BB%8Ba%20lan/hoa-lan-ho-diep-or-048.jpg","Bình thường","Kích thước",4050000
"7s1jq","#OR048","Hoa lan HỒ ĐIỆP OR 048","<p>LAN HỒ ĐIỆP được mệnh danh là “ Nữ hoàng của các loài hoa”,&nbsp;không chỉ có ý nghĩa là sự cao sang, quý phái mà còn là sứ giả truyền tải cảm xúc một cách nhẹ nhàng, hoa còn mang đến cho chúng ta vẻ đẹp tinh khiết của tự nhiên, nét quyến rũ cho không gian sống.</p>
<p>Ngày nay người ta chon LAN HỒ ĐIỆP để tặng nhau vào những dịp khai trương, sinh nhật, hay thăng quan tiến chức...&nbsp;Đặc&nbsp;biệt là dịp&nbsp;mừng xuân<strong>&nbsp;</strong>mới<strong>&nbsp;</strong>như một lời chúc tốt đẹp nhất !</p>
<p><strong>Ý nghĩa lan Hồ&nbsp;Điệp Trắng:&nbsp;</strong>là biểu tượng của sự ngây thơ, xinh đẹp và trang trọng. Bạn có thể dùng chậu hoa lan hồ điệp trắng làm món quà để tặng cho người thân yêu của mình trong những dịp đặc biệt.</p>
<p><strong>Ý nghĩa lan Hồ&nbsp;Điệp Tím:&nbsp;</strong>tượng trưng cho niềm vui, hạnh phúc, và ngây thơ. Vì vậy một chậu lan hồ điệp tím&nbsp;là món quà có ý nghĩa cho ngày kỷ niệm, sự chung thủy hay lòng kính trọng với người thân hay đối tác…</p>
<p><strong>Lưu ý:&nbsp;</strong><em>Giá&nbsp;hoa đã bao gồm chậu và trang&nbsp;trí,&nbsp;giao hoa miễn phí trong nội thành TP.HCM.&nbsp;</em></p>
","
<p>Chậu Lan Hồ Điệp 5 cành tím và 10 cành trắng.</p>
<p><strong><font color=""#008000"">TIÊU CHUẨN KỸ&nbsp;THUẬT:&nbsp;</font></strong></p>
<p><b>- Cành&nbsp;từ 6 bông + 3 nụ trở lên.</b></p>
<p><b>- Thân&nbsp;cao từ 60cm.</b></p>
<p><b>- Tuổi thọ&nbsp;khoảng 30 ngày</b></p>
","Hoa lan>Hoa lan hồ điệp","https://hoatuoi360.com/contents/images/Products/Phong%20lan%20-%20%C4%90%E1%BB%8Ba%20lan/hoa-lan-ho-diep-or-048.jpg","Lớn hơn (+30%)","Kích thước",5265000
"0qfr","#OR047","Hoa Lan Hồ Điệp OR 047","<p>LAN HỒ ĐIỆP được mệnh danh là “ Nữ hoàng của các loài hoa”,&nbsp;không chỉ có ý nghĩa là sự cao sang, quý phái mà còn là sứ giả truyền tải cảm xúc một cách nhẹ nhàng, hoa còn mang đến cho chúng ta vẻ đẹp tinh khiết của tự nhiên, nét quyến rũ cho không gian sống.</p>
<p>Ngày nay người ta chon LAN HỒ ĐIỆP để tặng nhau vào những dịp khai trương, sinh nhật, hay thăng quan tiến chức...&nbsp;Đặc&nbsp;biệt là dịp&nbsp;mừng xuân<strong>&nbsp;</strong>mới<strong>&nbsp;</strong>như một lời chúc tốt đẹp nhất !</p>
<p><strong>Ý nghĩa lan Hồ&nbsp;Điệp Trắng:&nbsp;</strong>là biểu tượng của sự ngây thơ, xinh đẹp và trang trọng. Bạn có thể dùng chậu hoa lan hồ điệp trắng làm món quà để tặng cho người thân yêu của mình trong những dịp đặcbiệt.</p>
<p><strong>Lưu ý:&nbsp;</strong><em>Giá&nbsp;hoa đã bao gồm chậu và trang&nbsp;trí,&nbsp;giao hoa miễn phí trong nội thành TP.HCM.&nbsp;</em></p>
","
<p>Chậu Lan Hồ Điệp 9 cành trắng.</p>
<p><strong><font color=""#008000"">TIÊU CHUẨN KỸ&nbsp;THUẬT:&nbsp;</font></strong></p>
<p><b>- Cành&nbsp;từ 6 bông + 3 nụ trở lên.</b></p>
<p><b>- Thân&nbsp;cao từ 60cm.</b></p>
<p><b>- Tuổi thọ&nbsp;khoảng 30 ngày</b></p>
","Hoa lan>Hoa lan hồ điệp","https://hoatuoi360.com/contents/images/Products/Phong%20lan%20-%20%C4%90%E1%BB%8Ba%20lan/DSC_0041.jpg","Bình thường","Kích thước",2430000
"0qfr","#OR047","Hoa Lan Hồ Điệp OR 047","<p>LAN HỒ ĐIỆP được mệnh danh là “ Nữ hoàng của các loài hoa”,&nbsp;không chỉ có ý nghĩa là sự cao sang, quý phái mà còn là sứ giả truyền tải cảm xúc một cách nhẹ nhàng, hoa còn mang đến cho chúng ta vẻ đẹp tinh khiết của tự nhiên, nét quyến rũ cho không gian sống.</p>
<p>Ngày nay người ta chon LAN HỒ ĐIỆP để tặng nhau vào những dịp khai trương, sinh nhật, hay thăng quan tiến chức...&nbsp;Đặc&nbsp;biệt là dịp&nbsp;mừng xuân<strong>&nbsp;</strong>mới<strong>&nbsp;</strong>như một lời chúc tốt đẹp nhất !</p>
<p><strong>Ý nghĩa lan Hồ&nbsp;Điệp Trắng:&nbsp;</strong>là biểu tượng của sự ngây thơ, xinh đẹp và trang trọng. Bạn có thể dùng chậu hoa lan hồ điệp trắng làm món quà để tặng cho người thân yêu của mình trong những dịp đặcbiệt.</p>
<p><strong>Lưu ý:&nbsp;</strong><em>Giá&nbsp;hoa đã bao gồm chậu và trang&nbsp;trí,&nbsp;giao hoa miễn phí trong nội thành TP.HCM.&nbsp;</em></p>
","
<p>Chậu Lan Hồ Điệp 9 cành trắng.</p>
<p><strong><font color=""#008000"">TIÊU CHUẨN KỸ&nbsp;THUẬT:&nbsp;</font></strong></p>
<p><b>- Cành&nbsp;từ 6 bông + 3 nụ trở lên.</b></p>
<p><b>- Thân&nbsp;cao từ 60cm.</b></p>
<p><b>- Tuổi thọ&nbsp;khoảng 30 ngày</b></p>
","Hoa lan>Hoa lan hồ điệp","https://hoatuoi360.com/contents/images/Products/Phong%20lan%20-%20%C4%90%E1%BB%8Ba%20lan/DSC_0041.jpg","Lớn hơn (+30%)","Kích thước",3159000
"zg4hq","#OR046","Hoa Lan Hồ Điệp OR 046","<p>LAN HỒ ĐIỆP được mệnh danh là “ Nữ hoàng của các loài hoa”,&nbsp;không chỉ có ý nghĩa là sự cao sang, quý phái mà còn là sứ giả truyền tải cảm xúc một cách nhẹ nhàng, hoa còn mang đến cho chúng ta vẻ đẹp tinh khiết của tự nhiên, nét quyến rũ cho không gian sống.</p>
<p>Ngày nay người ta chon LAN HỒ ĐIỆP để tặng nhau vào những dịp khai trương, sinh nhật, hay thăng quan tiến chức...&nbsp;Đặc&nbsp;biệt là dịp&nbsp;mừng xuân&nbsp;mới&nbsp;như một lời chúc tốt đẹp nhất !</p>
<p><strong>Ý nghĩa lan Hồ&nbsp;Điệp Trắng:&nbsp;</strong>là biểu tượng của sự ngây thơ, xinh đẹp và trang trọng. Bạn có thể dùng chậu hoa lan hồ điệp trắng làm món quà để tặng cho người thân yêu của mình trong những dịp đặc biệt.</p>
<p><strong>Ý nghĩa lan Hồ&nbsp;Điệp Tím:&nbsp;</strong>tượng trưng cho niềm vui, hạnh phúc, và ngây thơ. Vì vậy một chậu lan hồ điệp tím&nbsp;là món quà có ý nghĩa cho ngày kỷ niệm, sự chung thủy hay lòng kính trọng với người thân hay đối tác…</p>
<p><strong>Lưu ý:&nbsp;</strong><em>Giá&nbsp;hoa đã bao gồm chậu và trang&nbsp;trí,&nbsp;giao hoa miễn phí trong nội thành TP.HCM.&nbsp;</em></p>
","
<p>Chậu Lan Hồ Điệp 3 cành tím và 6 cành trắng.</p>
<p><strong><font color=""#008000"">TIÊU CHUẨN KỸ&nbsp;THUẬT:&nbsp;</font></strong></p>
<p><b>- Cành&nbsp;từ 6 bông + 3 nụ trở lên.</b></p>
<p><b>- Thân&nbsp;cao từ 60cm.</b></p>
<p><b>- Tuổi thọ&nbsp;khoảng 30 ngày</b></p>
","Hoa lan>Hoa lan hồ điệp","https://hoatuoi360.com/contents/images/Products/Phong%20lan%20-%20%C4%90%E1%BB%8Ba%20lan/Gio-hoa-BK-2015%20%20%20%20%20%20%20%20.jpg","Bình thường","Kích thước",2430000
"zg4hq","#OR046","Hoa Lan Hồ Điệp OR 046","<p>LAN HỒ ĐIỆP được mệnh danh là “ Nữ hoàng của các loài hoa”,&nbsp;không chỉ có ý nghĩa là sự cao sang, quý phái mà còn là sứ giả truyền tải cảm xúc một cách nhẹ nhàng, hoa còn mang đến cho chúng ta vẻ đẹp tinh khiết của tự nhiên, nét quyến rũ cho không gian sống.</p>
<p>Ngày nay người ta chon LAN HỒ ĐIỆP để tặng nhau vào những dịp khai trương, sinh nhật, hay thăng quan tiến chức...&nbsp;Đặc&nbsp;biệt là dịp&nbsp;mừng xuân&nbsp;mới&nbsp;như một lời chúc tốt đẹp nhất !</p>
<p><strong>Ý nghĩa lan Hồ&nbsp;Điệp Trắng:&nbsp;</strong>là biểu tượng của sự ngây thơ, xinh đẹp và trang trọng. Bạn có thể dùng chậu hoa lan hồ điệp trắng làm món quà để tặng cho người thân yêu của mình trong những dịp đặc biệt.</p>
<p><strong>Ý nghĩa lan Hồ&nbsp;Điệp Tím:&nbsp;</strong>tượng trưng cho niềm vui, hạnh phúc, và ngây thơ. Vì vậy một chậu lan hồ điệp tím&nbsp;là món quà có ý nghĩa cho ngày kỷ niệm, sự chung thủy hay lòng kính trọng với người thân hay đối tác…</p>
<p><strong>Lưu ý:&nbsp;</strong><em>Giá&nbsp;hoa đã bao gồm chậu và trang&nbsp;trí,&nbsp;giao hoa miễn phí trong nội thành TP.HCM.&nbsp;</em></p>
","
<p>Chậu Lan Hồ Điệp 3 cành tím và 6 cành trắng.</p>
<p><strong><font color=""#008000"">TIÊU CHUẨN KỸ&nbsp;THUẬT:&nbsp;</font></strong></p>
<p><b>- Cành&nbsp;từ 6 bông + 3 nụ trở lên.</b></p>
<p><b>- Thân&nbsp;cao từ 60cm.</b></p>
<p><b>- Tuổi thọ&nbsp;khoảng 30 ngày</b></p>
","Hoa lan>Hoa lan hồ điệp","https://hoatuoi360.com/contents/images/Products/Phong%20lan%20-%20%C4%90%E1%BB%8Ba%20lan/Gio-hoa-BK-2015%20%20%20%20%20%20%20%20.jpg","Lớn hơn (+30%)","Kích thước",3159000
"i3pnt","#OR043","Lan Hồ Điệp OR 043","<p>LAN HỒ ĐIỆP được mệnh danh là “ Nữ hoàng của các loài hoa”,&nbsp;không chỉ có ý nghĩa là sự cao sang, quý phái mà còn là sứ giả truyền tải cảm xúc một cách nhẹ nhàng, hoa còn mang đến cho chúng ta vẻ đẹp tinh khiết của tự nhiên, nét quyến rũ cho không gian sống.</p>
<p>Ngày nay người ta chon LAN HỒ ĐIỆP để tặng nhau vào những dịp khai trương, sinh nhật, hay thăng quan tiến chức...&nbsp;Đặc&nbsp;biệt là dịp&nbsp;mừng xuân&nbsp;mới&nbsp;như một lời chúc tốt đẹp nhất !</p>
<p><strong>Ý nghĩa lan Hồ&nbsp;Điệp Trắng:&nbsp;</strong>là biểu tượng của sự ngây thơ, xinh đẹp và trang trọng. Bạn có thể dùng chậu hoa lan hồ điệp trắng làm món quà để tặng cho người thân yêu của mình trong những dịp đặc biệt.</p>
<p><strong>Lưu ý:&nbsp;</strong><em>Giá&nbsp;hoa đã bao gồm chậu và trang&nbsp;trí,&nbsp;giao hoa miễn phí trong nội thành TP.HCM.&nbsp;</em></p>
","
<p>Chậu Lan Hồ Điệp 5 cành trắng.</p>
<p><strong><font color=""#008000"">TIÊU CHUẨN KỸ&nbsp;THUẬT:&nbsp;</font></strong></p>
<p><b>- Cành&nbsp;từ 6 bông + 3 nụ trở lên.</b></p>
<p><b>- Thân&nbsp;cao từ 60cm.</b></p>
<p><b>- Tuổi thọ&nbsp;khoảng 30 ngày</b></p>
","Hoa lan>Hoa lan hồ điệp","https://hoatuoi360.com/contents/images/Products/Phong%20lan%20-%20%C4%90%E1%BB%8Ba%20lan/Lan-h%E1%BB%93-%C4%91i%E1%BB%87p-OR-43.jpg","Bình thường","Kích thước",1350000
"i3pnt","#OR043","Lan Hồ Điệp OR 043","<p>LAN HỒ ĐIỆP được mệnh danh là “ Nữ hoàng của các loài hoa”,&nbsp;không chỉ có ý nghĩa là sự cao sang, quý phái mà còn là sứ giả truyền tải cảm xúc một cách nhẹ nhàng, hoa còn mang đến cho chúng ta vẻ đẹp tinh khiết của tự nhiên, nét quyến rũ cho không gian sống.</p>
<p>Ngày nay người ta chon LAN HỒ ĐIỆP để tặng nhau vào những dịp khai trương, sinh nhật, hay thăng quan tiến chức...&nbsp;Đặc&nbsp;biệt là dịp&nbsp;mừng xuân&nbsp;mới&nbsp;như một lời chúc tốt đẹp nhất !</p>
<p><strong>Ý nghĩa lan Hồ&nbsp;Điệp Trắng:&nbsp;</strong>là biểu tượng của sự ngây thơ, xinh đẹp và trang trọng. Bạn có thể dùng chậu hoa lan hồ điệp trắng làm món quà để tặng cho người thân yêu của mình trong những dịp đặc biệt.</p>
<p><strong>Lưu ý:&nbsp;</strong><em>Giá&nbsp;hoa đã bao gồm chậu và trang&nbsp;trí,&nbsp;giao hoa miễn phí trong nội thành TP.HCM.&nbsp;</em></p>
","
<p>Chậu Lan Hồ Điệp 5 cành trắng.</p>
<p><strong><font color=""#008000"">TIÊU CHUẨN KỸ&nbsp;THUẬT:&nbsp;</font></strong></p>
<p><b>- Cành&nbsp;từ 6 bông + 3 nụ trở lên.</b></p>
<p><b>- Thân&nbsp;cao từ 60cm.</b></p>
<p><b>- Tuổi thọ&nbsp;khoảng 30 ngày</b></p>
","Hoa lan>Hoa lan hồ điệp","https://hoatuoi360.com/contents/images/Products/Phong%20lan%20-%20%C4%90%E1%BB%8Ba%20lan/Lan-h%E1%BB%93-%C4%91i%E1%BB%87p-OR-43.jpg","Lớn hơn (+30%)","Kích thước",1755000
"ro9sn","#OR042","Lan Hồ Điệp OR 042","<p>LAN HỒ ĐIỆP được mệnh danh là “ Nữ hoàng của các loài hoa”,&nbsp;không chỉ có ý nghĩa là sự cao sang, quý phái mà còn là sứ giả truyền tải cảm xúc một cách nhẹ nhàng, hoa còn mang đến cho chúng ta vẻ đẹp tinh khiết của tự nhiên, nét quyến rũ cho không gian sống.</p>
<p>Ngày nay người ta chon LAN HỒ ĐIỆP để tặng nhau vào những dịp khai trương, sinh nhật, hay thăng quan tiến chức...&nbsp;Đặc&nbsp;biệt là dịp&nbsp;mừng xuân<strong>&nbsp;</strong>mới<strong>&nbsp;</strong>như một lời chúc tốt đẹp nhất !</p>
<p><strong>Ý nghĩa lan Hồ&nbsp;Điệp Vàng:</strong>&nbsp;vàng: tượng trưng cho tình bạn và sự khởi đầu mới. Vì vậy bạn có thể dùng một chậu lan hồ điệp để làm hoa khai trương hay chúc mừng.</p>
<p><strong>Lưu ý:&nbsp;</strong><em>Giá&nbsp;hoa đã bao gồm chậu và trang&nbsp;trí,&nbsp;giao hoa miễn phí trong nội thành TP.HCM.&nbsp;</em></p>
","
<p><strong><font color=""#008000"">TIÊU CHUẨN KỸ&nbsp;THUẬT:&nbsp;</font></strong></p>
<p><b>- Cành&nbsp;từ 6 bông + 3 nụ trở lên.</b></p>
<p><b>- Thân&nbsp;cao từ 60cm.</b></p>
<p><b>- Tuổi thọ&nbsp;khoảng 30 ngày</b></p>
","Hoa lan>Hoa lan hồ điệp","https://hoatuoi360.com/contents/images/Products/Phong%20lan%20-%20%C4%90%E1%BB%8Ba%20lan/Lan-h%E1%BB%93-%C4%91i%E1%BB%87p-OR-42.jpg","Bình thường","Kích thước",2700000
"ro9sn","#OR042","Lan Hồ Điệp OR 042","<p>LAN HỒ ĐIỆP được mệnh danh là “ Nữ hoàng của các loài hoa”,&nbsp;không chỉ có ý nghĩa là sự cao sang, quý phái mà còn là sứ giả truyền tải cảm xúc một cách nhẹ nhàng, hoa còn mang đến cho chúng ta vẻ đẹp tinh khiết của tự nhiên, nét quyến rũ cho không gian sống.</p>
<p>Ngày nay người ta chon LAN HỒ ĐIỆP để tặng nhau vào những dịp khai trương, sinh nhật, hay thăng quan tiến chức...&nbsp;Đặc&nbsp;biệt là dịp&nbsp;mừng xuân<strong>&nbsp;</strong>mới<strong>&nbsp;</strong>như một lời chúc tốt đẹp nhất !</p>
<p><strong>Ý nghĩa lan Hồ&nbsp;Điệp Vàng:</strong>&nbsp;vàng: tượng trưng cho tình bạn và sự khởi đầu mới. Vì vậy bạn có thể dùng một chậu lan hồ điệp để làm hoa khai trương hay chúc mừng.</p>
<p><strong>Lưu ý:&nbsp;</strong><em>Giá&nbsp;hoa đã bao gồm chậu và trang&nbsp;trí,&nbsp;giao hoa miễn phí trong nội thành TP.HCM.&nbsp;</em></p>
","
<p><strong><font color=""#008000"">TIÊU CHUẨN KỸ&nbsp;THUẬT:&nbsp;</font></strong></p>
<p><b>- Cành&nbsp;từ 6 bông + 3 nụ trở lên.</b></p>
<p><b>- Thân&nbsp;cao từ 60cm.</b></p>
<p><b>- Tuổi thọ&nbsp;khoảng 30 ngày</b></p>
","Hoa lan>Hoa lan hồ điệp","https://hoatuoi360.com/contents/images/Products/Phong%20lan%20-%20%C4%90%E1%BB%8Ba%20lan/Lan-h%E1%BB%93-%C4%91i%E1%BB%87p-OR-42.jpg","Lớn hơn (+30%)","Kích thước",3510000
"7hgmw","#OR041","Lan Hồ Điệp OR 041","<p>LAN HỒ ĐIỆP được mệnh danh là “ Nữ hoàng của các loài hoa”,&nbsp;không chỉ có ý nghĩa là sự cao sang, quý phái mà còn là sứ giả truyền tải cảm xúc một cách nhẹ nhàng, hoa còn mang đến cho chúng ta vẻ đẹp tinh khiết của tự nhiên, nét quyến rũ cho không gian sống.</p>
<p>Ngày nay người ta chon LAN HỒ ĐIỆP để tặng nhau vào những dịp khai trương, sinh nhật, hay thăng quan tiến chức...&nbsp;Đặc&nbsp;biệt là dịp&nbsp;mừng xuân&nbsp;mới&nbsp;như một lời chúc tốt đẹp nhất !</p>
<p><strong>Ý nghĩa lan Hồ&nbsp;Điệp Trắng:&nbsp;</strong>là biểu tượng của sự ngây thơ, xinh đẹp và trang trọng. Bạn có thể dùng chậu hoa lan hồ điệp trắng làm món quà để tặng cho người thân yêu của mình trong những dịp đặc biệt.</p>
<p><strong>Ý nghĩa lan Hồ&nbsp;Điệp Tím:&nbsp;</strong>tượng trưng cho niềm vui, hạnh phúc, và ngây thơ. Vì vậy một chậu lan hồ điệp tím&nbsp;là món quà có ý nghĩa cho ngày kỷ niệm, sự chung thủy hay lòng kính trọng với người thân hay đối tác…</p>
<p><strong>Lưu ý:&nbsp;</strong><em>Giá&nbsp;hoa đã bao gồm chậu và trang&nbsp;trí,&nbsp;giao hoa miễn phí trong nội thành TP.HCM.&nbsp;</em></p>
","
<p>Chậu Lan Hồ Điệp 3&nbsp;cành tím và 6 cành trắng.</p>
<p><strong><font color=""#008000"">TIÊU CHUẨN KỸ&nbsp;THUẬT:&nbsp;</font></strong></p>
<p><b>- Cành&nbsp;từ 6 bông + 3 nụ trở lên.</b></p>
<p><b>- Thân&nbsp;cao từ 60cm.</b></p>
<p><b>- Tuổi thọ&nbsp;khoảng 30 ngày</b></p>
","Hoa lan>Hoa lan hồ điệp","https://hoatuoi360.com/contents/images/Products/Phong%20lan%20-%20%C4%90%E1%BB%8Ba%20lan/Lan-h%E1%BB%93-%C4%91i%E1%BB%87p-OR-41.jpg","Bình thường","Kích thước",2430000
"7hgmw","#OR041","Lan Hồ Điệp OR 041","<p>LAN HỒ ĐIỆP được mệnh danh là “ Nữ hoàng của các loài hoa”,&nbsp;không chỉ có ý nghĩa là sự cao sang, quý phái mà còn là sứ giả truyền tải cảm xúc một cách nhẹ nhàng, hoa còn mang đến cho chúng ta vẻ đẹp tinh khiết của tự nhiên, nét quyến rũ cho không gian sống.</p>
<p>Ngày nay người ta chon LAN HỒ ĐIỆP để tặng nhau vào những dịp khai trương, sinh nhật, hay thăng quan tiến chức...&nbsp;Đặc&nbsp;biệt là dịp&nbsp;mừng xuân&nbsp;mới&nbsp;như một lời chúc tốt đẹp nhất !</p>
<p><strong>Ý nghĩa lan Hồ&nbsp;Điệp Trắng:&nbsp;</strong>là biểu tượng của sự ngây thơ, xinh đẹp và trang trọng. Bạn có thể dùng chậu hoa lan hồ điệp trắng làm món quà để tặng cho người thân yêu của mình trong những dịp đặc biệt.</p>
<p><strong>Ý nghĩa lan Hồ&nbsp;Điệp Tím:&nbsp;</strong>tượng trưng cho niềm vui, hạnh phúc, và ngây thơ. Vì vậy một chậu lan hồ điệp tím&nbsp;là món quà có ý nghĩa cho ngày kỷ niệm, sự chung thủy hay lòng kính trọng với người thân hay đối tác…</p>
<p><strong>Lưu ý:&nbsp;</strong><em>Giá&nbsp;hoa đã bao gồm chậu và trang&nbsp;trí,&nbsp;giao hoa miễn phí trong nội thành TP.HCM.&nbsp;</em></p>
","
<p>Chậu Lan Hồ Điệp 3&nbsp;cành tím và 6 cành trắng.</p>
<p><strong><font color=""#008000"">TIÊU CHUẨN KỸ&nbsp;THUẬT:&nbsp;</font></strong></p>
<p><b>- Cành&nbsp;từ 6 bông + 3 nụ trở lên.</b></p>
<p><b>- Thân&nbsp;cao từ 60cm.</b></p>
<p><b>- Tuổi thọ&nbsp;khoảng 30 ngày</b></p>
","Hoa lan>Hoa lan hồ điệp","https://hoatuoi360.com/contents/images/Products/Phong%20lan%20-%20%C4%90%E1%BB%8Ba%20lan/Lan-h%E1%BB%93-%C4%91i%E1%BB%87p-OR-41.jpg","Lớn hơn (+30%)","Kích thước",3159000
"794ao","#OR040","Lan Hồ Điệp OR 040","<p>LAN HỒ ĐIỆP được mệnh danh là “ Nữ hoàng của các loài hoa”,&nbsp;không chỉ có ý nghĩa là sự cao sang, quý phái mà còn là sứ giả truyền tải cảm xúc một cách nhẹ nhàng, hoa còn mang đến cho chúng ta vẻ đẹp tinh khiết của tự nhiên, nét quyến rũ cho không gian sống.</p>
<p>Ngày nay người ta chon LAN HỒ ĐIỆP để tặng nhau vào những dịp khai trương, sinh nhật, hay thăng quan tiến chức...&nbsp;Đặc&nbsp;biệt là dịp&nbsp;mừng xuân<strong>&nbsp;</strong>mới<strong>&nbsp;</strong>như một lời chúc tốt đẹp nhất !</p>
<p><strong>Ý nghĩa lan Hồ&nbsp;Điệp Vàng:</strong>&nbsp;vàng: tượng trưng cho tình bạn và sự khởi đầu mới. Vì vậy bạn có thể dùng một chậu lan hồ điệp để làm hoa khai trương hay chúc mừng.</p>
<p><strong>Lưu ý:&nbsp;</strong><em>Giá&nbsp;hoa đã bao gồm chậu và trang&nbsp;trí,&nbsp;giao hoa miễn phí trong nội thành TP.HCM.&nbsp;</em></p>
","
<p>Chậu Lan Hồ Điệp 5&nbsp;cành vàng.</p>
<p><strong><font color=""#008000"">TIÊU CHUẨN KỸ&nbsp;THUẬT:&nbsp;</font></strong></p>
<p><b>- Cành&nbsp;từ 6 bông + 3 nụ trở lên.</b></p>
<p><b>- Thân&nbsp;cao từ 60cm.</b></p>
<p><b>- Tuổi thọ&nbsp;khoảng 30 ngày.</b></p>
","Hoa lan>Hoa lan hồ điệp","https://hoatuoi360.com/contents/images/Products/Phong%20lan%20-%20%C4%90%E1%BB%8Ba%20lan/Lan-h%E1%BB%93-%C4%91i%E1%BB%87p-OR-40.jpg","Bình thường","Kích thước",1350000
"794ao","#OR040","Lan Hồ Điệp OR 040","<p>LAN HỒ ĐIỆP được mệnh danh là “ Nữ hoàng của các loài hoa”,&nbsp;không chỉ có ý nghĩa là sự cao sang, quý phái mà còn là sứ giả truyền tải cảm xúc một cách nhẹ nhàng, hoa còn mang đến cho chúng ta vẻ đẹp tinh khiết của tự nhiên, nét quyến rũ cho không gian sống.</p>
<p>Ngày nay người ta chon LAN HỒ ĐIỆP để tặng nhau vào những dịp khai trương, sinh nhật, hay thăng quan tiến chức...&nbsp;Đặc&nbsp;biệt là dịp&nbsp;mừng xuân<strong>&nbsp;</strong>mới<strong>&nbsp;</strong>như một lời chúc tốt đẹp nhất !</p>
<p><strong>Ý nghĩa lan Hồ&nbsp;Điệp Vàng:</strong>&nbsp;vàng: tượng trưng cho tình bạn và sự khởi đầu mới. Vì vậy bạn có thể dùng một chậu lan hồ điệp để làm hoa khai trương hay chúc mừng.</p>
<p><strong>Lưu ý:&nbsp;</strong><em>Giá&nbsp;hoa đã bao gồm chậu và trang&nbsp;trí,&nbsp;giao hoa miễn phí trong nội thành TP.HCM.&nbsp;</em></p>
","
<p>Chậu Lan Hồ Điệp 5&nbsp;cành vàng.</p>
<p><strong><font color=""#008000"">TIÊU CHUẨN KỸ&nbsp;THUẬT:&nbsp;</font></strong></p>
<p><b>- Cành&nbsp;từ 6 bông + 3 nụ trở lên.</b></p>
<p><b>- Thân&nbsp;cao từ 60cm.</b></p>
<p><b>- Tuổi thọ&nbsp;khoảng 30 ngày.</b></p>
","Hoa lan>Hoa lan hồ điệp","https://hoatuoi360.com/contents/images/Products/Phong%20lan%20-%20%C4%90%E1%BB%8Ba%20lan/Lan-h%E1%BB%93-%C4%91i%E1%BB%87p-OR-40.jpg","Lớn hơn (+30%)","Kích thước",1755000
"3f1qh","#OR39","Lan Hồ Điệp OR 39","<p>LAN HỒ ĐIỆP được mệnh danh là “ Nữ hoàng của các loài hoa”,&nbsp;không chỉ có ý nghĩa là sự cao sang, quý phái mà còn là sứ giả truyền tải cảm xúc một cách nhẹ nhàng, hoa còn mang đến cho chúng ta vẻ đẹp tinh khiết của tự nhiên, nét quyến rũ cho không gian sống.</p>
<p>Ngày nay người ta chon LAN HỒ ĐIỆP để tặng nhau vào những dịp khai trương, sinh nhật, hay thăng quan tiến chức...&nbsp;Đặc&nbsp;biệt là dịp&nbsp;mừng xuân<strong>&nbsp;</strong>mới<strong>&nbsp;</strong>như một lời chúc tốt đẹp nhất !</p>
<p><strong>Ý nghĩa lan Hồ&nbsp;Điệp Đỏ Tía Xọc:&nbsp;</strong>tượng trưng cho hoàng gia, sự ngưỡng mộ và tôn trọng. Bạn có thể dùng nó để làm hoa tặng sếp nam nhé.</p>
<p><strong>Lưu ý:&nbsp;</strong><em>Giá&nbsp;hoa đã bao gồm chậu và trang&nbsp;trí,&nbsp;giao hoa miễn phí trong nội thành TP.HCM.&nbsp;</em></p>
","
<p>Chậu Lan Hồ Điệp 5 cành đỏ tía xọc.</p>
<p><strong><font color=""#008000"">TIÊU CHUẨN KỸ&nbsp;THUẬT:&nbsp;</font></strong></p>
<p><b>- Cành&nbsp;từ 6 bông + 3 nụ trở lên.</b></p>
<p><b>- Thân&nbsp;cao từ 60cm.</b></p>
<p><b>- Tuổi thọ&nbsp;khoảng 30 ngày.</b></p>
","Hoa lan>Hoa lan hồ điệp","https://hoatuoi360.com/contents/images/Products/Phong%20lan%20-%20%C4%90%E1%BB%8Ba%20lan/Phong-Lan-OR-39.jpg","Bình thường","Kích thước",1350000
"3f1qh","#OR39","Lan Hồ Điệp OR 39","<p>LAN HỒ ĐIỆP được mệnh danh là “ Nữ hoàng của các loài hoa”,&nbsp;không chỉ có ý nghĩa là sự cao sang, quý phái mà còn là sứ giả truyền tải cảm xúc một cách nhẹ nhàng, hoa còn mang đến cho chúng ta vẻ đẹp tinh khiết của tự nhiên, nét quyến rũ cho không gian sống.</p>
<p>Ngày nay người ta chon LAN HỒ ĐIỆP để tặng nhau vào những dịp khai trương, sinh nhật, hay thăng quan tiến chức...&nbsp;Đặc&nbsp;biệt là dịp&nbsp;mừng xuân<strong>&nbsp;</strong>mới<strong>&nbsp;</strong>như một lời chúc tốt đẹp nhất !</p>
<p><strong>Ý nghĩa lan Hồ&nbsp;Điệp Đỏ Tía Xọc:&nbsp;</strong>tượng trưng cho hoàng gia, sự ngưỡng mộ và tôn trọng. Bạn có thể dùng nó để làm hoa tặng sếp nam nhé.</p>
<p><strong>Lưu ý:&nbsp;</strong><em>Giá&nbsp;hoa đã bao gồm chậu và trang&nbsp;trí,&nbsp;giao hoa miễn phí trong nội thành TP.HCM.&nbsp;</em></p>
","
<p>Chậu Lan Hồ Điệp 5 cành đỏ tía xọc.</p>
<p><strong><font color=""#008000"">TIÊU CHUẨN KỸ&nbsp;THUẬT:&nbsp;</font></strong></p>
<p><b>- Cành&nbsp;từ 6 bông + 3 nụ trở lên.</b></p>
<p><b>- Thân&nbsp;cao từ 60cm.</b></p>
<p><b>- Tuổi thọ&nbsp;khoảng 30 ngày.</b></p>
","Hoa lan>Hoa lan hồ điệp","https://hoatuoi360.com/contents/images/Products/Phong%20lan%20-%20%C4%90%E1%BB%8Ba%20lan/Phong-Lan-OR-39.jpg","Lớn hơn (+30%)","Kích thước",1755000
"8gtkg","#OR038","Lan Hồ Điệp OR 038","<p>LAN HỒ ĐIỆP được mệnh danh là “ Nữ hoàng của các loài hoa”,&nbsp;không chỉ có ý nghĩa là sự cao sang, quý phái mà còn là sứ giả truyền tải cảm xúc một cách nhẹ nhàng, hoa còn mang đến cho chúng ta vẻ đẹp tinh khiết của tự nhiên, nét quyến rũ cho không gian sống.</p>
<p>Ngày nay người ta chon LAN HỒ ĐIỆP để tặng nhau vào những dịp khai trương, sinh nhật, hay thăng quan tiến chức...&nbsp;Đặc&nbsp;biệt là dịp&nbsp;mừng xuân&nbsp;mới&nbsp;như một lời chúc tốt đẹp nhất !</p>
<p><strong>Ý nghĩa lan Hồ&nbsp;Điệp Trắng:&nbsp;</strong>là biểu tượng của sự ngây thơ, xinh đẹp và trang trọng. Bạn có thể dùng chậu hoa lan hồ điệp trắng làm món quà để tặng cho người thân yêu của mình trong những dịp đặc biệt.</p>
<p><strong>Ý nghĩa lan Hồ&nbsp;Điệp Tím:&nbsp;</strong>tượng trưng cho niềm vui, hạnh phúc, và ngây thơ. Vì vậy một chậu lan hồ điệp tím&nbsp;là món quà có ý nghĩa cho ngày kỷ niệm, sự chung thủy hay lòng kính trọng với người thân hay đối tác…</p>
<p><strong>Lưu ý:&nbsp;</strong><em>Giá&nbsp;hoa đã bao gồm chậu và trang&nbsp;trí,&nbsp;giao hoa miễn phí trong nội thành TP.HCM.&nbsp;</em></p>
","
<p>Chậu Lan Hồ Điệp 3&nbsp;cành tím và 2&nbsp;cành trắng.</p>
<p><strong><font color=""#008000"">TIÊU CHUẨN KỸ&nbsp;THUẬT:&nbsp;</font></strong></p>
<p><b>- Cành&nbsp;từ 6 bông + 3 nụ trở lên.</b></p>
<p><b>- Thân&nbsp;cao từ 60cm.</b></p>
<p><b>- Tuổi thọ&nbsp;khoảng 30 ngày</b></p>
","Hoa lan>Hoa lan hồ điệp","https://hoatuoi360.com/contents/images/Products/Phong%20lan%20-%20%C4%90%E1%BB%8Ba%20lan/Phong-Lan-OR-38.jpg","Bình thường","Kích thước",810000
"8gtkg","#OR038","Lan Hồ Điệp OR 038","<p>LAN HỒ ĐIỆP được mệnh danh là “ Nữ hoàng của các loài hoa”,&nbsp;không chỉ có ý nghĩa là sự cao sang, quý phái mà còn là sứ giả truyền tải cảm xúc một cách nhẹ nhàng, hoa còn mang đến cho chúng ta vẻ đẹp tinh khiết của tự nhiên, nét quyến rũ cho không gian sống.</p>
<p>Ngày nay người ta chon LAN HỒ ĐIỆP để tặng nhau vào những dịp khai trương, sinh nhật, hay thăng quan tiến chức...&nbsp;Đặc&nbsp;biệt là dịp&nbsp;mừng xuân&nbsp;mới&nbsp;như một lời chúc tốt đẹp nhất !</p>
<p><strong>Ý nghĩa lan Hồ&nbsp;Điệp Trắng:&nbsp;</strong>là biểu tượng của sự ngây thơ, xinh đẹp và trang trọng. Bạn có thể dùng chậu hoa lan hồ điệp trắng làm món quà để tặng cho người thân yêu của mình trong những dịp đặc biệt.</p>
<p><strong>Ý nghĩa lan Hồ&nbsp;Điệp Tím:&nbsp;</strong>tượng trưng cho niềm vui, hạnh phúc, và ngây thơ. Vì vậy một chậu lan hồ điệp tím&nbsp;là món quà có ý nghĩa cho ngày kỷ niệm, sự chung thủy hay lòng kính trọng với người thân hay đối tác…</p>
<p><strong>Lưu ý:&nbsp;</strong><em>Giá&nbsp;hoa đã bao gồm chậu và trang&nbsp;trí,&nbsp;giao hoa miễn phí trong nội thành TP.HCM.&nbsp;</em></p>
","
<p>Chậu Lan Hồ Điệp 3&nbsp;cành tím và 2&nbsp;cành trắng.</p>
<p><strong><font color=""#008000"">TIÊU CHUẨN KỸ&nbsp;THUẬT:&nbsp;</font></strong></p>
<p><b>- Cành&nbsp;từ 6 bông + 3 nụ trở lên.</b></p>
<p><b>- Thân&nbsp;cao từ 60cm.</b></p>
<p><b>- Tuổi thọ&nbsp;khoảng 30 ngày</b></p>
","Hoa lan>Hoa lan hồ điệp","https://hoatuoi360.com/contents/images/Products/Phong%20lan%20-%20%C4%90%E1%BB%8Ba%20lan/Phong-Lan-OR-38.jpg","Lớn hơn (+30%)","Kích thước",1053000
"ikdo","#OR37","Lan Hồ Điệp OR 37","<p>LAN HỒ ĐIỆP được mệnh danh là “ Nữ hoàng của các loài hoa”,&nbsp;không chỉ có ý nghĩa là sự cao sang, quý phái mà còn là sứ giả truyền tải cảm xúc một cách nhẹ nhàng, hoa còn mang đến cho chúng ta vẻ đẹp tinh khiết của tự nhiên, nét quyến rũ cho không gian sống.</p>
<p>Ngày nay người ta chon LAN HỒ ĐIỆP để tặng nhau vào những dịp khai trương, sinh nhật, hay thăng quan tiến chức...&nbsp;Đặc&nbsp;biệt là dịp&nbsp;mừng xuân&nbsp;mới&nbsp;như một lời chúc tốt đẹp nhất !</p>
<p><strong>Ý nghĩa lan Hồ&nbsp;Điệp Trắng:&nbsp;</strong>là biểu tượng của sự ngây thơ, xinh đẹp và trang trọng. Bạn có thể dùng chậu hoa lan hồ điệp trắng làm món quà để tặng cho người thân yêu của mình trong những dịp đặc biệt.</p>
<p><strong>Lưu ý:&nbsp;</strong><em>Giá&nbsp;hoa đã bao gồm chậu và trang&nbsp;trí,&nbsp;giao hoa miễn phí trong nội thành TP.HCM.&nbsp;</em></p>
","
<p>Chậu Lan Hồ Điệp 7 cành trắng.</p>
<p><strong><font color=""#008000"">TIÊU CHUẨN KỸ&nbsp;THUẬT:&nbsp;</font></strong></p>
<p><b>- Cành&nbsp;từ 6 bông + 3 nụ trở lên.</b></p>
<p><b>- Thân&nbsp;cao từ 60cm.</b></p>
<p><b>- Tuổi thọ&nbsp;khoảng 30 ngày</b></p>
","Hoa lan>Hoa lan hồ điệp","https://hoatuoi360.com/contents/images/Products/Phong%20lan%20-%20%C4%90%E1%BB%8Ba%20lan/Phong-Lan-OR-38%20(2)(1).jpg","Bình thường","Kích thước",1890000
"ikdo","#OR37","Lan Hồ Điệp OR 37","<p>LAN HỒ ĐIỆP được mệnh danh là “ Nữ hoàng của các loài hoa”,&nbsp;không chỉ có ý nghĩa là sự cao sang, quý phái mà còn là sứ giả truyền tải cảm xúc một cách nhẹ nhàng, hoa còn mang đến cho chúng ta vẻ đẹp tinh khiết của tự nhiên, nét quyến rũ cho không gian sống.</p>
<p>Ngày nay người ta chon LAN HỒ ĐIỆP để tặng nhau vào những dịp khai trương, sinh nhật, hay thăng quan tiến chức...&nbsp;Đặc&nbsp;biệt là dịp&nbsp;mừng xuân&nbsp;mới&nbsp;như một lời chúc tốt đẹp nhất !</p>
<p><strong>Ý nghĩa lan Hồ&nbsp;Điệp Trắng:&nbsp;</strong>là biểu tượng của sự ngây thơ, xinh đẹp và trang trọng. Bạn có thể dùng chậu hoa lan hồ điệp trắng làm món quà để tặng cho người thân yêu của mình trong những dịp đặc biệt.</p>
<p><strong>Lưu ý:&nbsp;</strong><em>Giá&nbsp;hoa đã bao gồm chậu và trang&nbsp;trí,&nbsp;giao hoa miễn phí trong nội thành TP.HCM.&nbsp;</em></p>
","
<p>Chậu Lan Hồ Điệp 7 cành trắng.</p>
<p><strong><font color=""#008000"">TIÊU CHUẨN KỸ&nbsp;THUẬT:&nbsp;</font></strong></p>
<p><b>- Cành&nbsp;từ 6 bông + 3 nụ trở lên.</b></p>
<p><b>- Thân&nbsp;cao từ 60cm.</b></p>
<p><b>- Tuổi thọ&nbsp;khoảng 30 ngày</b></p>
","Hoa lan>Hoa lan hồ điệp","https://hoatuoi360.com/contents/images/Products/Phong%20lan%20-%20%C4%90%E1%BB%8Ba%20lan/Phong-Lan-OR-38%20(2)(1).jpg","Lớn hơn (+30%)","Kích thước",2457000
"k9qaw","#OR36","Lan Hồ Điệp OR 36","<p>Loại Phong Lan nhập khẩu chỉ có vào mùa tết thường có những màu sắc như: Trắng, Xanh Tím, Má Hồng. Phong Lan thường có vồi dài &gt; 1m, có tới 25 đến 30 hoa + nụ, tạo ấn tượng ban đầu khi tặng&nbsp;sếp, tặng cho bạn bè và chưng trong nhà. Đặc biệt loại hoa tôn vinh vẻ sang trọng, cao quý cho người nhận và người tặng tạo nên phong cách riêng cho chính bạn.</p>
","
<p>Chậu Phong Lan nhập khẩu 1 cành</p>
<p><strong><font color=""#008000"">TIÊU CHUẨN KỸ&nbsp;THUẬT:&nbsp;</font></strong></p>
<p><b>- Cành&nbsp;từ 25 đến 30 bông + nụ&nbsp;trở lên.</b></p>
<p><b>- Thân&nbsp;cao từ 60cm.</b></p>
<p><b>- Tuổi thọ&nbsp;khoảng 30 ngày.</b></p>
<p>&nbsp;</p>
","Hoa lan>Hoa lan hồ điệp","https://hoatuoi360.com/contents/images/Products/Phong%20lan%20-%20%C4%90%E1%BB%8Ba%20lan/Phong-Lan-OR-37(1).jpg","Bình thường","Kích thước",1000000
"k9qaw","#OR36","Lan Hồ Điệp OR 36","<p>Loại Phong Lan nhập khẩu chỉ có vào mùa tết thường có những màu sắc như: Trắng, Xanh Tím, Má Hồng. Phong Lan thường có vồi dài &gt; 1m, có tới 25 đến 30 hoa + nụ, tạo ấn tượng ban đầu khi tặng&nbsp;sếp, tặng cho bạn bè và chưng trong nhà. Đặc biệt loại hoa tôn vinh vẻ sang trọng, cao quý cho người nhận và người tặng tạo nên phong cách riêng cho chính bạn.</p>
","
<p>Chậu Phong Lan nhập khẩu 1 cành</p>
<p><strong><font color=""#008000"">TIÊU CHUẨN KỸ&nbsp;THUẬT:&nbsp;</font></strong></p>
<p><b>- Cành&nbsp;từ 25 đến 30 bông + nụ&nbsp;trở lên.</b></p>
<p><b>- Thân&nbsp;cao từ 60cm.</b></p>
<p><b>- Tuổi thọ&nbsp;khoảng 30 ngày.</b></p>
<p>&nbsp;</p>
","Hoa lan>Hoa lan hồ điệp","https://hoatuoi360.com/contents/images/Products/Phong%20lan%20-%20%C4%90%E1%BB%8Ba%20lan/Phong-Lan-OR-37(1).jpg","Lớn hơn (+30%)","Kích thước",1300000
"dc2e7","#OR35","Lan Hồ Điệp OR 35","<p>LAN HỒ ĐIỆP được mệnh danh là “ Nữ hoàng của các loài hoa”,&nbsp;không chỉ có ý nghĩa là sự cao sang, quý phái mà còn là sứ giả truyền tải cảm xúc một cách nhẹ nhàng, hoa còn mang đến cho chúng ta vẻ đẹp tinh khiết của tự nhiên, nét quyến rũ cho không gian sống.</p>
<p>Ngày nay người ta chon LAN HỒ ĐIỆP để tặng nhau vào những dịp khai trương, sinh nhật, hay thăng quan tiến chức...&nbsp;Đặc&nbsp;biệt là dịp&nbsp;mừng xuân&nbsp;mới&nbsp;như một lời chúc tốt đẹp nhất !</p>
<p><strong>Ý nghĩa lan Hồ&nbsp;Điệp Trắng:&nbsp;</strong>là biểu tượng của sự ngây thơ, xinh đẹp và trang trọng. Bạn có thể dùng chậu hoa lan hồ điệp trắng làm món quà để tặng cho người thân yêu của mình trong những dịp đặc biệt.</p>
<p><strong>Lưu ý:&nbsp;</strong><em>Giá&nbsp;hoa đã bao gồm chậu và trang&nbsp;trí,&nbsp;giao hoa miễn phí trong nội thành TP.HCM.&nbsp;</em></p>
","
<p>Chậu Lan Hồ Điệp 8 cành với màu lạ.</p>
<p><strong><font color=""#008000"">TIÊU CHUẨN KỸ&nbsp;THUẬT:&nbsp;</font></strong></p>
<p><b>- Cành&nbsp;từ 6 bông + 3 nụ trở lên.</b></p>
<p><b>- Thân&nbsp;cao từ 60cm.</b></p>
<p><b>- Tuổi thọ&nbsp;khoảng 30 ngày.</b></p>
<p>&nbsp;</p>
","Hoa lan>Hoa lan hồ điệp","https://hoatuoi360.com/contents/images/Products/Phong%20lan%20-%20%C4%90%E1%BB%8Ba%20lan/Phong-Lan-OR-36(1).jpg","Bình thường","Kích thước",2160000
"dc2e7","#OR35","Lan Hồ Điệp OR 35","<p>LAN HỒ ĐIỆP được mệnh danh là “ Nữ hoàng của các loài hoa”,&nbsp;không chỉ có ý nghĩa là sự cao sang, quý phái mà còn là sứ giả truyền tải cảm xúc một cách nhẹ nhàng, hoa còn mang đến cho chúng ta vẻ đẹp tinh khiết của tự nhiên, nét quyến rũ cho không gian sống.</p>
<p>Ngày nay người ta chon LAN HỒ ĐIỆP để tặng nhau vào những dịp khai trương, sinh nhật, hay thăng quan tiến chức...&nbsp;Đặc&nbsp;biệt là dịp&nbsp;mừng xuân&nbsp;mới&nbsp;như một lời chúc tốt đẹp nhất !</p>
<p><strong>Ý nghĩa lan Hồ&nbsp;Điệp Trắng:&nbsp;</strong>là biểu tượng của sự ngây thơ, xinh đẹp và trang trọng. Bạn có thể dùng chậu hoa lan hồ điệp trắng làm món quà để tặng cho người thân yêu của mình trong những dịp đặc biệt.</p>
<p><strong>Lưu ý:&nbsp;</strong><em>Giá&nbsp;hoa đã bao gồm chậu và trang&nbsp;trí,&nbsp;giao hoa miễn phí trong nội thành TP.HCM.&nbsp;</em></p>
","
<p>Chậu Lan Hồ Điệp 8 cành với màu lạ.</p>
<p><strong><font color=""#008000"">TIÊU CHUẨN KỸ&nbsp;THUẬT:&nbsp;</font></strong></p>
<p><b>- Cành&nbsp;từ 6 bông + 3 nụ trở lên.</b></p>
<p><b>- Thân&nbsp;cao từ 60cm.</b></p>
<p><b>- Tuổi thọ&nbsp;khoảng 30 ngày.</b></p>
<p>&nbsp;</p>
","Hoa lan>Hoa lan hồ điệp","https://hoatuoi360.com/contents/images/Products/Phong%20lan%20-%20%C4%90%E1%BB%8Ba%20lan/Phong-Lan-OR-36(1).jpg","Lớn hơn (+30%)","Kích thước",2808000
"91tmi","#OR34","Lan Hồ Điệp OR 34","<p>LAN HỒ ĐIỆP được mệnh danh là “ Nữ hoàng của các loài hoa”,&nbsp;không chỉ có ý nghĩa là sự cao sang, quý phái mà còn là sứ giả truyền tải cảm xúc một cách nhẹ nhàng, hoa còn mang đến cho chúng ta vẻ đẹp tinh khiết của tự nhiên, nét quyến rũ cho không gian sống.</p>
<p>Ngày nay người ta chon LAN HỒ ĐIỆP để tặng nhau vào những dịp khai trương, sinh nhật, hay thăng quan tiến chức...&nbsp;Đặc&nbsp;biệt là dịp&nbsp;mừng xuân&nbsp;mới&nbsp;như một lời chúc tốt đẹp nhất !</p>
<p><strong>Ý nghĩa lan Hồ&nbsp;Điệp Trắng:&nbsp;</strong>là biểu tượng của sự ngây thơ, xinh đẹp và trang trọng. Bạn có thể dùng chậu hoa lan hồ điệp trắng làm món quà để tặng cho người thân yêu của mình trong những dịp đặc biệt.</p>
<p><strong>Ý nghĩa lan Hồ&nbsp;Điệp Tím:&nbsp;</strong>tượng trưng cho niềm vui, hạnh phúc, và ngây thơ. Vì vậy một chậu lan hồ điệp tím&nbsp;là món quà có ý nghĩa cho ngày kỷ niệm, sự chung thủy hay lòng kính trọng với người thân hay đối tác…</p>
<p><strong>Lưu ý:&nbsp;</strong><em>Giá&nbsp;hoa đã bao gồm chậu và trang&nbsp;trí,&nbsp;giao hoa miễn phí trong nội thành TP.HCM.&nbsp;</em></p>
","
<p>Chậu Lan Hồ Điệp 3&nbsp;cành tím và 9&nbsp;cành trắng.</p>
<p><strong><font color=""#008000"">TIÊU CHUẨN KỸ&nbsp;THUẬT:&nbsp;</font></strong></p>
<p><b>- Cành&nbsp;từ 6 bông + 3 nụ trở lên.</b></p>
<p><b>- Thân&nbsp;cao từ 60cm.</b></p>
<p><b>- Tuổi thọ&nbsp;khoảng 30 ngày</b></p>
","Hoa lan>Hoa lan hồ điệp","https://hoatuoi360.com/contents/images/Products/Phong%20lan%20-%20%C4%90%E1%BB%8Ba%20lan/Phong-Lan-OR-34(1).jpg","Bình thường","Kích thước",3240000
"91tmi","#OR34","Lan Hồ Điệp OR 34","<p>LAN HỒ ĐIỆP được mệnh danh là “ Nữ hoàng của các loài hoa”,&nbsp;không chỉ có ý nghĩa là sự cao sang, quý phái mà còn là sứ giả truyền tải cảm xúc một cách nhẹ nhàng, hoa còn mang đến cho chúng ta vẻ đẹp tinh khiết của tự nhiên, nét quyến rũ cho không gian sống.</p>
<p>Ngày nay người ta chon LAN HỒ ĐIỆP để tặng nhau vào những dịp khai trương, sinh nhật, hay thăng quan tiến chức...&nbsp;Đặc&nbsp;biệt là dịp&nbsp;mừng xuân&nbsp;mới&nbsp;như một lời chúc tốt đẹp nhất !</p>
<p><strong>Ý nghĩa lan Hồ&nbsp;Điệp Trắng:&nbsp;</strong>là biểu tượng của sự ngây thơ, xinh đẹp và trang trọng. Bạn có thể dùng chậu hoa lan hồ điệp trắng làm món quà để tặng cho người thân yêu của mình trong những dịp đặc biệt.</p>
<p><strong>Ý nghĩa lan Hồ&nbsp;Điệp Tím:&nbsp;</strong>tượng trưng cho niềm vui, hạnh phúc, và ngây thơ. Vì vậy một chậu lan hồ điệp tím&nbsp;là món quà có ý nghĩa cho ngày kỷ niệm, sự chung thủy hay lòng kính trọng với người thân hay đối tác…</p>
<p><strong>Lưu ý:&nbsp;</strong><em>Giá&nbsp;hoa đã bao gồm chậu và trang&nbsp;trí,&nbsp;giao hoa miễn phí trong nội thành TP.HCM.&nbsp;</em></p>
","
<p>Chậu Lan Hồ Điệp 3&nbsp;cành tím và 9&nbsp;cành trắng.</p>
<p><strong><font color=""#008000"">TIÊU CHUẨN KỸ&nbsp;THUẬT:&nbsp;</font></strong></p>
<p><b>- Cành&nbsp;từ 6 bông + 3 nụ trở lên.</b></p>
<p><b>- Thân&nbsp;cao từ 60cm.</b></p>
<p><b>- Tuổi thọ&nbsp;khoảng 30 ngày</b></p>
","Hoa lan>Hoa lan hồ điệp","https://hoatuoi360.com/contents/images/Products/Phong%20lan%20-%20%C4%90%E1%BB%8Ba%20lan/Phong-Lan-OR-34(1).jpg","Lớn hơn (+30%)","Kích thước",4212000
"j2hpl","#OR032","Lan Hồ Điệp OR 032","<p>LAN HỒ ĐIỆP được mệnh danh là “ Nữ hoàng của các loài hoa”,&nbsp;không chỉ có ý nghĩa là sự cao sang, quý phái mà còn là sứ giả truyền tải cảm xúc một cách nhẹ nhàng, hoa còn mang đến cho chúng ta vẻ đẹp tinh khiết của tự nhiên, nét quyến rũ cho không gian sống.</p>
<p>Ngày nay người ta chon LAN HỒ ĐIỆP để tặng nhau vào những dịp khai trương, sinh nhật, hay thăng quan tiến chức...&nbsp;Đặc&nbsp;biệt là dịp&nbsp;mừng xuân&nbsp;mới&nbsp;như một lời chúc tốt đẹp nhất !</p>
<p><strong>Ý nghĩa lan Hồ&nbsp;Điệp Trắng:&nbsp;</strong>là biểu tượng của sự ngây thơ, xinh đẹp và trang trọng. Bạn có thể dùng chậu hoa lan hồ điệp trắng làm món quà để tặng cho người thân yêu của mình trong những dịp đặc biệt.</p>
<p><strong>Lưu ý:&nbsp;</strong><em>Giá&nbsp;hoa đã bao gồm chậu và trang&nbsp;trí,&nbsp;giao hoa miễn phí trong nội thành TP.HCM.&nbsp;</em></p>
","
<p>Chậu Hồ Điệp 3 cành trắng.</p>
<p><strong><font color=""#008000"">TIÊU CHUẨN KỸ&nbsp;THUẬT:&nbsp;</font></strong></p>
<p><b>- Cành&nbsp;từ 6 bông + 3 nụ trở lên.</b></p>
<p><b>- Thân&nbsp;cao từ 60cm.</b></p>
<p><b>- Tuổi thọ&nbsp;khoảng 30 ngày.</b></p>
","Hoa lan>Hoa lan hồ điệp","https://hoatuoi360.com/contents/images/Products/Phong%20lan%20-%20%C4%90%E1%BB%8Ba%20lan/Phong-Lan-OR-32(1).jpg","Bình thường","Kích thước",810000
"j2hpl","#OR032","Lan Hồ Điệp OR 032","<p>LAN HỒ ĐIỆP được mệnh danh là “ Nữ hoàng của các loài hoa”,&nbsp;không chỉ có ý nghĩa là sự cao sang, quý phái mà còn là sứ giả truyền tải cảm xúc một cách nhẹ nhàng, hoa còn mang đến cho chúng ta vẻ đẹp tinh khiết của tự nhiên, nét quyến rũ cho không gian sống.</p>
<p>Ngày nay người ta chon LAN HỒ ĐIỆP để tặng nhau vào những dịp khai trương, sinh nhật, hay thăng quan tiến chức...&nbsp;Đặc&nbsp;biệt là dịp&nbsp;mừng xuân&nbsp;mới&nbsp;như một lời chúc tốt đẹp nhất !</p>
<p><strong>Ý nghĩa lan Hồ&nbsp;Điệp Trắng:&nbsp;</strong>là biểu tượng của sự ngây thơ, xinh đẹp và trang trọng. Bạn có thể dùng chậu hoa lan hồ điệp trắng làm món quà để tặng cho người thân yêu của mình trong những dịp đặc biệt.</p>
<p><strong>Lưu ý:&nbsp;</strong><em>Giá&nbsp;hoa đã bao gồm chậu và trang&nbsp;trí,&nbsp;giao hoa miễn phí trong nội thành TP.HCM.&nbsp;</em></p>
","
<p>Chậu Hồ Điệp 3 cành trắng.</p>
<p><strong><font color=""#008000"">TIÊU CHUẨN KỸ&nbsp;THUẬT:&nbsp;</font></strong></p>
<p><b>- Cành&nbsp;từ 6 bông + 3 nụ trở lên.</b></p>
<p><b>- Thân&nbsp;cao từ 60cm.</b></p>
<p><b>- Tuổi thọ&nbsp;khoảng 30 ngày.</b></p>
","Hoa lan>Hoa lan hồ điệp","https://hoatuoi360.com/contents/images/Products/Phong%20lan%20-%20%C4%90%E1%BB%8Ba%20lan/Phong-Lan-OR-32(1).jpg","Lớn hơn (+30%)","Kích thước",1053000
"eluga","#OR031","Lan Hồ Điệp OR 031","<p>LAN HỒ ĐIỆP được mệnh danh là “ Nữ hoàng của các loài hoa”,&nbsp;không chỉ có ý nghĩa là sự cao sang, quý phái mà còn là sứ giả truyền tải cảm xúc một cách nhẹ nhàng, hoa còn mang đến cho chúng ta vẻ đẹp tinh khiết của tự nhiên, nét quyến rũ cho không gian sống.</p>
<p>Ngày nay người ta chon LAN HỒ ĐIỆP để tặng nhau vào những dịp khai trương, sinh nhật, hay thăng quan tiến chức...&nbsp;Đặc&nbsp;biệt là dịp&nbsp;mừng xuân&nbsp;mới&nbsp;như một lời chúc tốt đẹp nhất !</p>
<p><strong>Ý nghĩa lan Hồ&nbsp;Điệp Trắng:&nbsp;</strong>là biểu tượng của sự ngây thơ, xinh đẹp và trang trọng. Bạn có thể dùng chậu hoa lan hồ điệp trắng làm món quà để tặng cho người thân yêu của mình trong những dịp đặc biệt.</p>
<p><strong>Ý nghĩa lan Hồ&nbsp;Điệp Tím:&nbsp;</strong>tượng trưng cho niềm vui, hạnh phúc, và ngây thơ. Vì vậy một chậu lan hồ điệp tím&nbsp;là món quà có ý nghĩa cho ngày kỷ niệm, sự chung thủy hay lòng kính trọng với người thân hay đối tác…</p>
<p><strong>Lưu ý:&nbsp;</strong><em>Giá&nbsp;hoa đã bao gồm chậu và trang&nbsp;trí,&nbsp;giao hoa miễn phí trong nội thành TP.HCM.&nbsp;</em></p>
","
<p>Chậu Lan Hồ Điệp 1&nbsp;cành tím và 1&nbsp;cành trắng.</p>
<p><strong><font color=""#008000"">TIÊU CHUẨN KỸ&nbsp;THUẬT:&nbsp;</font></strong></p>
<p><b>- Cành&nbsp;từ 6 bông + 3 nụ trở lên.</b></p>
<p><b>- Thân&nbsp;cao từ 60cm.</b></p>
<p><b>- Tuổi thọ&nbsp;khoảng 30 ngày.</b></p>
","Hoa lan>Hoa lan hồ điệp","https://hoatuoi360.com/contents/images/Products/Phong%20lan%20-%20%C4%90%E1%BB%8Ba%20lan/Phong-Lan-OR-31.jpg","Bình thường","Kích thước",540000
"eluga","#OR031","Lan Hồ Điệp OR 031","<p>LAN HỒ ĐIỆP được mệnh danh là “ Nữ hoàng của các loài hoa”,&nbsp;không chỉ có ý nghĩa là sự cao sang, quý phái mà còn là sứ giả truyền tải cảm xúc một cách nhẹ nhàng, hoa còn mang đến cho chúng ta vẻ đẹp tinh khiết của tự nhiên, nét quyến rũ cho không gian sống.</p>
<p>Ngày nay người ta chon LAN HỒ ĐIỆP để tặng nhau vào những dịp khai trương, sinh nhật, hay thăng quan tiến chức...&nbsp;Đặc&nbsp;biệt là dịp&nbsp;mừng xuân&nbsp;mới&nbsp;như một lời chúc tốt đẹp nhất !</p>
<p><strong>Ý nghĩa lan Hồ&nbsp;Điệp Trắng:&nbsp;</strong>là biểu tượng của sự ngây thơ, xinh đẹp và trang trọng. Bạn có thể dùng chậu hoa lan hồ điệp trắng làm món quà để tặng cho người thân yêu của mình trong những dịp đặc biệt.</p>
<p><strong>Ý nghĩa lan Hồ&nbsp;Điệp Tím:&nbsp;</strong>tượng trưng cho niềm vui, hạnh phúc, và ngây thơ. Vì vậy một chậu lan hồ điệp tím&nbsp;là món quà có ý nghĩa cho ngày kỷ niệm, sự chung thủy hay lòng kính trọng với người thân hay đối tác…</p>
<p><strong>Lưu ý:&nbsp;</strong><em>Giá&nbsp;hoa đã bao gồm chậu và trang&nbsp;trí,&nbsp;giao hoa miễn phí trong nội thành TP.HCM.&nbsp;</em></p>
","
<p>Chậu Lan Hồ Điệp 1&nbsp;cành tím và 1&nbsp;cành trắng.</p>
<p><strong><font color=""#008000"">TIÊU CHUẨN KỸ&nbsp;THUẬT:&nbsp;</font></strong></p>
<p><b>- Cành&nbsp;từ 6 bông + 3 nụ trở lên.</b></p>
<p><b>- Thân&nbsp;cao từ 60cm.</b></p>
<p><b>- Tuổi thọ&nbsp;khoảng 30 ngày.</b></p>
","Hoa lan>Hoa lan hồ điệp","https://hoatuoi360.com/contents/images/Products/Phong%20lan%20-%20%C4%90%E1%BB%8Ba%20lan/Phong-Lan-OR-31.jpg","Lớn hơn (+30%)","Kích thước",702000
"eo1oq","#OR030","Lan Hồ Điệp OR 030","<p>LAN HỒ ĐIỆP được mệnh danh là “ Nữ hoàng của các loài hoa”,&nbsp;không chỉ có ý nghĩa là sự cao sang, quý phái mà còn là sứ giả truyền tải cảm xúc một cách nhẹ nhàng, hoa còn mang đến cho chúng ta vẻ đẹp tinh khiết của tự nhiên, nét quyến rũ cho không gian sống.</p>
<p>Ngày nay người ta chon LAN HỒ ĐIỆP để tặng nhau vào những dịp khai trương, sinh nhật, hay thăng quan tiến chức...&nbsp;Đặc&nbsp;biệt là dịp&nbsp;mừng xuân<strong>&nbsp;</strong>mới<strong>&nbsp;</strong>như một lời chúc tốt đẹp nhất !</p>
<p><strong>Ý nghĩa lan Hồ&nbsp;Điệp Trắng:&nbsp;</strong>là biểu tượng của sự ngây thơ, xinh đẹp và trang trọng. Bạn có thể dùng chậu hoa lan hồ điệp trắng làm món quà để tặng cho người thân yêu của mình trong những dịp đặc biệt.</p>
<p><strong>Lưu ý:&nbsp;</strong><em>Giá&nbsp;hoa đã bao gồm chậu và trang&nbsp;trí,&nbsp;giao hoa miễn phí trong nội thành TP.HCM.&nbsp;</em></p>
","
<p>Chậu Lan Hồ Điệp 5 cành trắng.</p>
<p><strong><font color=""#008000"">TIÊU CHUẨN KỸ&nbsp;THUẬT:&nbsp;</font></strong></p>
<p><b>- Cành&nbsp;từ 6 bông + 3 nụ trở lên.</b></p>
<p><b>- Thân&nbsp;cao từ 60cm.</b></p>
<p><b>- Tuổi thọ&nbsp;khoảng 30 ngày</b></p>
","Hoa lan>Hoa lan hồ điệp","https://hoatuoi360.com/contents/images/Products/Phong%20lan%20-%20%C4%90%E1%BB%8Ba%20lan/Phong-Lan-OR-30.jpg","Bình thường","Kích thước",1350000
"eo1oq","#OR030","Lan Hồ Điệp OR 030","<p>LAN HỒ ĐIỆP được mệnh danh là “ Nữ hoàng của các loài hoa”,&nbsp;không chỉ có ý nghĩa là sự cao sang, quý phái mà còn là sứ giả truyền tải cảm xúc một cách nhẹ nhàng, hoa còn mang đến cho chúng ta vẻ đẹp tinh khiết của tự nhiên, nét quyến rũ cho không gian sống.</p>
<p>Ngày nay người ta chon LAN HỒ ĐIỆP để tặng nhau vào những dịp khai trương, sinh nhật, hay thăng quan tiến chức...&nbsp;Đặc&nbsp;biệt là dịp&nbsp;mừng xuân<strong>&nbsp;</strong>mới<strong>&nbsp;</strong>như một lời chúc tốt đẹp nhất !</p>
<p><strong>Ý nghĩa lan Hồ&nbsp;Điệp Trắng:&nbsp;</strong>là biểu tượng của sự ngây thơ, xinh đẹp và trang trọng. Bạn có thể dùng chậu hoa lan hồ điệp trắng làm món quà để tặng cho người thân yêu của mình trong những dịp đặc biệt.</p>
<p><strong>Lưu ý:&nbsp;</strong><em>Giá&nbsp;hoa đã bao gồm chậu và trang&nbsp;trí,&nbsp;giao hoa miễn phí trong nội thành TP.HCM.&nbsp;</em></p>
","
<p>Chậu Lan Hồ Điệp 5 cành trắng.</p>
<p><strong><font color=""#008000"">TIÊU CHUẨN KỸ&nbsp;THUẬT:&nbsp;</font></strong></p>
<p><b>- Cành&nbsp;từ 6 bông + 3 nụ trở lên.</b></p>
<p><b>- Thân&nbsp;cao từ 60cm.</b></p>
<p><b>- Tuổi thọ&nbsp;khoảng 30 ngày</b></p>
","Hoa lan>Hoa lan hồ điệp","https://hoatuoi360.com/contents/images/Products/Phong%20lan%20-%20%C4%90%E1%BB%8Ba%20lan/Phong-Lan-OR-30.jpg","Lớn hơn (+30%)","Kích thước",1755000
"lg84","#OR29","Lan Hồ Điệp OR 29","<p>LAN HỒ ĐIỆP được mệnh danh là “ Nữ hoàng của các loài hoa”,&nbsp;không chỉ có ý nghĩa là sự cao sang, quý phái mà còn là sứ giả truyền tải cảm xúc một cách nhẹ nhàng, hoa còn mang đến cho chúng ta vẻ đẹp tinh khiết của tự nhiên, nét quyến rũ cho không gian sống.</p>
<p>Ngày nay người ta chon LAN HỒ ĐIỆP để tặng nhau vào những dịp khai trương, sinh nhật, hay thăng quan tiến chức...&nbsp;Đặc&nbsp;biệt là dịp&nbsp;mừng xuân&nbsp;mới&nbsp;như một lời chúc tốt đẹp nhất !</p>
<p><strong>Ý nghĩa lan Hồ&nbsp;Điệp Trắng:&nbsp;</strong>là biểu tượng của sự ngây thơ, xinh đẹp và trang trọng. Bạn có thể dùng chậu hoa lan hồ điệp trắng làm món quà để tặng cho người thân yêu của mình trong những dịp đặc biệt.</p>
<p><strong>Ý nghĩa lan Hồ&nbsp;Điệp Tím:&nbsp;</strong>tượng trưng cho niềm vui, hạnh phúc, và ngây thơ. Vì vậy một chậu lan hồ điệp tím&nbsp;là món quà có ý nghĩa cho ngày kỷ niệm, sự chung thủy hay lòng kính trọng với người thân hay đối tác…</p>
<p><strong>Lưu ý:&nbsp;</strong><em>Giá&nbsp;hoa đã bao gồm chậu và trang&nbsp;trí,&nbsp;giao hoa miễn phí trong nội thành TP.HCM.&nbsp;</em></p>
","
<p>Chậu Lan Hồ Điệp 3 cành tím và 2 cành trắng.</p>
<p><strong><font color=""#008000"">TIÊU CHUẨN KỸ&nbsp;THUẬT:&nbsp;</font></strong></p>
<p><b>- Cành&nbsp;từ 6 bông + 3 nụ trở lên.</b></p>
<p><b>- Thân&nbsp;cao từ 60cm.</b></p>
<p><b>- Tuổi thọ&nbsp;khoảng 30 ngày</b></p>
","Hoa lan>Hoa lan hồ điệp","https://hoatuoi360.com/contents/images/Products/Phong%20lan%20-%20%C4%90%E1%BB%8Ba%20lan/Phong-Lan-OR-29.jpg","Bình thường","Kích thước",810000
"lg84","#OR29","Lan Hồ Điệp OR 29","<p>LAN HỒ ĐIỆP được mệnh danh là “ Nữ hoàng của các loài hoa”,&nbsp;không chỉ có ý nghĩa là sự cao sang, quý phái mà còn là sứ giả truyền tải cảm xúc một cách nhẹ nhàng, hoa còn mang đến cho chúng ta vẻ đẹp tinh khiết của tự nhiên, nét quyến rũ cho không gian sống.</p>
<p>Ngày nay người ta chon LAN HỒ ĐIỆP để tặng nhau vào những dịp khai trương, sinh nhật, hay thăng quan tiến chức...&nbsp;Đặc&nbsp;biệt là dịp&nbsp;mừng xuân&nbsp;mới&nbsp;như một lời chúc tốt đẹp nhất !</p>
<p><strong>Ý nghĩa lan Hồ&nbsp;Điệp Trắng:&nbsp;</strong>là biểu tượng của sự ngây thơ, xinh đẹp và trang trọng. Bạn có thể dùng chậu hoa lan hồ điệp trắng làm món quà để tặng cho người thân yêu của mình trong những dịp đặc biệt.</p>
<p><strong>Ý nghĩa lan Hồ&nbsp;Điệp Tím:&nbsp;</strong>tượng trưng cho niềm vui, hạnh phúc, và ngây thơ. Vì vậy một chậu lan hồ điệp tím&nbsp;là món quà có ý nghĩa cho ngày kỷ niệm, sự chung thủy hay lòng kính trọng với người thân hay đối tác…</p>
<p><strong>Lưu ý:&nbsp;</strong><em>Giá&nbsp;hoa đã bao gồm chậu và trang&nbsp;trí,&nbsp;giao hoa miễn phí trong nội thành TP.HCM.&nbsp;</em></p>
","
<p>Chậu Lan Hồ Điệp 3 cành tím và 2 cành trắng.</p>
<p><strong><font color=""#008000"">TIÊU CHUẨN KỸ&nbsp;THUẬT:&nbsp;</font></strong></p>
<p><b>- Cành&nbsp;từ 6 bông + 3 nụ trở lên.</b></p>
<p><b>- Thân&nbsp;cao từ 60cm.</b></p>
<p><b>- Tuổi thọ&nbsp;khoảng 30 ngày</b></p>
","Hoa lan>Hoa lan hồ điệp","https://hoatuoi360.com/contents/images/Products/Phong%20lan%20-%20%C4%90%E1%BB%8Ba%20lan/Phong-Lan-OR-29.jpg","Lớn hơn (+30%)","Kích thước",1053000
"mlk6s","#OR27","Phong lan OR 27",,"
","Hoa lan>Hoa lan hồ điệp","https://hoatuoi360.com/contents/images/Products/Phong%20lan%20-%20%C4%90%E1%BB%8Ba%20lan/Phong-Lan-OR-27.jpg","Bình thường","Kích thước",600000
"mlk6s","#OR27","Phong lan OR 27",,"
","Hoa lan>Hoa lan hồ điệp","https://hoatuoi360.com/contents/images/Products/Phong%20lan%20-%20%C4%90%E1%BB%8Ba%20lan/Phong-Lan-OR-27.jpg","Lớn hơn (+30%)","Kích thước",780000